province,name,address,phone,rating,reviews,open_state,place_id
Bangkok,ร้านศรัณย์เซ็นเตอร์แอร์ ซอยอารีย์,"3, 9 Soi Phahon Yothin 2, Samsen Nai, Phaya Thai, Bangkok 10400, Thailand",+66 81 658 1456,4.7,30,Open · Closes 5:30 PM,ChIJFWcTjKae4jARrWpEJV9-lOs
Bangkok,ล้างแอร์ใกล้ฉัน power cool,"202, 230 รามคำแหง 68, Hua Mak, Bang Kapi, Bangkok 10240, Thailand",+66 90 235 3978,4.8,69,Open · Closes 7 PM,ChIJ2YNQsaFhHTER5YMGBRTm-m4
Bangkok,นพดล รุ่งเจริญชัยโชล่าเชลล์แอร์ เซอร์วิส กรุงเทพมหานคร@เพชรบูรณ์,"316 Thanon Prahca Rat Sai 1 Soi 36, Bang Sue, Bangkok 10800, Thailand",+66 95 898 5968,4.8,193,Open 24 hours,ChIJb_4JY4-b4jARg78_CBzEl8Q
Bangkok,Air Bangkok Engineering,"203 / 2-3 ซอยจอมสมบูรณ์ (ตรอก, Soi Song Phra, Maha Phruttharam, Bang Rak, Bangkok 10500, Thailand",+66 2 235 3535,5,122,Open · Closes 5 PM,ChIJT7FCbdaY4jARfTlmTAGi0-4
Bangkok,ฐาปนีย์ แอร์ เซอร์วิส,"822 Soi Charan Sanitwong 12, Wat Tha Phra, Bangkok Yai, Bangkok 10600, Thailand",+66 2 411 0889,4.8,128,Open · Closes 5 PM,ChIJhSn0nK2Z4jARSfR8RJ9g39s
Bangkok,บริษัท รุ่งเรืองแอร์ จำกัด,"คลังสินค้า) 20 Satri Witthaya 2 Soi 12, Khwaeng Lat Phrao, Lat Phrao, Bangkok 10230, Thailand",+66 2 538 4312,4.7,10,Open · Closes 5 PM,ChIJcW3cHo6d4jAREQsx8iqpBR0
Bangkok,C.V. AIR / บจก. ซี.วี. เอ็นจิเนียริ่ง แอนด์ คูลลิ่ง เซอร์วิส,"305 Phanitchayakanthonburi Rd, Khwaeng Wat Tha Phra, Khet Bangkok Yai, Bangkok 10600, Thailand",+66 82 457 5521,4.6,10,Open · Closes 6 PM,ChIJl6bfzsGZ4jARHIF6DOPMmKQ
Bangkok,ร้านอะไหล่แอร์บ้าน ติดตั้งแอร์ ขายแอร์มือหนึ่ง ล้างแอร์ ซ่อมแอร์ by YOK AIR,"15 Phet Kasem 48 Alley, Lane 24, Bang Waek, Phasi Charoen, Bangkok 10160, Thailand",+66 85 502 2778,4.8,44,Open · Closes 8:30 PM,ChIJe_FLL_uX4jARKuQmSlpwmGA
Bangkok,ร้านแอร์บ้าน​เครื่องปรับอากาศ​,"บางจาก, ซอย พงษ์เวชอนุสรณ์, Phra Khanong Tai, Khet Phra Khanong, Bangkok 10260, Thailand",+66 82 378 7422,4.8,23,Open · Closes 7 PM,ChIJVyvKeUWf4jARaHs9tYoJCDg
Bangkok,ร้าน99แอร์บ้านราคาถูก รับติดแอร์ ล้างแอร์,"69 20, Maha Sawat, Bang Kruai District, Nonthaburi 11130, Thailand",+66 87 076 0937,4.8,10,Open · Closes 5 PM,ChIJ-8Lq2Nib4jAR1JwdStp8qcY
Bangkok,สวนหลวงแอร์แอนด์เซอร์วิส แอร์บ้านราคาถูก,"77 ซอย เฉลิมพระเกียรติ ร. 9, Nong Bon, Prawet, Bangkok 10250, Thailand",+66 92 747 0011,4.4,85,Open · Closes 5 PM,ChIJa1wQqtBfHTERpCvAn3_lu-g
Bangkok,ร้านโชคชัยแอร์บ้าน,"679/3 Soi Lat Phrao 48, Samsen Nok, Huai Khwang, Bangkok 10310, Thailand",+66 87 676 7986,4.9,44,Open · Closes 5 PM,ChIJqUNyQ8-d4jARbD5RVoP5k_o
Bangkok,บริษัท เอพีแอล แอร์ เซอร์วิส แอนด์ คอนสทรัคชั่น จำกัด,"Ratchadaphisek Rd, Din Daeng, Bangkok 10900, Thailand",+66 94 392 2399,4.7,43,Open · Closes 6 PM,ChIJ9zPetcmf4jARzHNRxXzT9ho
Bangkok,"Taksin Air & Parts Co.,Ltd.","268, 270,272 Somdet Phra Chao Tak Sin Rd, Bang Yi Ruea, Thon Buri, Bangkok 10600, Thailand",+66 2 472 1136,4.9,15,Open · Closes 5:30 PM,ChIJm2B8L4mZ4jARlmTg6kfcLg8
Bangkok,อุดมสุขแอร์ซัพพลาย (อุดมสุขอะไหล่แอร์),"673 ซอย 41, Sukhumvit 103 Rd, Bang Chak, Phra Khanong, Bangkok 10260, Thailand",+66 2 746 6411,4.4,118,Open · Closes 5 PM,ChIJH0vOUvtfHTERL_onbw2aRoo
Bangkok,บริษัท บี.พี.แอร์เซ็นเตอร์ จำกัด,"99 ซอย สุขุมวิท 103 (อุดมสุข 42), สุขุมวิท, Bang Na Nuea, Bang Na, Bangkok 10260, Thailand",+66 2 399 1628,4.7,12,Open · Closes 5:30 PM,ChIJQc6uNPtfHTERcDA9rCnXCoY
Bangkok,ล้างแอร์ ซ่อมแอร์ ติดตั้งแอร์ ขายแอร์ มือ1ราคาส่ง ประสบการนาน 10ปี โทรมาด่วน ได้คิว รอไม่นาน คัพ,"321 Sukhumvit 103 Rd, Bang Na Nuea, Bang Na, Bangkok 10260, Thailand",+66 85 043 9637,4.8,355,Open · Closes 8 PM,ChIJKS2STmNfHTERj9hh-XpbsxI
Bangkok,ล้างแอร์มหานาค ป้อมปราบศัตรูพ่าย,"96 คลองมหานาค, Pom Prap Sattru Phai, 10100, Thailand",+66 89 145 3455,5,38,Open · Closes 5 PM,ChIJnQVCpweZ4jAROGVM7Ow4yFs
Bangkok,ล้างแอร์ by C A P,"1178, 113 ซอย พหลโยธิน 32, Khwaeng Sena Nikhom, Khet Chatuchak, Bangkok 10900, Thailand",+66 94 951 6543,4.9,68,Open · Closes 5 PM,ChIJ3WPD_dVt1k0R3Icfzhkjb1w
Bangkok,ดีพร้อมแอร์ แอร์บ้านราคาถูก,"99 Borommaratchachonnani Rd, Sala Thammasop, Thawi Watthana, Bangkok 10170, Thailand",+66 90 005 0050,4.8,134,Open · Closes 5:30 PM,ChIJ4cffysqW4jAR_8iiYsYQTDg
Samut Prakan,แสงอรุณแอร์,"286, 2-3 Thai Ban, Tambon Pak Nam, Mueang Samut Prakan District, Samut Prakan 10270, Thailand",+66 84 010 8899,5,56,Open · Closes 6 PM,ChIJ2RI2bDan4jARVjjo3F3NDTg
Samut Prakan,รักช่าง ล้างแอร์ แพรกษา สมุทรปราการ Rak-Chang Air Services Preaksa Samutprakarn,"187/7 หมู่บ้านพฤกษา 136 ซ.แพหมอพัฒนา ต.แพรกษา, Thepharak, Muang, Samut Prakan 10280, Thailand",+66 2 096 6220,4.9,433,Open · Closes 8 PM,ChIJQ0MyQlNZHTEREZjXNjy116g
Samut Prakan,อนุวัฒน์ แอร์ เซอร์วิส,"318 เอื้ออาทร, Nai Khlong Bang Pla Kot, Phra Samut Chedi District, Samut Prakan 10290, Thailand",+66 98 253 8323,4.9,35,Open 24 hours,ChIJnUjdEQCn4jARNHjj41uBt5o
Samut Prakan,ร้านแอร์ เอส.พี.คูลลิ่งแอร์,"88 Ramkhamhaeng 2 Soi 23 Yaek 4, Dok Mai, Prawet, Bangkok 10260, Thailand",+66 86 500 2697,5,15,Open · Closes 6 PM,ChIJxf___49gHTERAQxOoisbwqQ
Samut Prakan,สวนหลวงแอร์แอนด์เซอร์วิส แอร์บ้านราคาถูก,"77 ซอย เฉลิมพระเกียรติ ร. 9, Nong Bon, Prawet, Bangkok 10250, Thailand",+66 92 747 0011,4.4,85,Open · Closes 5 PM,ChIJa1wQqtBfHTERpCvAn3_lu-g
Samut Prakan,อุดมสุขแอร์ซัพพลาย (อุดมสุขอะไหล่แอร์),"673 ซอย 41, Sukhumvit 103 Rd, Bang Chak, Phra Khanong, Bangkok 10260, Thailand",+66 2 746 6411,4.4,118,Open · Closes 5 PM,ChIJH0vOUvtfHTERL_onbw2aRoo
Samut Prakan,บริษัท โปรแอร์พัฒนา จำกัด,"419, 5-6 หมู่ที่ 5 Srinagarindra Rd, Samrong Nuea, Mueang Samut Prakan District, Samut Prakan 10270, Thailand",+66 2 748 6452,4.7,44,Open · Closes 5:30 PM,ChIJ2_pY8jag4jARmG-82NxCxCk
Samut Prakan,บริษัท มิสเตอร์แอร์ทิพวัล จำกัด,"หมู่ที่ 5, 420/30-31, Thepharak Rd, Mueang Samut Prakan District, Samut Prakan 10270, Thailand",+66 2 380 5032,4.8,44,Open · Closes 5 PM,ChIJZ00iLY-g4jARRPvQkQhquWU
Samut Prakan,บริษัท บี.พี.แอร์เซ็นเตอร์ จำกัด,"99 ซอย สุขุมวิท 103 (อุดมสุข 42), สุขุมวิท, Bang Na Nuea, Bang Na, Bangkok 10260, Thailand",+66 2 399 1628,4.7,12,Open · Closes 5:30 PM,ChIJQc6uNPtfHTERcDA9rCnXCoY
Samut Prakan,บจก. สหชัยแอร์ปากน้ำ,"10/1-2, ซอยบุญศิริ ถนนสุขุมวิท, ตำบลบางเมือง อำเภอเมือง, Samut Prakan 10270, Thailand",+66 83 437 1213,4.4,40,Open · Closes 5 PM,ChIJ1bUpbL2g4jARqz42VXMELG8
Samut Prakan,พรศิริแอร์บ้าน ขายถูก,"998, 19 หมู่ที่ 6 Thanon Phraeksa, Phraeksa, Mueang Samut Prakan District, Samut Prakan 10280, Thailand",+66 61 986 2046,5,108,Open · Closes 10 PM,ChIJFSoh8JdZHTERJ_NIKO-bMNk
Samut Prakan,ล้างแอร์ ทุ่งครุ,"452/4 Soi Mu Ban P.k. Garden, Na Klua, Phra Samut Chedi District, Samut Prakan 10290, Thailand",+66 62 080 5212,4.3,28,Open · Closes 5 PM,ChIJxwRBGoml4jARY_4Nsnylqrw
Samut Prakan,หจก.โชคชัย แอร์ แอนด์ เซอร์วิช,"246, 37 Phuchao Saming Phray, Tambon Samrong Klang, Phra Pradaeng District, Samut Prakan 10130, Thailand",+66 96 217 1566,4.5,33,Open · Closes 6 PM,ChIJF2y7C1mg4jARLcky4vrPdo0
Samut Prakan,บีเคซี ครุใน แอร์บ้าน อะไหล่แอร์ เครื่องมือช่าง ติดตั้งแอร์ ล้างแอร์,"78, 19 Khru Nai Rd, Thung Khru, Bangkok 10140, Thailand",+66 2 095 2168,4.7,27,Open · Closes 6 PM,ChIJSbrFoTij4jARALuiaHr-hqA
Samut Prakan,เอื้อการย์ แอร์,"JG47+3HX เอื้อการย์แอร์, Pracha Uthit Rd, Thung Khru, Bangkok 10140, Thailand",+66 87 075 6021,5,13,Open · Closes 6 PM,ChIJdR7SnPKj4jARlf5e9HugQ0k
Samut Prakan,ห้างหุ้นส่วนจำกัดเบสท์ แอร์คูลลิ่ง,"922/6-7 หมู่5, ซอยแบริ่ง ถนนสุขุมวิท107, แขวงสำโรงเหนือ Mueang Samut Prakan District, Samut Prakan 10270, Thailand",+66 63 639 3516,4.4,14,Open · Closes 5 PM,ChIJDdt_7mug4jARy79F9cBhFzY
Samut Prakan,อินแอร์คูล-บริการล้างแอร์ ซ่อมแอร์ ติดตั้งแอร์บ้าน สำนักงาน คอนโด,"ปาก Dansamrong 53 Alley, Samrong Nuea, เมือง, Samut Prakan 10270, Thailand",+66 61 773 5479,4.6,7,Open · Closes 7 PM,ChIJhfjJPRWh4jARoaZug_fOdUg
Samut Prakan,หจก. บุตราศรีแอร์บ้าน แอนด์ เซอร์วิส,"998, 19 Thanon Phraeksa, Phraeksa, Mueang Samut Prakan District, Samut Prakan 10280, Thailand",+66 92 585 8734,5,21,Open · Closes 9 PM,ChIJ0_oZt_NZHTEREU1R8uXVgyY
Samut Prakan,แอร์บ้านศรีนครินทร์ (บางนา บางพลี สมุทรปราการ),"Bang Kaeo, Bang Phli District, Samut Prakan 10540, Thailand",+66 62 165 1653,4.2,10,Open · Closes 7 PM,ChIJE4wlqgdfHTERqRHaZl172hc
Samut Prakan,ล้างแอร์รถยนต์ 399 สาขาแพรกษา,"699, Tambon Phraeksa Mai, Mueang Samut Prakan District, Samut Prakan 10280, Thailand",+66 98 918 5015,5,396,Open · Closes 6 PM,ChIJrYefnl5ZHTERGK7B6JB9WV8
Nonthaburi,ร้านศรัณย์เซ็นเตอร์แอร์ ซอยอารีย์,"3, 9 Soi Phahon Yothin 2, Samsen Nai, Phaya Thai, Bangkok 10400, Thailand",+66 81 658 1456,4.7,30,Open · Closes 5:30 PM,ChIJFWcTjKae4jARrWpEJV9-lOs
Nonthaburi,นพดล รุ่งเจริญชัยโชล่าเชลล์แอร์ เซอร์วิส กรุงเทพมหานคร@เพชรบูรณ์,"316 Thanon Prahca Rat Sai 1 Soi 36, Bang Sue, Bangkok 10800, Thailand",+66 95 898 5968,4.8,193,Open 24 hours,ChIJb_4JY4-b4jARg78_CBzEl8Q
Nonthaburi,ร้านขายแอร์ อะไหล่แอร์บ้าน ปทุมธานี และให้บริการ ล้างแอร์ ติดตั้งแอร์ ซ่อมแอร์ ย้ายแอร์ โดย บจก. วรัญญาแอร์,"10/90-10/91 หมู่ 4, Mueang Pathum Thani District, Pathum Thani 12000, Thailand",+66 2 581 7214,4.8,17,Open · Closes 6 PM,ChIJXR37t7qG4jARksTuYHhfLJc
Nonthaburi,ร้าน99แอร์บ้านราคาถูก รับติดแอร์ ล้างแอร์,"69 20, Maha Sawat, Bang Kruai District, Nonthaburi 11130, Thailand",+66 87 076 0937,4.8,10,Open · Closes 5 PM,ChIJ-8Lq2Nib4jAR1JwdStp8qcY
Nonthaburi,บริษัท เอพีแอล แอร์ เซอร์วิส แอนด์ คอนสทรัคชั่น จำกัด,"Ratchadaphisek Rd, Din Daeng, Bangkok 10900, Thailand",+66 94 392 2399,4.7,43,Open · Closes 6 PM,ChIJ9zPetcmf4jARzHNRxXzT9ho
Nonthaburi,ร้านโชคชัยแอร์บ้าน,"679/3 Soi Lat Phrao 48, Samsen Nok, Huai Khwang, Bangkok 10310, Thailand",+66 87 676 7986,4.9,44,Open · Closes 5 PM,ChIJqUNyQ8-d4jARbD5RVoP5k_o
Nonthaburi,👍🧑‍🔧ร้าน KCเค.ซี.แอร์คูลลิ่ง ดอนเมือง ร้านแอร์ดอนเมือง ช่างแอร์ดอนเมือง ล้างแอร์ ซ่อมแอร์ ติดตั้ง แอร์ ดอนเมือง ครบวงจร,"288 Kosumruamjai Rd, Don Mueang, Bangkok 10210, Thailand",+66 89 078 8897,4.8,12,Open · Closes 5 PM,ChIJ91H2sv6C4jARsLwJWjrM-lU
Nonthaburi,ดีพร้อมแอร์ แอร์บ้านราคาถูก,"99 Borommaratchachonnani Rd, Sala Thammasop, Thawi Watthana, Bangkok 10170, Thailand",+66 90 005 0050,4.8,134,Open · Closes 5:30 PM,ChIJ4cffysqW4jAR_8iiYsYQTDg
Nonthaburi,ล้างแอร์ by C A P,"1178, 113 ซอย พหลโยธิน 32, Khwaeng Sena Nikhom, Khet Chatuchak, Bangkok 10900, Thailand",+66 94 951 6543,4.9,68,Open · Closes 5 PM,ChIJ3WPD_dVt1k0R3Icfzhkjb1w
Nonthaburi,ฟรีสไตล์ แอร์บ้าน,"49/52 หมู่6 หมู่บ้านบางใหญ่ซิตี้, ถนนตลิ่งชัน-สุพรรณบุรี, ตำบลบางเสาธงหิน อำเภอยางใหญ่, Nonthaburi 11140, Thailand",+66 89 494 8616,5,19,Open · Closes 6 PM,ChIJHXoDJSaQ4jARmwsb6H3oc9E
Nonthaburi,Pluempiti Air & Service,"100, 481 Chang Watthana 10 Alley, Thung Song Hong, Lak Si, Bangkok 10210, Thailand",+66 89 303 9969,4.8,14,Open · Closes 5 PM,ChIJdXxNVeeC4jARw1gQVxd4ePY
Nonthaburi,ศิริศักดิ์ หมอแอร์,"122, 4 Lat Phrao 37 Alley, Chan Kasem, Chatuchak, Bangkok 10900, Thailand",+66 96 852 2205,4.9,41,Open · Closes 5 PM,ChIJKbhQ6GCd4jARo13-gNS1420
Nonthaburi,เซ็นเตอร์ แอร์ แอนด์ เซอร์วิส,"59 หมู่บ้านนวรัตน์, 49 Chan Thong Iam Rd, Bang Rak Phatthana, Bang Bua Thong District, Nonthaburi 11110, Thailand",+66 86 893 4024,4.2,13,Open · Closes 5 PM,ChIJP_sKg-iP4jARjCErLbxvO10
Nonthaburi,ล้างแอร์บ้าน ราคาถูก ดินแดง,"139, 54 ซ. ประชาสงเคราะห์ 33, Ratchadaphisek, Din Daeng, Bangkok 10400, Thailand",+66 81 413 8417,4.6,9,Open · Closes 5 PM,ChIJrYURR1evgIARhl3h6lGfO18
Nonthaburi,หจก.ไนซ์แอร์&โฮมเซอร์วิส บริการติดตั้งซ่อมย้ายล้างแอร์บ้าน จำหน่ายแอร์ใหม่และมือ2,"59, 41 ช Soi Mu Ban Cho Rungrueang 8, Phimon Rat, Bang Bua Thong District, Nonthaburi 11110, Thailand",+66 94 731 4698,4.6,18,Open · Closes 5:30 PM,ChIJN2KN9v2P4jARWSxGOtf2wKU
Nonthaburi,บริษัท เจเอสบี แอร์ แอนด์ เซอร์วิส จำกัด,"126, 252-255 Soi Rarm Intra 40, Nuan Chan, Bueng Kum, Bangkok 10230, Thailand",+66 81 888 1682,3.8,52,Open · Closes 6 PM,ChIJMd_v8MFiHTERxM2z1YPlYNw
Nonthaburi,ซีทีแอร์แอนด์ซัพพลายเซอร์วิสสาขาวังหิน63,"8/14 Lad Prao Wanghin Rd, Lat Phrao, Bangkok 10230, Thailand",+66 85 140 4794,4.3,4,Open · Closes 5 PM,ChIJZXQIt6ad4jARfZ_UQH7bd9E
Nonthaburi,ห้างหุ้นส่วนจำกัด พี.เอ็ม.เซอร์วิส เครื่องเย็น,"119, 121 Charan Sanit Wong Rd, Bang O, Bang Phlat, Bangkok 10700, Thailand",+66 2 424 5178,4.7,19,Open · Closes 5 PM,ChIJJ002lsKb4jARdIT4XwRuBfs
Nonthaburi,รัชดาแอร์บ้าน by afkk,"310, 30-31 Thanon Song Prapha, Khwaeng Si Kan, Don Mueang, Bangkok 10210, Thailand",,,,Open · Closes 5 PM,ChIJR2oWu--f4jAR6ldsHnM4coQ
Nonthaburi,บริการล้างแอร์​ ซ่อม​ จำหน่ายติดตั้งครบวงจร,"67 9, Sala Thammasop, Thawi Watthana, Bangkok 10170, Thailand",+66 83 999 0012,4.2,5,Open · Closes 5:30 PM,ChIJVQ6t6CyT4jARFUa0VeM7A7o
Pathum Thani,ล้างแอร์.คลองสามเนรมิตรแอร์services,"2, หมู่บ้านไทยสมบูรณ์, 34 460, คลองสาม Khlong Luang District, Pathum Thani 12120, Thailand",+66 92 752 4101,4.7,68,Open 24 hours,ChIJ6dHB-s9_HTERAJRWQeUdAuM
Pathum Thani,ร้านขายแอร์ อะไหล่แอร์บ้าน ปทุมธานี และให้บริการ ล้างแอร์ ติดตั้งแอร์ ซ่อมแอร์ ย้ายแอร์ โดย บจก. วรัญญาแอร์,"10/90-10/91 หมู่ 4, Mueang Pathum Thani District, Pathum Thani 12000, Thailand",+66 2 581 7214,4.8,17,Open · Closes 6 PM,ChIJXR37t7qG4jARksTuYHhfLJc
Pathum Thani,PCAC,"371 Rangsit - Nakhon Nayok Rd, Prachathipat, Thanyaburi District, Pathum Thani 12130, Thailand",+66 81 581 0400,5,10,Open · Closes 6:30 PM,ChIJSd4XDH99HTERqrjJnxHXd9o
Pathum Thani,บริษัท สมหวัง เอ็นจิเนียริ่งแอนด์ซัพพลาย จำกัด (แอร์บ้าน-แอร์โรงงาน network security cctv),"40, 3 ซ. ลายเงิน, Tambon Lat Sawai, Lam Luk Ka District, Pathum Thani 12150, Thailand",+66 64 324 7499,5,13,Open · Closes 8 PM,ChIJqasCk3F_HTER6NpKRneg1-Q
Pathum Thani,อาณาจักรแอร์,"49/424 มบ, ซ. บุศรินทร์ 1, Khu Khot, Lam Luk Ka District, Pathum Thani 12130, Thailand",+66 96 610 1093,4.8,58,Open · Closes 8:30 PM,ChIJow4aEIB5HTERiQhxcpd1wWA
Pathum Thani,ร้านแอร์ใกล้ฉัน จำหน่าย ซ่อม ติดตั้ง ล้าง ราคากันเอง,"189/86 ซอย 12 โครงการโมดิวิลล่าราชพฤกษ์ตัดใหม่, Bang Duea, Mueang Pathum Thani District, Pathum Thani 12000, Thailand",+66 94 990 9669,5,90,Open 24 hours,ChIJwT5NGwCH4jARMQOuVogdcF4
Pathum Thani,สมาร์ทแอร์คลองสาม,"123 Yothathikan Khu Khot-khlong Luang Rd, Tambon Prachathipat, Thanyaburi District, Pathum Thani 12130, Thailand",+66 86 563 9605,4.8,21,Open · Closes 6 PM,ChIJL6e19jB_HTERSRQkXyyBJ9o
Pathum Thani,ถูก ดี แอร์,"2, 59 Suphap 2 Alley, Bang Kadi, Mueang Pathum Thani District, Chang Wat Pathum Thani 12000, Thailand",+66 93 024 9394,4.8,109,Open · Closes 6 PM,ChIJZY6ELxmB4jARtJ1c8qoz_bA
Pathum Thani,DoctorAirService,"110, 5, Tambon Bang Kha Yaeng, เมือง, Pathum Thani 12000, Thailand",+66 96 362 7035,5,44,Open · Closes 9 PM,ChIJC1UW3aCH4jARTIUT4MMNjRw
Pathum Thani,อะไหล่แอร์คลอง 2,"11/14 หมู่ที่ 5, ถนนพหลโยธิน, Khu Khot, Lam Luk Ka District, Pathum Thani 12130, Thailand",+66 2 995 4525,4.8,12,Open · Closes 6:30 PM,ChIJlWOJf-d9HTERNxwB4lyyoO4
Pathum Thani,Pro แอร์บ้านเซอร์วิส,"127 บางบัวทอง, 21, Tambon Bang Bua Thong, Bang Bua Thong District, Nonthaburi 11110, Thailand",+66 96 773 0651,5,48,Open · Closes 9 PM,ChIJJUocWweP4jAR0Ld86qbgWUg
Pathum Thani,แอร์บ้านลาดหลุมแก้ว,"เอื้ออาทรลาดหลุมแก้ว 2 อาคาร28 87/4, Lat Lum Kaeo District, Pathum Thani 12140, Thailand",+66 85 825 7395,4.9,41,Open · Closes 10 PM,ChIJ0bzkZCiH4jARtQBZ5IMQgR8
Pathum Thani,แอร์มันนี่ ผ่อนแอร์ ติดตั้งทั่วกรุงเทพปริมณฑล,"198/1, Lam Luk Ka District, Pathum Thani 12130, Thailand",+66 86 350 1466,5,47,Open · Closes 7 PM,ChIJGwcFWct_HTERVjap3rL1EZQ
Pathum Thani,มงคลชัย แอร์,"ซอยรพช 3, Tambon Lak Hok, เมือง, Pathum Thani 12000, Thailand",+66 99 124 5688,5,12,Open · Closes 4:30 PM,ChIJSWRehzmC4jAR8LLKSbsAfEA
Pathum Thani,ธนาชัย แอร์ เซอร์วิส,"71 หมู่2 หมู่บ้านรัตนโกสิน200ปี, 10 Rangsit-Pathum Thani Rd, Prachathipat, Thanyaburi District, Pathum Thani 12130, Thailand",+66 93 478 9398,4.5,4,Open · Closes 5 PM,ChIJP5jSL8WB4jARmYnKuDrBTe0
Pathum Thani,ช่างเอส ล้างแอร์บ้าน,"59/436, Lam Luk Ka District, Pathum Thani 12150, Thailand",+66 89 786 2551,4.8,43,Open · Closes 8 PM,ChIJqZclsrp9HTERi9ikYd3yN_g
Pathum Thani,ร้านแอร์ใกล้ฉัน บ้านแอร์ เซอร์วิส,"189, 7 Ban Phunsi Soi 1, Bang Khayaeng, Mueang Pathum Thani District, Pathum Thani 12000, Thailand",+66 80 304 6082,5,29,Open · Closes 5 PM,ChIJn7YOIgCH4jARbiD9WkUNV-Y
Pathum Thani,KTYAIR ล้างแอร์ลำลูกกา รังสิต ปทุมธานี,"99 หมู่บ้านสิรีธร, 93 Lam Luk Ka Rd, Tambon Khu Khot, Lam Luk Ka District, Pathum Thani 12130, Thailand",+66 82 899 6988,4.4,66,Open · Closes 7:30 PM,ChIJ0UjUCZB9HTERmorEP4AbSOU
Pathum Thani,หจก.อัมรินทร์แอร์ แอนด์ เซอร์วิส,"11, 14 หมู่5 Phahonyothin Rd, Khu Khot, Lam Luk Ka District, Pathum Thani 12130, Thailand",+66 81 845 1020,4.3,21,Open · Closes 6 PM,ChIJ82bsf919HTERU4c6lOEuzsc
Pathum Thani,ช่างคิงแอร์บ้าน จำหน่าย-ล้าง-ซ่อม-ติดตั้ง รังสิต ปทุมธานี,"35/227 หมู่บ้านอินนิซิโอ1, Khlong Sam, Khlong Luang District, Pathum Thani 12120, Thailand",+66 80 545 0432,4.8,39,Open · Closes 6 PM,ChIJt-ghZKd_HTERt-vpS49zq5A
Phra Nakhon Si Ayutthaya,Perfect Air สาขาอยุธยา,"115/8-9, Phra Nakhon Si Ayutthaya District, Phra Nakhon Si Ayutthaya 13000, Thailand",+66 83 229 2884,4.6,68,Open · Closes 6 PM,ChIJB8hC2jJ14jARcMz9l3ugUHk
Phra Nakhon Si Ayutthaya,Eng.Aod Air Service Ayutthaya,"489 ตำบล สามเรือน, Tambon Sam Ruean, Bang Pa-in District, Chang Wat Phra Nakhon Si Ayutthaya 13160, Thailand",+66 80 383 6927,5,17,Open · Closes 5:30 PM,ChIJO4dwqTKJHTERMLLMasgEEFQ
Phra Nakhon Si Ayutthaya,ช่างแอร์อยุธยา อุทัย โรจนะ ภาชี,"40 อุทัย, 18 หมู่ 12 บัวคลี่10, Tambon Uthai, Uthai District, Phra Nakhon Si Ayutthaya 13210, Thailand",+66 86 337 3062,4.9,16,Open · Closes 5 PM,ChIJAbirVnGLHTERRGf2-zu0L4Q
Phra Nakhon Si Ayutthaya,แอร์บ้านอยุธยา PSC. เซอร์วิส,"9\80, Uthai District, Phra Nakhon Si Ayutthaya 13210, Thailand",+66 91 762 3879,4.9,80,Open 24 hours,ChIJxxIzMtaLHTERbZy0ykJCpFk
Phra Nakhon Si Ayutthaya,ร้านจ.เจริญแอร์&เซอร์วิส,"197, Uthai, Uthai District, Phra Nakhon Si Ayutthaya 13210, Thailand",+66 81 458 8439,4.8,11,Open · Closes 6 PM,ChIJ0wtptzWKHTERdO6rwkmaUuw
Phra Nakhon Si Ayutthaya,บ้านแอร์ อิเลคทริค,"108/7หมู่7 บ้านสร้าง, Bang Pa-in District, Phra Nakhon Si Ayutthaya 13170, Thailand",+66 81 486 4513,5,2,Open · Closes 7 PM,ChIJn7KVG4KJHTER92k_ePjdySs
Phra Nakhon Si Ayutthaya,A.Center,"50, 3 U Thong Rd, Ho Rattanachai, Phra Nakhon Si Ayutthaya District, Phra Nakhon Si Ayutthaya 13000, Thailand",+66 35 241 400,5,17,Open · Closes 6 PM,ChIJMVl-oUV04jARO0oHpWPpGhk
Phra Nakhon Si Ayutthaya,ร้านแอร์ อยุธยา,"100/384 หมู่บ้านวรารักษ์ ซอย 8 หมู่ 12, ลำตาเสา วังน้อย, Phra Nakhon Si Ayutthaya 13170, Thailand",+66 87 081 5691,4.2,5,Open · Closes 6 PM,ChIJYbeIzCx34jARUocCtc0SM1c
Phra Nakhon Si Ayutthaya,ล้างแอร์อยุธยา ซ่อมแอร์อยุธยา(พระนครศรีอยุธยา)รับซื้อแอร์เก่า,"การเคหะบางปะอิน 2, 99/388 หมู่ 1 เฟส 2 ซอย 13, Tambon Sam Ruean, บางประอิน, Phra Nakhon Si Ayutthaya 13160, Thailand",+66 90 429 0911,4.7,7,Open 24 hours,ChIJI_7Xh8aJHTERI5cFTct9fPo
Phra Nakhon Si Ayutthaya,หจก.เทคนิคแอร์ เอ็นจิเนียริ่ง,"44/4 U Thong Rd, Tambon Ho Rattanachai, Phra Nakhon Si Ayutthaya District, Phra Nakhon Si Ayutthaya 13000, Thailand",+66 81 866 1139,4.6,5,Open · Closes 5:30 PM,ChIJlQ0dgbZ14jAReBOE5kf-FY8
Phra Nakhon Si Ayutthaya,วัฒนะกิจแอร์เจริญยนต์(ซ่อมแอร์รถยนต์ ล้างระบบ เปลียนคอม เปลี่ยนครัช เติมน้ำยาแอร์ ไดชาร์จ),"อุทัย, 8/5ม.13 ข้างปั๊มบางจาก, Uthai District, Phra Nakhon Si Ayutthaya 13210, Thailand",+66 83 695 4774,5,10,Open · Closes 7 PM,ChIJEXL7oXmLHTER-_4ZWDeGLVE
Phra Nakhon Si Ayutthaya,ร้านเย็นดีแอร์เซอร์วิสอยุธยา,"หมู่บ้านโกลเด้นทาวน์อยุธยา, 88/194, บ้านกรด Bang Pa-in District, Phra Nakhon Si Ayutthaya 13160, Thailand",+66 81 109 5688,5,6,Open · Closes 8 PM,ChIJU9pm9VJ34jARX9vKniE-fHA
Phra Nakhon Si Ayutthaya,ล้างแอร์รถยนต์อยุธยา ช่างตั้มเซอร์วิส,"124, Bo Ta Lo, Wang Noi District, Phra Nakhon Si Ayutthaya 13170, Thailand",+66 87 924 7995,4.9,92,Open · Closes 8 PM,ChIJq-JNyWiJHTERoGqjvawgEkc
Phra Nakhon Si Ayutthaya,หจก. อาท แอร์ เซอร์วิส&โซล่าเซลล์,"44 6, Ban Sang, Bang Pa-in District, Chang Wat Phra Nakhon Si Ayutthaya 13170, Thailand",+66 96 549 5496,4.5,15,Open · Closes 5 PM,ChIJC3IOMaiJHTERUBwiooXeLgk
Phra Nakhon Si Ayutthaya,หาญเจริญแอร์ (ร้านซ่อมแอร์เด็นโซ่),"13, 14 หมู่ที่ 7 ซ. หมู่บ้านอนานคร 5, ตำบล วังหาม, Uthai District, Phra Nakhon Si Ayutthaya 13210, Thailand",+66 35 352 874,4.9,62,Open · Closes 6 PM,ChIJbWxJQy-KHTER0LDkY3QGPo4
Phra Nakhon Si Ayutthaya,ล้างแอร์อยุธยา ติดตั้งแอร์อยุธยา ซ่อมแอร์อยุธยา,"101, 314 ม.7 ซอย 10, ต.บ้านสร้าง Bang Pa-in District, Phra Nakhon Si Ayutthaya 13170, Thailand",+66 91 716 0003,4.8,5,Open · Closes 6 PM,ChIJbaaQZi6JHTER5Qn6AUoYYy8
Phra Nakhon Si Ayutthaya,O.K. ล้างแอร์ อบโอโซน อยุธยา,,+66 93 678 7897,4.8,4,Open 24 hours,ChIJw78JBr_PyIsRFo2qv6qBpNc
Phra Nakhon Si Ayutthaya,บริษัท เอแอนด์แอล บิสซิเนส เซอร์วิส จำกัด,"5/39, Khan Ham, Bang Pa-in District, Phra Nakhon Si Ayutthaya 13210, Thailand",+66 86 331 4328,5,2,Open · Closes 6 PM,ChIJlYhr786JHTERGrPvDMscjOI
Phra Nakhon Si Ayutthaya,ร้านเอ็นศิริอะไหล่แอร์บ้าน,"9J54+66R, หันตรา ซ. 1, Tambon Han Tra, Phra Nakhon Si Ayutthaya District, Phra Nakhon Si Ayutthaya 13000, Thailand",+66 87 832 1943,4.9,23,Open · Closes 5 PM,ChIJoUhiPk914jARB_XUMzOnHJY
Phra Nakhon Si Ayutthaya,ล้างแอร์อยุธยา-อ่างทอง,"คานหาม, 19/108, Uthai District, Phra Nakhon Si Ayutthaya 13210, Thailand",+66 94 795 3241,4.2,5,Open · Closes 5:30 PM,ChIJiW5Hbe2JHTERIln_fyvIXrE
Ang Thong,ร้าน ส.รุ่งเรืองกิจ สาขา 2 แอร์บ้าน,"141, Wiset Chai Chan District, Ang Thong, Thailand",+66 82 239 7393,4.8,5,Open · Closes 5 PM,ChIJp7IrbRsX4jAR8TyYUgLRguE
Ang Thong,ร้าน PT แอร์ แอนด์ เซอร์วิส,"51, 118, Don Phut, Don Phut District, Saraburi 18210, Thailand",+66 86 126 1636,5,1,Open · Closes 9:30 PM,ChIJs7zWdpgJ4jAREnNAd5UR7ns
Ang Thong,อภิชาติ แอร์ แอนด์ เซอร์วิส,"43 ม.4, Hua Taphan, Wiset Chai Chan District, Ang Thong 14110, Thailand",+66 83 880 5846,5,1,Open · Closes 5:30 PM,ChIJDXOlJ7ER4jARX5rwf_Vtq6Q
Ang Thong,ห้างหุ้นส่วนจำกัดอ๊อดแอร์อ่างทอง,"133, 6, Phosa, อำเภอเมือง, Ang Thong 14000, Thailand",+66 89 800 5488,3.8,5,Open · Closes 5 PM,ChIJPTFxh2gP4jARE-NjYeh8WRI
Ang Thong,ร้านตั้มแม็กแอร์บ้าน,"70 2, Pa Ngiu, Mueang Ang Thong District, Ang Thong 14000, Thailand",+66 92 906 5634,5,1,Open · Closes 5 PM,ChIJ3_HA5cQb4jARrmhJycFTxLQ
Ang Thong,กุลกิตติ์แอร์,"9/54 หมู่ 2 ตรง ข้าม เรือจำ จ, Sala Daeng, Mueang Ang Thong District, Ang Thong 14000, Thailand",+66 35 611 499,5,6,Open · Closes 4:30 PM,ChIJc3_Ek4sP4jARNifguMULu-8
Ang Thong,ร้านไบร์ทแอร์,"100/2 ม.4 ต.ศาลาแดง อ.เมือง, Ang Thong, Thailand",+66 80 330 8515,5,1,Open · Closes 5 PM,ChIJn03aBmsP4jARNNRohXJAt60
Ang Thong,ร้าน รุ่งเรืองแอร์,"หมู่ 7 โพธิ์พระยา-ท่าเรือ, 333/6, San Chao Rong Thong, Wiset Chai Chan District, Ang Thong 14110, Thailand",+66 85 817 9526,5,1,Open now,ChIJS-LkK0YX4jAR3Fnb_KZPWO8
Ang Thong,แอร์เย็น เซอร์วิส,"52 หมู่ 5, Phai Cham Sin, Wiset Chai Chan District, Ang Thong 14110, Thailand",+66 63 648 0456,5,2,Open 24 hours,ChIJ88o-cggR4jARBdYweJCpGSs
Ang Thong,อ่างทอง ออโต้แอร์,"54 309, Bang Kaeo, Mueang Ang Thong District, Ang Thong 14000, Thailand",+66 99 894 1908,5,6,Open · Closes 5 PM,ChIJoYiXzegP4jAR7MsQAedliT8
Ang Thong,ภัทรพร ออโต้แอร์,"GF58+24C, Bang Pla Kot, Pa Mok District, Ang Thong 14130, Thailand",+66 81 376 1159,5,2,Open · Closes 6 PM,ChIJlTzUYwAN4jARe6aCDVD4gnA
Ang Thong,ช่างพล แอร์บ้าน ไฟฟ้า จานดาวเทียม,"2, Phai Cham Sin, Wiset Chai Chan District, Ang Thong 14110, Thailand",+66 92 753 8618,5,2,Open · Closes 6 PM,ChIJNzZC02QR4jARIIhSN5-f2KI
Ang Thong,ร้านพรชัยแอร์,"74/10 หมู่ 7 อ่างแก้ว, Pho Thong District, Ang Thong 14120, Thailand",+66 81 299 9539,,,Open · Closes 5:30 PM,ChIJOcZqgiAb4jARIEURPegRVp0
Ang Thong,เด่นเจริญเซอร์วิส ซ่อมแอร์ ไดนาโม ติดตั้งเครื่องเสียงรถยนต์,"116/3 ม .3, Ban Khwang, Maha Rat District, Phra Nakhon Si Ayutthaya 13150, Thailand",,4.8,12,Open now,ChIJvbhT58sI4jARqslvgLblecM
Ang Thong,ช้างแอร์รถยนต์,"80, Sala Daeng, Mueang Ang Thong District, Ang Thong 14000, Thailand",+66 84 642 3866,4.5,21,Open · Closes 6 AM Sat,ChIJCevPzQ0P4jAR7IsL4T7gL8o
Ang Thong,สมชายแอร์ วิเศษ,"389, 10 San Chao Rong Thong, Tambon San Chao Rong Thong, Wiset Chai Chan District, Ang Thong 14110, Thailand",+66 94 929 9684,4.1,7,,ChIJ0yf3o-YR4jAROt9s0L3AI10
Ang Thong,ช่างตี๋ แอร์ ฟิลม์ ป่าโมก,"114, 2, Tambon Phosa, Mueang Ang Thong District, Ang Thong 14000, Thailand",+66 87 364 4322,5,2,Open · Closes 5 PM,ChIJzbMLzK8N4jARO0bYPfRRIgA
Ang Thong,เอส ที เอส ออโต้แอร์,"Tambon Bang Chak, Amphoe Wiset Chai Chan, Chang Wat Ang Thong 14110, Thailand",+66 92 336 5319,4.8,5,Open now,ChIJCwA5XeIT4jARltHWUZwocWc
Ang Thong,ช่างเดี่ยวแอร์รถยนต์อ่างทอง,"HCCX+R9Q, Ban Hae, Mueang Ang Thong District, Ang Thong 14000, Thailand",+66 92 984 7415,5,1,Open · Closes 5 PM,ChIJ_fllEwAP4jARMaknJyuQ93Q
Ang Thong,Rattanakorn Car Air & Sound,"HCPR+HMM, Ban Hae, Mueang Ang Thong District, Ang Thong 14000, Thailand",+66 84 131 7399,3.9,10,Open · Closes 6 PM,ChIJz-ghxd8P4jAR7FlOTuQXpl0
Lop Buri,ร้านเพอร์เฟคแอร์ลพบุรี ล้างแอร์ลพบุรี ติดตั้งแอร์ลพบุรี,"173, 175 Narai Maharach Rd, Thale Chup Son, Mueang Lop Buri District, Lopburi 15000, Thailand",+66 83 229 2884,4.8,96,Open · Closes 6 PM,ChIJdzGMo4QAHjERIljCJJm_iOw
Lop Buri,เค ที แอร์บ้าน พระพุทธบาท,"7 หมู่ 2, Phra Phutthabat, Phra Phutthabat District, Saraburi 18120, Thailand",+66 61 783 0066,4.9,10,Open · Closes 6 PM,ChIJD2yu87T9HTERyyuyay7cEZ0
Lop Buri,เค.ที. แอร์บ้าน สาขา ลพบุรี,"326, Tambon Tha Le Chup Sorn, Mueang Lop Buri District, Lopburi 15000, Thailand",+66 97 079 0945,4.8,16,Open · Closes 6 PM,ChIJO7N4S0YBHjERRAnJOj6pwqE
Lop Buri,หนึ่งแอร์เซอร์วิส ลพบุรี,"186/4 ม.5 Si Inthrathit Alley, Thanon Yai, Mueang Lop Buri District, Lopburi 15000, Thailand",+66 92 666 9425,5,22,Open · Closes 7 PM,ChIJhaGXqRYBHjERzo4KNvmPitA
Lop Buri,ร้านเอ็นทีแอร์ลพบุรี NT. Air Service จำหน่ายติดตั้ง ซ่อม ล้างแอร์ ทุกรุ่นทุกยี่ห้อ,"211, 4 ถ.สีหราชเดโชชัย, Tambon Tha Hin, เมือง, Lopburi 15000, Thailand",+66 92 928 9961,4,8,Open · Closes 6 PM,ChIJb1flfTABHjER4kH9nEJGvX8
Lop Buri,ร้านแอร์เวิลด์คอร์ด เอ็นจิเนียริ่ง,"41, 226/40, Thale Chup Son, เมือง, Lopburi 15000, Thailand",+66 36 411 331,5,1,Open · Closes 5 PM,ChIJraXdVBAAHjERpeyifHf5RHY
Lop Buri,หจก.สมบูรณ์แอร์เซอร์วิสแอนด์ซัพพลาย (สำนักงานใหญ่ลพบุรี),"92, 21, Tha Sala, Mueang Lop Buri District, Lopburi 15000, Thailand",+66 92 603 3353,5,1,Open · Closes 6 PM,ChIJo-NqK9YHHjER1lOhhLoMdu0
Lop Buri,นอสแอร์เซอร์วิส,"ท่าวุ้ง, 344 Khrongkan Ban Sai Noi Mu 1 Rd, Tambon Tha Wung, Tha Wung District, Lopburi 15150, Thailand",+66 93 534 0222,5,1,Open · Closes 6 PM,ChIJZ3swDi_54TARTBiKNx4ApEs
Lop Buri,บ.ป่าตาลแอร์เซอร์วิส 999 สินเจริญชัย จำกัด,"35 หมู่ 4, Pa Tan, Mueang Lop Buri District, Chang Wat Lopburi 15000, Thailand",+66 89 414 8899,4.1,8,Open · Closes 5 PM,ChIJmyJpS9__HTERr7AcL6Gl144
Lop Buri,Sor. Air Center Limited Partnership,"11, 99, Tha Sala, Mueang Lop Buri District, Lopburi 15000, Thailand",+66 36 784 461,5,5,Open · Closes 6 PM,ChIJxYUR1oUAHjERxMLZtU_t_HU
Lop Buri,สยามแอร์ ไดนาโม แบ็ตเตอรี่ ปากจั่นลพบุรี,"RJ4W+M4F, Thanon Naresuan, Khao Sam Yot, Mueang Lop Buri District, Lopburi 15000, Thailand",+66 87 120 9396,4.1,11,Open · Closes 5 PM,ChIJyQQOXmoAHjERh8Me8cs0XSg
Lop Buri,ร้าน ลิขิต แอร์ พระพุทธบาท จำหน่ายแอร์ใหม่พร้อมติดตั้ง แอร์เก่า ซ่อม ล้าง ย้าย รับติดตั้งเครื่องทำน้ำอุ่น รับเดินไฟภายในบ้าน,"88/3, Phra Phutthabat District, Saraburi 18120, Thailand",+66 63 208 7209,5,1,Open · Closes 5 PM,ChIJnyHUsiLjHTERDU-pMH7gucc
Lop Buri,แอร์บ้านเอิร์ทแอร์เซอร์วิส,"292 Chedi 8 Alley, Thale Chup Son, Mueang Lop Buri District, Lopburi 15000, Thailand",+66 91 883 0874,5,1,Open 24 hours,ChIJazSL1BUBHjERRhl0dNYR-Yg
Lop Buri,วรพงษ์ไฟฟ้าแอร์,"251 4, Bang Khu, Tha Wung District, Lopburi 15150, Thailand",+66 81 852 9298,,,Open · Closes 6 AM Sat,ChIJMRvJAxL54TAREVwffAfMzkk
Lop Buri,แอร์บ้านลพบุรี นำเก้าแอร์,"272, 277 ถนนใหญ่, Tambon Tha Khae, Mueang Lop Buri District, Lopburi 15000, Thailand",+66 97 237 1895,4.7,3,Open 24 hours,ChIJuewO3jv_4TARfIlK6Afolpo
Lop Buri,สมายแอร์คูลเซอร์วิส,"233, Tambon Kok Ko, เมือง, Lopburi 15000, Thailand",+66 64 492 1332,5,5,Open 24 hours,ChIJi-UsovoBHjER1HwNMFo1wmc
Lop Buri,มาสเตอร์แอร์ลพบุรี,"67/20 ม.6 หน้าสนามกอล์ฟ มณฑลทหารบกที่13, Thale Chup Son, เมือง, Lopburi 15000, Thailand",+66 81 570 4988,4.9,29,Open · Closes 5 PM,ChIJFyCgHz8BHjER8zG5oDD8g94
Lop Buri,ร้านเมืองออโต้แอร์,"เมืองออโต้แอร์, Tambon Tha Le Chup Sorn, Amphoe Mueang Lop Buri, Lopburi 15000, Thailand",+66 89 523 1939,4.8,5,Open · Closes 5:30 PM,ChIJa1RGUE8AHjERyb-ILCMXOSY
Lop Buri,บริษัท พี.ที.แอร์ ลพบุรี จำกัด (P.T.AIR LOPBURI),"229 Phahonyothin Rd, Tha Sala, Mueang Lop Buri District, Lopburi 15000, Thailand",+66 36 426 888,4.6,47,Open · Closes 5:30 PM,ChIJ-w5ha54AHjERLbpjaBnKikw
Lop Buri,อรุณศรีมอเตอร์แอร์รถยนต์ลพบุรี EV ไฮบริด แอร์รถยนต์ ไดนาโม ระบบไฟ,"163/4ม.6 ติดอู่ตะวันรุ่งเรื่อง ต.ถนนใหญ่ อ.เมือง, Thanon Yai, Mueang Lop Buri District, Lopburi 15000, Thailand",+66 91 333 5505,4.9,31,Open · Closes 5:30 PM,ChIJ68CHtvgBHjERxi9t5HIEk_I
Sing Buri,เอส.วี.แอร์เซอร์วิส,"258/15, เมือง, Sing Buri 16000, Thailand",+66 61 519 5519,4.8,18,Open · Closes 5 PM,ChIJlQKE5ynx4TARoztAKlMaJco
Sing Buri,สิงห์สุวรรณ์แอร์,"49/2 6 ถนน ไทย, 3303, Ban Cha, Bang Rachan District, Sing Buri 16130, Thailand",+66 91 769 0766,4.5,4,Open · Closes 5 PM,ChIJJTeHZJT04TAR_g4w6YgtFCE
Sing Buri,นอสแอร์เซอร์วิส,"ท่าวุ้ง, 344 Khrongkan Ban Sai Noi Mu 1 Rd, Tambon Tha Wung, Tha Wung District, Lopburi 15150, Thailand",+66 93 534 0222,5,1,Open · Closes 6 PM,ChIJZ3swDi_54TARTBiKNx4ApEs
Sing Buri,พีทีอิเล็คทริคซัพพลาย จำหน่าย แอร์บ้าน อะไหล่แอร์ อุปกรณ์ติดตั้งแอร์ ทุกชนิด,"186/26-27 อาคารหมอสมหมาย แยกสิงห์เหนือ, Bang Man, Mueang Sing Buri District, Sing Buri 16000, Thailand",+66 81 384 8482,3.8,5,Open · Closes 5 PM,ChIJ5dN0WOfx4TARS1V3dozq3wY
Sing Buri,DENSO เจริญชัยออโตแอร์,"103 ตรงข้ามโรงเรียนสิงห์บุรี, 5 Moo 1 Alley, Bang Man, Mueang Sing Buri District, Sing Buri 16000, Thailand",+66 61 446 6963,4.8,146,Open · Closes 5:10 PM,ChIJURWETszw4TARhvAB9QK0Q7Y
Sing Buri,วรพงษ์ไฟฟ้าแอร์,"251 4, Bang Khu, Tha Wung District, Lopburi 15150, Thailand",+66 81 852 9298,,,Open · Closes 6 AM Sat,ChIJMRvJAxL54TAREVwffAfMzkk
Sing Buri,ร้านบางระจันแอร์ แอนด์ อิเล็กทรอนิกส์,"17/4 ม.3, สิงห์ Bang Rachan District, Sing Buri 16130, Thailand",+66 99 642 6822,5,2,Open · Closes 5 PM,ChIJge_m_3b04TARxr4KOtPDs_Y
Sing Buri,ว.วิมล แอร์ สิงห์บุรี,"151/47, Bang Man, Mueang Sing Buri District, Sing Buri 16000, Thailand",+66 86 137 1045,5,7,Open · Closes 6 PM,ChIJgdeD7dvw4TARuDjvthTKdhY
Sing Buri,จิตติแอร์เซอร์วิส สิงห์บุรี,"254/18 Thanon Thamma Chote, Bang Phutsa, Mueang Sing Buri District, Sing Buri 16000, Thailand",+66 36 510 529,4.4,7,Open · Closes 6 PM,ChIJv7EC1cL34TARQd7HhpP-fUk
Sing Buri,ร้าน เอนกแอร์สิงห์บุรี,"104, 16000, 8, Bang Man, อำเภอเมือง Sing Buri 16000, Thailand",+66 81 994 9556,5,1,Open · Closes 5 PM,ChIJXfjd-cPw4TARp4TIV57e07Q
Sing Buri,พีพีแอร์ เซอร์วิส,"8, 3, Pho Thale, Khai Bang Rachan District, Sing Buri 16150, Thailand",+66 86 811 9020,4.3,3,Open · Closes 5 PM,ChIJQ2ibBcSK4TARduS-JlZ6_jc
Sing Buri,เฉลิมชัยแอร์ แอนด์ ซาวด์,"1016/16-17, 30-31, ถนนสิงห์บุรี-บางพาน, บางพุทรา Mueang Sing Buri District, Sing Buri 16000, Thailand",+66 96 964 6199,4.4,39,Open · Closes 5 PM,ChIJRwn61tXw4TARHBjVGIPL_mw
Sing Buri,ร้านตะวันออโต้แอร์,"70/6 หมู 11, Ton Pho, Mueang Sing Buri District, Sing Buri 16000, Thailand",+66 99 383 6649,4.4,7,Open · Closes 5 PM,ChIJRWReHSvx4TAR8XRlMywd7fo
Sing Buri,ห้างหุ้นส่วนจำกัดวันชัยแอร์เซ็นเตอร์,"736 ถนนอยู่โพธิ์, Tambon Bang Phutsa, Mueang Sing Buri District, Sing Buri 16000, Thailand",+66 36 511 812,5,2,,ChIJI9Ks8tPw4TARygwveYY7BDc
Sing Buri,ห้างหุ้นส่วนจำกัด กิตติเครื่องเย็น,"152/152-153 หมู่ที่ 7, ถ.ริมคลองชลประทาน, ต.บางมัญ อ.เมือง จ.สิงห์บุรี, 16000, Thailand",+66 36 512 173,3.6,14,Open · Closes 7 PM,ChIJsRF2drfw4TAR3E7FeJnqBkg
Sing Buri,กิตติศักดิ์แอร์ เซอร์วิส,"31 ต, 10, Ban Cha, Bang Rachan District, Sing Buri 16130, Thailand",+66 99 642 6822,5,5,Open · Closes 5:30 PM,ChIJEfWc2pz14TARBEasHi6SaNs
Sing Buri,พลวัฒน์แอร์เซอร์วิสสิงห์บุรี,"254, 33 Thanon Thamma Chote, Bang Phutsa, Mueang Sing Buri District, Sing Buri 16000, Thailand",+66 81 364 0198,,,Open · Closes 6 PM,ChIJd2B3t2j34TARCFvPkANXwLQ
Sing Buri,เพิ่มพูลออโต้แอร์,"X926+F6Q, Tapya, In Buri, Sing Buri 16110, Thailand",+66 87 415 7199,4.6,7,Open · Closes 5 PM,ChIJFQegLo7x4TARzPuqEKsa-6M
Sing Buri,เฉลิมชัย แอร์ แอนด์ ซาวด์ 2,"1, Muang Mu, Mueang Sing Buri District, Sing Buri 16000, Thailand",+66 36 512 507,5,1,Open · Closes 5 PM,ChIJexGPHgD34TAR2N74z6Je9UY
Sing Buri,ช่างแชมป์แอร์เซอวิส,"89, 5 Moo 1 Alley, Bang Man, Mueang Sing Buri District, Sing Buri 16000, Thailand",+66 82 350 3606,3,1,Open · Closes 8 PM,ChIJqQZAxdXw4TAR9oyTMUsb2nc
Chai Nat,โกดังแอร์ชัยนาท จำหน่ายแอร์ราคาส่งทุกยี่ห้อ,"78, 2, Ban Kluai, Mueang Chai Nat District, Chai Nat 17000, Thailand",+66 90 324 9514,5,19,Open · Closes 6 PM,ChIJH4RsO5a94TART09Z-aCmQiI
Chai Nat,อภิรักษ์แอร์รถยนต์/อัดสายไฮดรอลิคชัยนาท ผู้จัดจำหน่ายสายไฮดรอลิคยี่ห้อบริดสโตนแท้,"720-721 ม.4 ต.บ้านกล้วย อ.เมือง, บ้านกล้วย เมือง, Chai Nat 17000, Thailand",+66 85 727 9025,4.9,20,Open · Closes 5 PM,ChIJn3_QOdCX4TARb10e4ncQvNc
Chai Nat,ร้าน สรรคบุรีแอร์,"402, Ban Kluai, Mueang Chai Nat District, Chai Nat 17000, Thailand",+66 81 727 7328,4.6,34,Open · Closes 5 PM,ChIJ33GRmU-94TAR2Fls6qqp8lQ
Chai Nat,บริษัท เมเจอร์เเอร์ จำกัด,"54PJ+CW5, Nai Muang, Mueang Chai Nat District, Chai Nat 17000, Thailand",+66 81 972 2299,4.8,11,Open · Closes 6 PM,ChIJT-5pfqW94TARKG6b2NvBIYg
Chai Nat,ณภัทรแอร์,"6532+25J, 476, Ban Kluai, Mueang Chai Nat District, Chai Nat 17000, Thailand",+66 82 178 5522,5,2,Open · Closes 6 PM,ChIJuYBk82i94TARvsHdd_Sn4AA
Chai Nat,ร้าน พบช่างเครื่องเย็น,"223/11 ติดการไฟฟ้า, พบช่างเครื่องเย็น, Phahonyothin Rd, Ban Kluai, Mueang Chai Nat District, Chai Nat 17000, Thailand",+66 82 246 0683,4.6,10,Open · Closes 5 PM,ChIJ94J7UoO94TAR97q5x1t97lE
Chai Nat,ถาวรออโต้แอร์ จ.ชัยนาท,"900, Ban Kluai, เมือง, Chai Nat 17000, Thailand",+66 94 910 8885,5,1,Open · Closes 5:30 PM,ChIJf3TuWGyX4TARJ2FW0Ji3doA
Chai Nat,ร้านภีระวัฒน์แอร์,"3, Chai Nat, เมือง, Chai Nat 17000, Thailand",+66 85 107 8556,5,1,Open · Closes 5 PM,ChIJ1cGxcHOX4TAR5_81ZOPOxhk
Chai Nat,สุนทรแอร์แอนด์ซาวด์,"319, Ban Kluai, Mueang Chai Nat District, Chai Nat 17000, Thailand",+66 94 593 9598,4.6,12,Open · Closes 5:30 PM,ChIJ43JfMIi94TARd2MXuK5w99s
Chai Nat,อ.แดง แอร์รถยนต์,"54XV+47G, Khao Tha Phra, Mueang Chai Nat District, Chai Nat 17000, Thailand",+66 89 644 3629,4.9,36,Open now,ChIJwbLhsme94TARjHOIgE3LCOw
Chai Nat,ติดตั้ง ล้างเติมน้ำยาแอร์ รถยนต์ ร้านวิชัยแอร์,"354หมู่5 Phahonyothin Rd, Ban Kluai, Mueang Chai Nat District, Chai Nat 17000, Thailand",+66 80 059 6042,4.7,3,Open · Closes 5 PM,ChIJ15Iqt1C94TARGVPjZ-IsU40
Chai Nat,ร้าน​ ช่างแอ้ม​ แอร์ ไฟฟ้า & เซอร์วิส ชัยนาท,"บ้านเลขที่ 27, Nang Lu, Mueang Chai Nat District, Chai Nat 17000, Thailand",+66 80 721 1745,,,Open · Closes 8 PM,ChIJg7Y6tuWZ4TARgtDyoATmZPI
Chai Nat,ร้าน สวัสดิ์แอร์,"50/4, ตำบลวัดสิงห์ อำเภอวัดสิงห์ จังหวัดชัยนาท, 17120, Thailand",,4.5,4,,ChIJY3BV_3Cj4TARNg8hZ2y9-l8
Chai Nat,นรินทร์เครื่องเย็น,"225 Phahonyothin Rd, Khao Tha Phra, Mueang Chai Nat District, Chai Nat 17000, Thailand",+66 82 942 2609,4.2,24,Open · Closes 5 PM,ChIJwaeRW4C94TARUdOgWkzVUxo
Chai Nat,ช่างหนึ่งแอร์บ้าน,"646C+6X, Khao Tha Phra, Mueang Chai Nat District, Chai Nat 17000, Thailand",,5,1,,ChIJbbLVJAC94TAR9f7LMGFBar4
Chai Nat,เมฆอรุณแอร์,"54VG+GH3, Khao Tha Phra, Mueang Chai Nat District, Chai Nat 17000, Thailand",,3,2,,ChIJc79U-PC94TARFtLFK-MDFJg
Chai Nat,กรกิจแอร์เซอร์วิส,"46WV+V3H, 311, Sapphaya, Sapphaya District, Chai Nat 17150, Thailand",+66 81 391 6165,,,Open · Closes 5 PM,ChIJFW6GRwCV4TARy9hgOZGxU7k
Chai Nat,สยามชัยเซอร์วิส สาขาชัยนาท,"29, 31 ถ Wongto, ต.ในเมือง Mueang Chai Nat District, Chai Nat 17000, Thailand",+66 63 474 2477,5,36,Open · Closes 7 PM,ChIJx8_BVoW94TARNMFetRzpBSw
Chai Nat,เอ๋ เจริญแอร์ ชัยนาท,"423, Tambon Khao Tha Phra, เมือง, Chai Nat 17000, Thailand",+66 91 287 8055,,,Open · Closes 6 PM,ChIJ338kQ-m94TAR5em2Y-blA2c
Chai Nat,ช่างหนึ่งแอร์บ้าน หนองพังนาค,"66H6+R7J, Suea Hok, Mueang Chai Nat District, Chai Nat 17000, Thailand",,5,1,,ChIJB41qagC_4TARIyeqTpodZ2U
Saraburi,TNP แอร์สระบุรี (ช่างกุ้ง),"22 หมู่3, Muang Ngam, Sao Hai District, Saraburi 18160, Thailand",+66 98 290 6835,5,65,Open · Closes 8 PM,ChIJXeWQp-LuHTERH1kIRK2A2uY
Saraburi,โอเคอะไหล่แอร์บ้าน ขายส่งแอร์บ้าน,"40/8, Phung Ruang, Chaloem Phra Kiat District, Saraburi 18000, Thailand",+66 86 544 0991,4.8,65,Open · Closes 5:30 PM,ChIJff05LRfoHTER4gessCMX7Ik
Saraburi,สิทธิโชติแอร์สระบุรี(สำนักงานใหญ่),"40/8หมู่5, ผึ้งรวง Chaloem Phra Kiat District, Saraburi 18000, Thailand",+66 99 310 5555,4.5,21,Open · Closes 5:30 PM,ChIJnyQ9pe3oHTERdRl7W8NhN3E
Saraburi,OSUKA สระบุรี by AIRPRO,"173 Sut Banthat, Saraburi, Mueang Saraburi District, Saraburi 18000, Thailand",+66 63 412 6962,4.9,14,Open · Closes 6 PM,ChIJJeuU0xnpHTERjWSUolKJZAA
Saraburi,หจก.ดีเจริญแอร์ สระบุรี,"21, Takut, อำเภอเมือง, Saraburi 18000, Thailand",+66 88 235 5339,5,2,Open · Closes 6 PM,ChIJmWzjDDfpHTERSt-19G1N8j4
Saraburi,รุ่งเรืองแอร์เซ็นเตอร์,"173/6-7 สุดบรรทัด Sut Banthat, Saraburi, Mueang Saraburi District, Saraburi 18000, Thailand",+66 36 223 020,4,2,Open · Closes 6 PM,ChIJ5VyREhLpHTERP-KUDTk4eaQ
Saraburi,ศุภวิชญ์ แอร์บ้าน,"FW8Q+PQM, Highway 3042, Nong Pla Lai, Mueang Saraburi District, Saraburi 18000, Thailand",+66 80 385 9530,5,1,Open · Closes 5 PM,ChIJ93UVJgDrHTERRDN9bFqqeBY
Saraburi,ศูนย์บริการจำหน่ายไฮเออร์สระบุรี โดย สิทธิโชติแอร์,"106/, ซอย สุดบรรทัด 5, Tan Dieo, Kaeng Khoi District, Saraburi 18110, Thailand",+66 99 310 5555,5,2,Open · Closes 5 PM,ChIJGelVpLLDHTERjsH5kB1u3zM
Saraburi,บังยูแอร์ แอนด์ ช๊อป,"117/3 ถนน อุไรรัตน์, Kaeng Khoi, Kaeng Khoi District, Saraburi 18110, Thailand",+66 89 241 9952,5,1,Open · Closes 6 PM,ChIJq9cldkvdHTER6uLhfndHMyU
Saraburi,ร้านเย็นจังแอร์,"HXQV+5H9, Sudbanthat Rd, Kaeng Khoi, Kaeng Khoi District, Saraburi 18110, Thailand",+66 96 757 5682,4,3,Open · Closes 5 PM,ChIJ72N6pk3dHTERINi7tAIcLnY
Saraburi,โมเทคแอร์คูลสระบุรี,"405, 21 Mittraphap Rd, Tambon Pak Prieo, เมือง, Saraburi 18000, Thailand",+66 90 103 0054,5,6,Open · Closes 6 PM,ChIJKzTKwLbpHTERVcu1nvq8nkQ
Saraburi,กิตติเครื่องเย็น,"35, 3, Phung Ruang, Chaloem Phra Kiat District, Saraburi 18000, Thailand",+66 98 462 9009,4.7,3,Open · Closes 5:30 PM,ChIJeyIBOdTpHTER17kBA8PFOlw
Saraburi,ร้านเสาไห้ แอร์ แอนด์ เซอร์วิส,"เลขที่ 48/2 หมู่ 1 หมู่บ้าน - ซอย - ถนน, Sao Hai, Sao Hai District, Saraburi 18160, Thailand",+66 90 978 0226,5,1,Open · Closes 6 PM,ChIJf9QoO6HdHTERGFhaS-yMNJg
Saraburi,Manop Air,"GVCQ+7W3, Khok Sawang, Mueang Saraburi, Sara Buri 18000, Thailand",+66 81 794 7068,4.8,10,,ChIJy8iPqcruHTER9g9gZ4mJQSg
Saraburi,โพธิพรหม ออโต้แอร์,"162 หมู่ 7, Kaeng Khoi District, Saraburi 18110, Thailand",+66 83 187 6930,5,13,Open · Closes 9:30 PM,ChIJ0en6BFub4jARk66oXXo5N1Y
Saraburi,ห้างหุ้นส่วนจำกัด เกียรติวัฒนาแอร์เซ็นเตอร์,"591, 11 Phahonyothin Rd, Tambon Pak Prieo, Mueang Saraburi District, Saraburi 18000, Thailand",+66 36 221 977,3.8,6,Open · Closes 6 PM,ChIJ32GDxWrpHTERzqdJLt76Sh4
Saraburi,บริษัท แอร์โปร จำกัด,"80/7 Sut Banthat, Saraburi, เมือง, Saraburi 18000, Thailand",+66 63 412 6962,4.7,3,Open · Closes 6 PM,ChIJx3ZpjRjpHTER8cD0fZin7oU
Saraburi,หจก.ซีเอ็นเค แอร์เซอร์วิส (สำนักงานใหญ่),"22, Tan Dieo, Kaeng Khoi District, Saraburi 18110, Thailand",+66 81 818 4493,5,2,Open · Closes 5:30 PM,ChIJszJhf-fDHTERDY8-nMRe2Do
Saraburi,ร้านมนตรีอะไหล่แอร์,"HP8V+88M, 3023, Cham Pa, Tha Ruea District, Phra Nakhon Si Ayutthaya 13130, Thailand",+66 89 239 7205,4.8,14,Open · Closes 5:30 PM,ChIJwxyyJu7wHTERGxXWYG5RoVk
Saraburi,ณัฐกิต แอร์ - รับล้าง ซ่อมและติดตั้งแอร์ แก่งคอย สระบุรี,"124, 52 หมู่ 7 หมู่บ้านเลิศรัตน์, Tan Dieo, Kaeng Khoi District, Saraburi 18110, Thailand",+66 85 158 7962,4.3,3,Open · Closes 5 PM,ChIJmc74P_DdHTER4IApzFaH6k0
Nakhon Nayok,เบสแอร์ เซอร์วิส แอนด์ ซัพพลาย,"4 8, Phrommani, Mueang Nakhon Nayok District, Nakhon Nayok 26000, Thailand",+66 86 076 9488,5,3,Open · Closes 5 pm,ChIJ5a4NYNyxHTERhzS_RObhYvc
Nakhon Nayok,Pichai Air Nakhon Nayok,"173, 39-40 ม.1 Suwannason Rd, Tha Chang, Mueang Nakhon Nayok District, Nakhon Nayok 26000, Thailand",+66 37 312 998,4.4,5,Open · Closes 5 pm,ChIJXyrj0iawHTERd3PIzIDrKOE
Nakhon Nayok,รุ่งวัฒนาแอร์เซอร์วิส,"169, Ban Yai, Mueang Nakhon Nayok District, Nakhon Nayok 26000, Thailand",+66 37 314 212,4.3,18,Open · Closes 6 pm,ChIJDwLd1umxHTER7ZaxtKwUZgU
Nakhon Nayok,ล้างแอร์ นครนายก,"233, Tambon Phrommani, เมือง, Nakhon Nayok 26000, Thailand",+66 82 472 6565,5,1,Open 24 hours,ChIJx4L3SoGxHTER0khahedesFM
Nakhon Nayok,นครแอร์,"ข2-251, 24 Rangsit - Nakhon Nayok Rd, นครนายก, Mueang Nakhon Nayok District, Nakhon Nayok 26000, Thailand",+66 37 320 281,4.7,7,Open · Closes 5 pm,ChIJLbqr5DevHTERq0GpDtP8iBI
Nakhon Nayok,ร้าน บีเจริญแอร์,"101, 7 หมู่1 Rangsit - Nakhon Nayok Rd, Tha Chang, เมือง, Nakhon Nayok 26000, Thailand",+66 89 991 6738,5,5,Open · Closes 6 pm,ChIJZ7X7jomvHTERITUHPWavkws
Nakhon Nayok,เจทีเอ็น อะไหล่แอร์บ้าน,"127 ม.12, Ban Na District, Nakhon Nayok 26110, Thailand",+66 81 909 7765,5,5,Open · Closes 5 pm,ChIJ1ZZEBwC9HTERvaEIFNtAgQs
Nakhon Nayok,โชคแอร์เซอร์วิส,"15, 8, Sarika, Mueang Nakhon Nayok District, Nakhon Nayok 26000, Thailand",+66 80 634 6204,4.7,13,Open · Closes 5 pm,ChIJXdy06H27HTERhZ8weLMEQLo
Nakhon Nayok,อนุรักษ์แอร์,"เลขที่ 294/1 หมู่ 10 Suwannason Rd, Ban Na District, Nakhon Nayok 26110, Thailand",+66 86 154 7652,5,1,Open · Closes 6 pm,ChIJAWsaZky7HTERHBcRw-w3eUw
Nakhon Nayok,ปุ๊กแอร์รถยนต์,"145/8 ม.5 Ban Yai Alley, Tambon Ban Yai, เมือง, Nakhon Nayok 26000, Thailand",+66 81 743 9609,4.7,20,Open · Closes 6 pm,ChIJR5sz0uOxHTERUbRt4Tae7R4
Nakhon Nayok,อำนาจแอร์รถยนต์,"6765+72Q, Hwy 3239, Si Nawa, Mueang Nakhon Nayok District, Nakhon Nayok 26000, Thailand",+66 65 048 9087,4.9,17,Open · Closes 7 pm,ChIJM481bBSzHTER7GKIvZvnlX4
Nakhon Nayok,บ้านนาอะไหล่แอร์ เค.เอกซ์ เซอร์วิส,"22, 2, Ban Na District, Nakhon Nayok 26110, Thailand",+66 84 110 4442,4.7,3,Open · Closes 5 pm,ChIJKSn86p-7HTERx-PCt1FS54M
Nakhon Nayok,อะไหล่แอร์ นครนายก,"1, 288 11, Nakhon Nayok, Mueang Nakhon Nayok District, Nakhon Nayok 26000, Thailand",+66 94 662 2894,,,Open · Closes 5 pm,ChIJ86KslUixHTERIIO7CAmREQE
Nakhon Nayok,ร้าน แสงเจริญ,"2, 250/2 Thanon Sena Phinit, Nakhon Nayok, อ.เมือง, Nakhon Nayok 26000, Thailand",+66 37 311 511,5,3,,ChIJKzKo-SyuHTER8DHuGigLgoE
Nakhon Nayok,ร้านวิเชษฐ์ออโต้แอร์,"137, 5, Pa Kha, Ban Na District, Nakhon Nayok 26110, Thailand",+66 82 332 2287,4.9,13,Open · Closes 6 pm,ChIJ_ZVV8tu7HTERjqhtq5tMK6Y
Nakhon Nayok,ร้านพูลทรัพย์แอร์เซอร์วิส สี่แยก จปร นครนายก,"48 พรมมณี, Tambon Phrommani, เมือง, Nakhon Nayok 26000, Thailand",+66 94 895 5937,5,1,,ChIJsSsiDEavHTERtdPofBpjalg
Nakhon Nayok,สยามชัยเซอร์วิส สาขานครนายก,"4 ตำบล, 365/1 Udom Sap Soi 5, Tambon Nakhon Nayok, Mueang Nakhon Nayok District, Nakhon Nayok 26000, Thailand",+66 63 474 2481,4.9,57,Open · Closes 7 pm,ChIJMyCjdAyvHTER0WIc6zuHe3M
Nakhon Nayok,ร้านแจ็ค แอร์&ไฟฟ้า,"63RV+F3W, Phikun Ok, Ban Na District, Nakhon Nayok 26110, Thailand",+66 88 860 7878,5,1,Open · Closes 7 pm,ChIJaVBAawC7HTERl0Xs_mk50tg
Nakhon Nayok,แอร์บ้าน รีสอร์ท สำนักงาน ราคาถูกๆ,"Pa Kha, Ban Na District, Nakhon Nayok 26110, Thailand",+66 83 453 2201,,,Open · Closes 5 pm,ChIJn5roZPy7HTERB0_ibJXVVhk
Nakhon Nayok,อภิชาติการแอร์&เซอร์วิส,"51/1 หมู่11, Sarika, Mueang Nakhon Nayok District, Nakhon Nayok 26000, Thailand",+66 94 178 8181,5,1,Open · Closes 5 pm,ChIJ0Zm2KHCxHTERO30_fc9q_TA
Nakhon Pathom,ล้างแอร์นครปฐม ติดตั้งแอร์นครปฐม เฟิสท์แอร์เซอร์วิส,"19 Araya Alley, Tambon Phra Prathom Chedi, เมือง, Nakhon Pathom 73000, Thailand",+66 84 299 5887,5,29,Open · Closes 6 PM,ChIJJT2SDJzl4jARdCH4QRnXkYc
Nakhon Pathom,"โอแอร์บ้านล้าง 1 ตัว 500 บาท/12,000 Btu","39, 23 หมู่ที่ 9 Sisa Khu Rd, Tambon Lam Phaya, Mueang Nakhon Pathom District, Nakhon Pathom 73000, Thailand",+66 92 296 5944,5,14,Open · Closes 6:30 PM,ChIJF22BHD7n4jARw3SwtQDRCjg
Nakhon Pathom,สุเจริญแอร์,"Phet Kasem Rd, Phra Prathon, เมือง, Nakhon Pathom 73000, Thailand",+66 86 668 9938,4.2,13,Open · Closes 6 PM,ChIJVTtV6UTv4jARq9f8Jkvcj20
Nakhon Pathom,เฟิสท์แอร์บ้าน ช่างแอร์นครปฐม ล้างแอร์นครปฐม,"19/19, Mueang Nakhon Pathom District, Nakhon Pathom 73000, Thailand",+66 84 299 5887,5,40,Open · Closes 8 PM,ChIJtUqWq-_l4jARVAFw10tf6mc
Nakhon Pathom,"ส.เทอร์โมบัส อะหลั่ยแอร์รถบัส,รถบรรทุก","999/148, เมือง, Nakhon Pathom 73000, Thailand",,5,1,Open · Closes 5:30 PM,ChIJuVEjbDrn4jARalj7MJ84YdQ
Nakhon Pathom,ร้านรักษ์แอร์​ นครปฐม,"96, 8, Thammasala, Mueang Nakhon Pathom District, Nakhon Pathom 73000, Thailand",+66 88 544 6900,3.6,8,Open · Closes 5 PM,ChIJK9Mcfz_v4jARZlOHggSDSRY
Nakhon Pathom,บริการล้างแอร์บ้าน เค.ที.แอร์ แอนด์เซอร์วิส ช่างแอร์นครปฐม ล้างแอร์นครปฐม,"หมู่บ้านมณฑาทิพย์ 5 เลขที่ 88/75, เมือง, Nakhon Pathom 73000, Thailand",+66 99 128 8886,4.8,24,Open · Closes 5 PM,ChIJPahgePTn4jAR1P83ezHaXE0
Nakhon Pathom,เจนการไฟฟ้า ร้านแอร์นครปฐม,"1158, 5 Phet Kasem Rd, Sanam Chan Sub-district, Mueang Nakhon Pathom District, Nakhon Pathom 73000, Thailand",+66 63 195 3388,5,4,Open · Closes 5:30 PM,ChIJnQiestDl4jARZw8lrCJdI-A
Nakhon Pathom,"AIRZONE COOLING PART CO., LTD.","339 Malaiman Rd, Tambon Nong Pak Long, Mueang Nakhon Pathom District, Nakhon Pathom 73000, Thailand",+66 34 102 330,4.8,16,Open · Closes 5:30 PM,ChIJvaQcU8_l4jARiehB58dSeIE
Nakhon Pathom,พรานแอร์,"117/18-19 หมู่2, Phet Kasem Rd, ตำบลคลองใหม่ Sam Phran District, Nakhon Pathom 73110, Thailand",+66 34 220 551,3.9,7,Open · Closes 5 PM,ChIJ0czPerTr4jARvIijLEv0B1M
Nakhon Pathom,ไทยวัฒนาแอร์,"123 Rajvithee Rd, Tambon Phra Prathom Chedi, Mueang Nakhon Pathom District, Nakhon Pathom 73000, Thailand",+66 34 253 865,4.1,87,Open · Closes 6 PM,ChIJ3yUQz8Pl4jARzhu4rs_quu0
Nakhon Pathom,กิจดำรงค์แอร์ บางแขม,"57, 11, Tambon Bang Khaem, Mueang Nakhon Pathom District, Chang Wat Nakhon Pathom 73000, Thailand",+66 81 234 5293,5,2,Open · Closes 5:30 PM,ChIJFXreapnl4jARxUKJNs1S4wQ
Nakhon Pathom,สุภณัท แอร์รถยนต์ แอร์บ้าน,"Unnamed Road, Tambon Bo Phlap, Mueang Nakhon Pathom District, Nakhon Pathom 73000, Thailand",+66 87 759 8414,4.9,121,Open · Closes 10 PM,ChIJf3EI3prv4jARaSPFmk_tCkI
Nakhon Pathom,ศรัณย์แอร์นครปฐม,"337/8 Soi Suan Lamyai, Tambon Phra Prathom Chedi, Mueang Nakhon Pathom District, Nakhon Pathom 73000, Thailand",+66 93 394 0406,5,1,Open · Closes 6 PM,ChIJe1HyfuXl4jARjDhpc0YHriY
Nakhon Pathom,ช่างเก๋เจริญแอร์,"R364+QQ7, Tambon Sanam Chan, Mueang Nakhon Pathom District, Nakhon Pathom 73000, Thailand",+66 85 184 3686,5,31,Open · Closes 6 PM,ChIJbwqUlyjl4jARPCQJ9dZsSVQ
Nakhon Pathom,ล้างแอร์บ้าน ( ติดตั้ง / ถอด / ล้าง ),"ช่างเอ็ม แอร์บ้าน นครชัยศรี 51 / 31 ม.3, Nakhon Chai Si District, Nakhon Pathom 73120, Thailand",+66 84 393 2624,5,3,Open · Closes 6 PM,ChIJE5Y4fHPr4jAR8XLbKCuh0AA
Nakhon Pathom,ซีทีแอร์แอนด์ซัพพลายเซอร์วิส สาขานครปฐม,"22, 10, Sisa Thong, Nakhon Chai Si District, Nakhon Pathom 73120, Thailand",+66 85 140 4794,3.7,12,Open · Closes 5 PM,ChIJz5rPl9nu4jARqKZb2lEd7X4
Nakhon Pathom,ร้านเคเอแอร์แอนด์เซอร์วิส,"56 Nawang Rd, Nakhon Pathom, Mueang Nakhon Pathom District, Nakhon Pathom 73000, Thailand",+66 89 518 3627,5,2,Open · Closes 6 PM,ChIJaVkubADl4jARQjE_N6wq0Ak
Nakhon Pathom,ร้านศุภมงคลแอร์บ้าน แอร์รถยนต์,"698 Tahanbok Soi 15, Tambon Bo Phlap, Mueang Nakhon Pathom District, Nakhon Pathom 73000, Thailand",+66 89 550 0925,4.1,18,Open · Closes 5 PM,ChIJj_T8eYrl4jARm0Uiiq9whsc
Nakhon Pathom,ช.เจริญแอร์,"31, 55, Tha Talat, Sam Phran District, Nakhon Pathom 73110, Thailand",+66 84 459 9451,4.2,5,Open · Closes 5:30 PM,ChIJV1Ll9lXq4jARy6Gy0ezGGPA
Samut Sakhon,หจก.โฮมแอร์เซล,"158, 10 ม.5, Phanthai Norasing, Mueang Samut Sakhon District, Samut Sakhon 74000, Thailand",+66 81 304 0087,4.9,13,Open · Closes 5 PM,ChIJCT_Yvb2-4jAR9FfEEFi4j4k
Samut Sakhon,ล้างแอร์พระราม2 แสมดำ บางขุนเทียน,"357ม4, 88 Rama II Rd, Samae Dam, Bang Khun Thian, Bangkok 10150, Thailand",+66 96 379 2822,4.5,27,Open 24 hours,ChIJhwe6bVq94jARDPbVYRzobdg
Samut Sakhon,เจเอ็มซี แอร์ คูลเนส,"27, 14 Setthakij 1 Rd, Na Di, Mueang Samut Sakhon District, Samut Sakhon 74000, Thailand",+66 94 687 1414,4.6,26,Open now,ChIJKQiRtMu44jARy_IWwh6qPG8
Samut Sakhon,ภาคิน แอร์ แอนด์ เซอร์วิส,"Tha Sai, Mueang Samut Sakhon District, Samut Sakhon 74000, Thailand",+66 64 130 5554,4.5,15,Open · Closes 5 PM,ChIJSSYoYR254jARxSfn-N1PRk0
Samut Sakhon,ร้านแอร์สมุทรสาคร แอร์สมุทรสาคร .com,"หมู่ที่ 6, 118/386 ซอย10, Tha Sai, Mueang Samut Sakhon District, Samut Sakhon 74000, Thailand",+66 85 183 3028,4.2,14,Open · Closes 5 PM,ChIJ14F9amm44jARgxFcRozdsQQ
Samut Sakhon,เจ.เจ.แอร์,"942, 77 Setthakij 1 Rd, Tambon Tha Sai, อำเภอเมือง, Samut Sakhon 74000, Thailand",+66 34 816 259,4.3,3,Open · Closes 5 PM,ChIJx7UhxmK44jARdyXwaeJQnrY
Samut Sakhon,ณัฐชนน แอร์&เซอร์วิส,"20 ชัยมงคล, 21, Tambon Chaimongkhon, เมือง, Samut Sakhon 74000, Thailand",+66 92 656 0020,4.9,18,Open · Closes 5 PM,ChIJwXf02ty54jARfaRaNlCytc8
Samut Sakhon,หนึ่งแอร์ บางกระดี่ เซอร์วิส ล้างติดตั้งแอร์พระราม2,"74 Soi Sakae Ngam 14, Samae Dam, Bang Khun Thian, Bangkok 10150, Thailand",+66 95 509 5419,5,24,Open · Closes 5 PM,ChIJvbJqooW94jARUIrgY6c1fkI
Samut Sakhon,เฉลิมชัย แอร์,"มหาชัย, Maha Chai, Mueang Samut Sakhon District, Samut Sakhon 74000, Thailand",+66 87 698 9451,4.6,9,Open · Closes 5 PM,ChIJW-2ViXC44jARbLoPAkkWh6I
Samut Sakhon,มาณพแอร์(ช่างตี๋) &ไฟฟ้าเซอร์วิส,"J8JF+WW6 ตำบล แคราย อำเภอกระทุ่มแบน, บางน้ำจืด เมือง, Samut Sakhon 74000, Thailand",+66 95 485 5015,5,13,Open 24 hours,ChIJc2ddDgC_4jARPIWfm5yOf4I
Samut Sakhon,ช่างแอร์พระราม 2 แสมดำ บางขุนเทียน สะแกงาม ท่าข้าม เทียนทะเล พันท้ายนรสิงห์ บางบอน บางมด ทุ่งครุ และระแวกใกล้เคียง,"100, 473 Bang Khun Thian-Chai Thalae Rd, Phanthai Norasing, Mueang Samut Sakhon District, Samut Sakhon 74000, Thailand",+66 86 982 4741,5,106,Open 24 hours,ChIJU25tPOq74jARHoXZELE_dFQ
Samut Sakhon,บริษัท อั๋นแอร์ แอนด์ อิเล็คทรอนิคส์2563 จำกัด,"62, 68 ม.2, Na Di, Mueang Samut Sakhon District, Samut Sakhon 74000, Thailand",+66 82 356 5506,4.6,20,Open · Closes 5 PM,ChIJD-glzx-54jARh80vGkaT5hE
Samut Sakhon,ร้านทักษ์แอร์เซอร์วิส,"57 ท่าทราย, 12, Tambon Tha Sai, Mueang Samut Sakhon District, Samut Sakhon 74000, Thailand",+66 83 285 8422,4.7,46,Open · Closes 8 PM,ChIJdeK2M4rH4jARGkC53xONDHI
Samut Sakhon,ช่างแอร์พระราม2 ช่างกล้องวงจรปิด CCTV ช่างไฟฟ้า ช่างติดตั้งเครื่องทำน้ำอุ่น,"357, 88 ซอย พระรามสอง, Samae Dam, Bang Khun Thian, Bangkok 10150, Thailand",+66 96 379 2822,4.6,22,Open 24 hours,ChIJj5ke_Oi94jAR6hnyWn_Za08
Samut Sakhon,บริษัท เอกมงคลชัย อีควิปเม้นท์ จำกัด,"1427, 1429 Ekkachai Rd, Bang Bon Tai, Khet Bang Bon, Bangkok 10150, Thailand",+66 2 894 8841,4.7,30,Open · Closes 5:30 PM,ChIJew4g6ei94jARvtUAXowWdpo
Samut Sakhon,ชลธารแอร์,"420/96, Samae Dam, Bang Khun Thian, Bangkok 10150, Thailand",+66 81 923 9686,5,3,Open · Closes 6 PM,ChIJi0d-zXej4jAR_-7y57MuA0I
Samut Sakhon,วีเอสซี แอร์,"119, 329 Soi Mu Ban Kanda Ban Rim Khlong 3, Phanthai Norasing, Mueang Samut Sakhon District, Samut Sakhon 74000, Thailand",+66 91 887 8516,5,2,Open · Closes 5 PM,ChIJCzoSSAC74jARV217-xVeCpQ
Samut Sakhon,ร้านปรีชาแอร์ พระราม2,"JCP8+C9M, Soi Sakae Ngam 14, Samae Dam, Bang Khun Thian, Bangkok 10150, Thailand",+66 91 036 8518,5,1,Open · Closes 8 PM,ChIJ0xx3qke94jARa-a3GmmwMno
Samut Sakhon,ที.อาร์.อะไหล่แอร์,"189/730, Phanthai Norasing, Mueang Samut Sakhon District, 74000, Thailand",+66 88 297 9794,5,3,Open · Closes 6 PM,ChIJTQvOcIC74jARmCDP7TxYHMg
Samut Sakhon,ร้านแอร์ดี เซลล์ แอนด์ เซอร์วิส,"H88M+MC3, สค.5031, Khok Kham, Mueang Samut Sakhon District, Samut Sakhon 74000, Thailand",+66 81 489 8572,5,2,Open · Closes 6 PM,ChIJ76CTWnG54jAR3acTt_yZTN0
Samut Songkhram,ที คูลอิเล็กทริค,"1247 274, Mae Klong, Mueang Samut Songkhram District, Samut Songkhram 75000, Thailand",+66 83 657 7999,5,2,Open · Closes 5 PM,ChIJbfBUbarV4jARR7arac2Nrww
Samut Songkhram,ช่างแอร์ สมุทรสงคราม,"21 ต, Tambon Phraek Nam Daeng, Amphawa District, Samut Songkhram 75110, Thailand",+66 95 590 1565,5,14,Open · Closes 5 PM,ChIJY4qO56_V_DARyEmrmQydvHU
Samut Songkhram,ร้าน กำธรแอร์,"CXJQ+6GH, สส.3010, Ban Prok, Mueang Samut Songkhram District, Samut Songkhram 75000, Thailand",+66 34 715 260,4.4,14,Open · Closes 5 PM,ChIJJc_IJQfU4jARxQlma5weRro
Samut Songkhram,บุญทิวาแอร์ยนต์,"231, Lat Yai, เมือง, Samut Songkhram 75000, Thailand",+66 97 074 1252,5,8,Open · Closes 6 PM,ChIJ3zxg4zrR4jARU6YdvpQ6ECM
Samut Songkhram,ฉลองชัยแอร์ยนต์,"Mae Klong, Mueang Samut Songkhram District, Samut Songkhram 75000, Thailand",+66 86 164 8633,4.8,47,Open · Closes 5:30 PM,ChIJuQuDl5DT4jARLmv169FKM7A
Samut Songkhram,นาวินแอร์,"90 57, Lat Yai, Mueang Samut Songkhram District, Samut Songkhram 75000, Thailand",+66 86 550 2718,5,2,Open 24 hours,ChIJkbRtPMPT4jARaGVABykam48
Samut Songkhram,ล้างแอร์บ้าน สมุทรสงคราม,"33/20, Mueang Samut Songkhram District, Samut Songkhram 75000, Thailand",+66 63 673 5530,5,1,Open 24 hours,ChIJW9cvUnzT4jARs-b1TBkYrzc
Samut Songkhram,เทียนทัยแอร์ยนต์ | Tianthai Air Yon,"143, 147 Rama II Rd, Mae Klong, Mueang Samut Songkhram District, Samut Songkhram 75000, Thailand",+66 34 713 690,4.9,15,Open now,ChIJZ5nzio3T4jARTLOQpOmclrs
Samut Songkhram,BG แอร์ยนต์,"6, 18 ม.6, Bang Phrom, Amphawa District, Samut Songkhram 75110, Thailand",+66 92 980 5145,5,20,Open · Closes 5:30 PM,ChIJPyvbDwDX4jARDc72Nfm_AJk
Samut Songkhram,ร้านดำรงค์แอร์แม่กลอง,"94, 3, Lat Yai, เมือง, Samut Songkhram 75000, Thailand",+66 65 206 9306,5,1,Open · Closes 5 PM,ChIJL5_lEm_R4jAR-JaD17sIdio
Samut Songkhram,ร้าน. บางนกแขวกแอร์,"FWVG+XFR, Bang Nok Kwaek, Bang Khonthi District, Samut Songkhram 75120, Thailand",+66 86 019 5161,5,3,Open now,ChIJS5qVvLfX4jARCYDyufz3tKU
Samut Songkhram,ร้านแอร์รถยนต์ นพพลเซอร์วิส,"77 บางแก้ว, Tambon Bang Kaeo, เมือง, Samut Songkhram 75000, Thailand",+66 98 634 5390,5,13,Open · Closes 8:30 PM,ChIJDeYu5ZHT4jARzIsMIujWv-0
Samut Songkhram,ใหม่ออโต้แอร์,"63/7ม.2ถนนบายพาสต, Lat Yai, อ, Samut Songkhram, Thailand",+66 89 150 5716,4.4,10,Open · Closes 11 PM,ChIJv6naaGbT4jARXZnZwI-Im6I
Samut Songkhram,ตั้นธง แอร์รถยนต์ แบตเตอรี่,"เส้นปากท่อสายเก่า ต, ตั้นธง แอร์รถยนต์ แบตเตอรี่ บ้าน, เลขที่165/9ม.12 ถ.หลัก, Bang Khan Taek, อ.เมือง Samut Songkhram 75000, Thailand",+66 96 728 6928,5,2,Open · Closes 6 PM,ChIJ7XlH3QnV4jARKlDSrZLAH8w
Samut Songkhram,นวพลแอร์,"104/11 หมู่ที่12 ต, อ เมือง, Samut Songkhram, Thailand",+66 82 347 5455,5,1,Open now,ChIJ5a1FewDR4jARuQppXiu5frU
Samut Songkhram,ร้าน ศุภชัยแอร์,"53, 11 Leamyai Rd, ตำบล เเม่กลอง Mueang Samut Songkhram District, Samut Songkhram 75000, Thailand",+66 88 847 1116,,,Open · Closes 9 PM,ChIJ8RIOKwDV4jAR5M_7wsNmwas
Samut Songkhram,ณรงค์แอร์,"9W4G+895, Rural Rd Samut Songkhram 2012, Yisan, Amphawa District, Samut Songkhram 75110, Thailand",+66 89 742 8593,5,2,Open · Closes 6 PM,ChIJSUhNJy7V4jARYel3BqvfaxY
Samut Songkhram,Thong Chai Air,"บ้านเลขที่ 3, 1 หมู่ 5 Rama II Rd, Laem Yai, Mueang Samut Songkhram District, Samut Songkhram 75000, Thailand",+66 34 736 243,4.4,7,Open · Closes 6 PM,ChIJuwBht43U4jARb6kfynWC6rQ
Samut Songkhram,ทองนิรุตติ์แอร์รถยนตร์,"อัมพวา นอกเขตผังเมืองรวม, 88/13, Amphawa District, Samut Songkhram 75110, Thailand",+66 99 094 4349,5,6,Open · Closes 6 PM,ChIJr89W9JbV4jARvMUVNzKC3Yk
Samut Songkhram,ธวัชชัยแอร์,"CX9G+GF4, Ban Prok, Mueang Samut Songkhram District, Samut Songkhram 75000, Thailand",,4.9,7,,ChIJQTfsFRLU4jARZFc7jpfPl1Q
Suphan Buri,เอเอสแอร์สุพรรณบุรี,"104 321, Tha Phi Liang, Mueang Suphan Buri District, Suphan Buri 72000, Thailand",+66 35 545 646,4.5,27,Open · Closes 5 PM,ChIJU4-901E44jAR4Ib1Ng4czLQ
Suphan Buri,กิจนครแอร์,"F4RH+HVM, ซอย สนามชัย 2, Phihan Daeng, Mueang Suphan Buri District, Suphan Buri 72000, Thailand",+66 61 969 9921,5,12,Open · Closes 5:30 PM,ChIJU7vhqWU54jARXHx7M-yf9PM
Suphan Buri,ช่างแอร์สุพรรณบุรี,"505 ถนนมาลัยแมน ตำบลท่าพี่เลี้ยง อำเภอเมือง Thailand, Suphan Buri 72000, Thailand",+66 81 010 4548,5,2,Open · Closes 8:30 PM,ChIJhXsQxnQ54jARel1PPT2H4l0
Suphan Buri,แอร์บ้านสุพรรณบุรี,"233 สระแก้ว, Tambon Sa Kaeo, เมือง, Suphan Buri 72230, Thailand",+66 85 625 5066,5,2,Open · Closes 8 PM,ChIJkQtH_hg54jARB4Wf08DYOqc
Suphan Buri,เอสพีเค แอร์บ้าน,"120/1 สระแก้ว, Tambon Sa Kaeo, เมือง, Suphan Buri 72230, Thailand",+66 63 958 5943,5,1,Open 24 hours,ChIJbZT5nQw34jARBvVZ_4m-coQ
Suphan Buri,ร้านฉัตรมงคลแอร์,"F4JC+M8Q ห้างหุ้นส่วนจำกัด เตียเจริญสุข, Nang Soi Kaeo Rd, Tha Phi Liang, Mueang Suphan Buri District, Suphan Buri 72000, Thailand",+66 81 294 4333,4,8,Open · Closes 5 PM,ChIJvXT9tlY44jARsufdCGdQg1U
Suphan Buri,ร้านนายหนึ่งแอร์เซอร์วิส สุพรรณบุรี,"บ้าน, เลขที่ 182 Khun Phaen Rd, Tha Rahat, Mueang Suphan Buri District, Suphan Buri 72000, Thailand",+66 92 330 8177,5,5,Open · Closes 8 PM,ChIJ0dLGWwA54jARuyiihRQBekk
Suphan Buri,รณกร แอร์ ไดนาโม24ชั่วโมง,"สพ.3057, Sanam Khli, Mueang Suphan Buri District, Suphan Buri 72230, Thailand",+66 91 994 9478,5,42,Open 24 hours,ChIJZ34s0-Q34jARTinJ1DEXfuY
Suphan Buri,ช่างอู๋แอร์สุพรรณ,"205, Sanam Chai, Mueang Suphan Buri District, Suphan Buri 72000, Thailand",+66 99 193 2633,5,4,Open · Closes 6 PM,ChIJZdfxF3U54jARFsJkG0ruabM
Suphan Buri,มั่นคงแอร์,"Malaiman Rd, Sanam Chai, Mueang Suphan Buri District, Suphan Buri 72000, Thailand",+66 81 406 5869,4.5,12,Open · Closes 6 PM,ChIJtyw6q_444jARuKbhM1LF9tQ
Suphan Buri,สุพรรณแอร์ ยางยนต์,"19, 2 Naenkeaw Road, Tha Rahat, Mueang Suphan Buri District, Suphan Buri 72000, Thailand",+66 35 523 333,4.9,171,Open · Closes 6 PM,ChIJS6ahCVA54jARFbEOCV8YRaM
Suphan Buri,แอร์บ้านByช่างอู๋,"หน้าวัดสำปะซิว, 205 Soi Ban Hua Yang 2 Mu 3, Sanam Chai, เมือง, Suphan Buri 72000, Thailand",+66 99 193 2633,5,3,Open · Closes 6 PM,ChIJrUO-mr054jARvxZX9E7T0Iw
Suphan Buri,บริษัท ทรัพย์ทวีกิจ แอร์ แอนด์ ซัพพลาย จำกัด,"8, Tha Rahat, เมือง, Suphan Buri 72000, Thailand",+66 95 879 9444,5,2,Open · Closes 5 PM,ChIJCX9ZEw454jAR1bpZReQMCeE
Suphan Buri,ธันยาภัทร์แอร์ เซอร์วิส,"233, Sa Kaeo, Mueang Suphan Buri District, Suphan Buri 72230, Thailand",+66 85 625 5066,5,1,Open · Closes 8 PM,ChIJnVV9tLc54jAR-3f4FTUXGNs
Suphan Buri,ร้านมนัสแอร์ แอร์บ้าาน-แอร์สำนักงาน(ช่างนัสสุพรรณบุรี),"72000 โทร .081-2945122,089-5068545, Tha Rahat, Mueang Suphan Buri District, Suphan Buri, Thailand",+66 81 294 5122,3.6,5,Open · Closes 5 PM,ChIJXVkExVc44jARxtyZi__BDIs
Suphan Buri,krobkrua-airban,"320 Suphanburiringroad.Rd, Rua Yai, Mueang Suphan Buri District, Suphan Buri 72000, Thailand",+66 86 160 1599,5,3,Open · Closes 11 PM,ChIJZ4WY_IBJ4jAROyfSEyrmgPQ
Suphan Buri,ศักต์แอร์เซอร์วิส,"45 หมู่ 9, Don Kamyan, เมือง, Suphan Buri 72000, Thailand",+66 86 166 0612,4.9,9,Open · Closes 5 PM,ChIJvz6jpnlJ4jAR6-Mtnmhr9gI
Suphan Buri,ร้าน A.M.แอร์,"76 ต, Lak Kaeo, Wiset Chai Chan District, Ang Thong 14110, Thailand",,4.3,3,,ChIJWVzbyUYV4jARC3lUgkWRIoE
Suphan Buri,เทคนิคเครื่องเย็น สุพรรณบุรี,"222/4 5, Sanam Chai, Mueang Suphan Buri District, Suphan Buri 72000, Thailand",+66 83 786 0631,4.1,11,Open · Closes 5 PM,ChIJSeg0gNI54jARQk-D6Nb1VWg
Suphan Buri,ร้านสุรศักดิ์แอร์&เซอวิส,"F6CG+542, สพ.3098, Khok Kho Thao, Mueang Suphan Buri District, Suphan Buri 72000, Thailand",,4,2,,ChIJLc0Aiu8_4jARWtyfyshdu3c
Kanchanaburi,"หจก.ดำเนินเซลส์แอนด์เซอร์วิส สาขา1 จ.กาญจนบุรี (จำหน่ายแอร์บ้าน, อะไหล่แอร์,ล้าง,ซ่อมแอร์)","162/13 ม.9, Mueang Kanchanaburi District, Kanchanaburi 71000, Thailand",+66 62 940 6888,5,1,Open · Closes 6:30 PM,ChIJ7d46py8L4zARyv7R2Y9k0f0
Kanchanaburi,ร้านอะไหล่แอร์ กาญจนบุรี-นริสแอร์,"35/15-16, Tha Muang, Tha Muang District, Kanchanaburi 71110, Thailand",+66 80 659 1626,4.7,13,Open · Closes 6 PM,ChIJX0sD6HIP4zAREDd5M9gmqAM
Kanchanaburi,เจ๋งแอร์2,"หมู่ที่ 1, 232/67, Lat Ya, Mueang Kanchanaburi District, Kanchanaburi 71190, Thailand",+66 99 283 3113,5,7,Open · Closes 10:30 PM,ChIJrTbEjqWd4zARfy_NxwRn1S8
Kanchanaburi,บุญมาแอร์ กาญจนบุรี,"103, 4, Tha Lo, Tha Muang District, Kanchanaburi 71110, Thailand",+66 94 564 9742,4.6,47,Open · Closes 5 PM,ChIJ1biC1WoM4zARVBG-Kbxr-sA
Kanchanaburi,เคเอสแอร์,"95/41หมู่3ต.ปากแพรก อ, Pak Phraek, Mueang Kanchanaburi District, Kanchanaburi 71000, Thailand",+66 92 894 6546,5,3,Open · Closes 8 PM,ChIJI4_6GHQL4zARcL5o5BzHk08
Kanchanaburi,แอร์เมืองกาญอู่ทองแอร์รถยนต์,"529/3, เมือง, Kanchanaburi 71000, Thailand",+66 61 592 6459,4.9,10,Open · Closes 6 PM,ChIJaV-HOxR14zARA42X7u1QOXM
Kanchanaburi,หจก.กาญจนบุรีแอร์ แอนด์ ซาวด์,"284, 41-42 Bannua Rd, Tambon Ban Tai, เมือง, Kanchanaburi 71000, Thailand",+66 85 403 8822,4.4,60,Open · Closes 5 PM,ChIJyVwLrd4d4zARxK8BVfQwO1U
Kanchanaburi,บีพี แอร์บ้านกาญจนบุรี,"101, 18, Tambon Pak Phraek, เมือง, Kanchanaburi 71000, Thailand",+66 93 270 9719,5,4,Open 24 hours,ChIJbQzYmIkL4zARhXf1TcwB8RU
Kanchanaburi,Sang Suwan Air,"303, 9 10, Tambon Ban Tai, เมือง, Kanchanaburi 71000, Thailand",+66 81 942 4514,4.5,43,Open · Closes 5 PM,ChIJB2SH98F04zARGPkZY8hAl-4
Kanchanaburi,ร้าน นิวโสภณอุปกรณ์,"8/49ซอยไปรษณีย์, ตำบลในเมือง อำเภอเมือง, Praisanee, เมือง, Kanchanaburi 71000, Thailand",+66 94 628 2466,4.8,16,Open · Closes 5:30 PM,ChIJBXlu6a104zAR6GXnc6Pr77k
Kanchanaburi,ร้านทรัพย์เจริญแอร์ ลาดหญ้า,"190, 77, Tambon Lat Ya, Mueang Kanchanaburi District, Kanchanaburi 71190, Thailand",+66 82 974 6746,5,1,Open · Closes 6 PM,ChIJIbZOr-2d4zARsSsdu2aTeYg
Kanchanaburi,แอร์กาญ❄️&ระบบไฟฟ้า⚡️,"35/19, เมือง, Kanchanaburi 71000, Thailand",+66 92 550 8924,5,1,Open 24 hours,ChIJE6v7OgB14zARqdXEm08DTPg
Kanchanaburi,ธนพลแอร์,"95 หนองบัว, 6, Tambon Nong Bua, เมือง, Kanchanaburi 71190, Thailand",+66 80 426 3635,5,2,Open · Closes 7:30 PM,ChIJJSDIs_J34zARmrS4EAHtFao
Kanchanaburi,ร้าน พิษณุ&แอร์บ้าน,"2GJP+9WF, Pat Ta Na Kan Rd, Pak Phraek, Mueang Kanchanaburi District, Kanchanaburi 71000, Thailand",+66 61 116 8283,5,1,Open · Closes 6 PM,ChIJM1UqSwB14zARVRbya5pJVoM
Kanchanaburi,ทรัพย์เจริญ แอร์ แอนด์ เซอร์วิส,"136, 3, Nong Ya, Mueang Kanchanaburi District, Kanchanaburi 71000, Thailand",+66 96 250 7568,4.5,2,Open 24 hours,ChIJf4-8m_R14zARWMyQMuhcqL0
Kanchanaburi,ณัฐพงศ์ แอร์,"3FFM+83M, 3199, Kaeng Sian, Mueang Kanchanaburi District, Kanchanaburi 71000, Thailand",+66 90 447 4133,5,2,Open · Closes 5:30 PM,ChIJKU1KnmR14zARFKvyeduMVKU
Kanchanaburi,สยามเทคนิคแอร์,"65/9 Sangchuto Rd, Tha Lo, Tha Muang District, Kanchanaburi 71000, Thailand",+66 34 513 502,4.6,10,Open now,ChIJHeS89qQM4zARJLi_IsYncAY
Kanchanaburi,ร้าน สุริยะแอร์,"234/5, ตำบลบ้านใต้ อำเภอเมือง, ถนน บ้านใต้, เมือง, Kanchanaburi 71000, Thailand",+66 81 267 6366,4,2,Open · Closes 5:30 PM,ChIJAaDl-rh04zAReeVtB3S8crs
Kanchanaburi,ร้าน ชัยกร แอร์,"820, 22 หมู่ 2 Sangchuto Rd, ตำบลท่าม่วง Tha Muang District, Kanchanaburi 71110, Thailand",+66 64 514 4545,5,1,Open · Closes 6 PM,ChIJf6yn7JwO4zARBiiPbrogS8s
Kanchanaburi,แอร์แอนด์เซอร์วิสกาญจนบุรี,"Khao Tong Phatthana Soi 12, Pak Phraek, Mueang Kanchanaburi District, Kanchanaburi 71000, Thailand",+66 62 419 4194,4.5,34,,ChIJ_f8_mkUL4zAR2PcThu6rlxQ
Ratchaburi,ซินซินริมน้ำ (หจก.ซินซิน อิเล็คทริค),"Kraipetch Rd, Na Muang, Mueang Ratchaburi, Ratchaburi 70000, Thailand",+66 82 242 1560,5,27,Open · Closes 6 PM,ChIJR0PcpQYm4zARTC_4Hx2GL9U
Ratchaburi,ร้านพิทักษ์แอร์แอนด์เซอร์วิส,"236/3 ม.2 ต.เจดีย์หัก ถ.เจดีย์หัก อ.เมือง, ไทย, Ratchaburi 70000, Thailand",+66 81 290 9512,4.7,21,Open · Closes 6 PM,ChIJH5neLPol4zAR0CDrzxttALE
Ratchaburi,ซินซินแอร์,"258, 20 ถนน Si Suriyawong, Na Muang, Mueang Ratchaburi, Ratchaburi 70000, Thailand",+66 86 316 0601,4.7,3,Open · Closes 5 PM,ChIJNYU4Axwl4zARAtxUJfvzpqM
Ratchaburi,ร้าน ปราณีแอร์ อิเลคทริค ราชบุรี,"555, 22, Tambon Na Muang, เมือง, Ratchaburi 70000, Thailand",+66 91 104 7927,5,12,Open 24 hours,ChIJAYJyJ27pyKkRlv3_U8VvuRc
Ratchaburi,ราชบุรีอะไหล่แอร์,"166/22 ม.12 ต, Chedi Hak, Mueang Ratchaburi, Ratchaburi 70000, Thailand",+66 81 446 8510,4.9,17,Open · Closes 6 PM,ChIJgY0ufgAv4zAR1df1VMNc_QI
Ratchaburi,ติดตั้งแอร์ ล้างแอร์ราชบุรี ระวิพันธ์แอร์เซอร์วิส,"696, 8, ต.พงสวาย อ.เมือง, Ratchaburi 70000, Thailand",+66 90 353 5160,5,35,Open · Closes 5 PM,ChIJLSgyDdon4zARa-PTR8gZHdM
Ratchaburi,ฉลองแอร์รถยนต์,"103, 18 Chawdin Alley, Na Muang, Mueang Ratchaburi, Ratchaburi 70000, Thailand",+66 80 965 3662,4.8,244,Open · Closes 5 PM,ChIJXcpB4uYl4zARr2Ddk4yU_ok
Ratchaburi,ทรัพย์เจริญแอร์ ราชบุรี,"234/14 ม.2 ต, อ.เมือง, Ratchaburi, Thailand",+66 92 446 1212,5,1,Open · Closes 6 PM,ChIJL5IlqHAl4zARaY8ZzWdwsgA
Ratchaburi,ร้านบ้านสวนแอร์,"11 อ่างทอง, 1, Tambon Ang Thong, เมือง, Ratchaburi 70000, Thailand",+66 81 440 6801,4.3,4,Open · Closes 5 PM,ChIJa1zJMNct4zARRVz1GJFNuYU
Ratchaburi,สมเกียรติ​ออโต้แอร์,"เลขที่ 91/3, Lum Din, Mueang Ratchaburi, Ratchaburi 70000, Thailand",+66 92 415 6155,4.9,17,Open · Closes 5:30 PM,ChIJjexniEQv4zARO9huJr6xgX8
Ratchaburi,รัตนพงศ์ แอร์&เซอร์วิส ราชบุรี,"696, 7 หมู่1, Pong Sawai, เมือง, Ratchaburi 70000, Thailand",+66 92 680 4980,5,2,Open · Closes 7 PM,ChIJJzF-YzYn4zARY6apdhja-TE
Ratchaburi,ร้านกิตติแอร์ ราชบุรี,"GRJ3+J8Q, Na Muang, Mueang Ratchaburi, Ratchaburi 70000, Thailand",+66 32 326 649,4.6,40,Open · Closes 6 PM,ChIJGY1HGFcv4zARMijU3cNsu1I
Ratchaburi,ร้านรุ่งเรืองแอร์,"317/10-11 หมู่9, Damnoen Saduak District, Ratchaburi 70130, Thailand",+66 62 419 4419,4.7,12,Open · Closes 6 PM,ChIJsYkFKgLZ4jARjkDxrysvG-A
Ratchaburi,ร้านบายพาสแอร์ ราชบุรี,"443, Don Tako, เมือง, Ratchaburi 70000, Thailand",+66 81 858 1620,3.7,6,Open · Closes 5 PM,ChIJCTDnafkp4zAR6bgUPtuEZQw
Ratchaburi,ร้านอั๋นแอร์,"Chedi Hak, Mueang Ratchaburi, Ratchaburi 70000, Thailand",+66 83 897 9932,5,4,Open · Closes 5 PM,ChIJoTu40_Ml4zARnySXJJozHh0
Ratchaburi,สิงโตแอร์ ล้างแอร์ราชบุรี,"191 ม.5 Chedi Hak, Tambon Chedi Hak, เมือง, Ratchaburi 70000, Thailand",+66 95 961 5380,5,32,Open · Closes 6 PM,ChIJaS1o-TUl4zARXC1dhecdjZo
Ratchaburi,ร้านศุภณัฐแอร์ ราชบุรี,"328, 32 ถ.เพชรเกษม ซอย 3, หน้าเมือง เมือง, Ratchaburi 70000, Thailand",+66 83 929 5099,3.8,57,Open · Closes 6 PM,ChIJE8eQh1kv4zARvqj6GGz8KEQ
Ratchaburi,ร้าน ราชบุรีแอร์,"Na Muang, Mueang Ratchaburi, Ratchaburi 70000, Thailand",+66 81 857 1100,4,4,Open · Closes 5 PM,ChIJN4RZ2vcl4zARnMV8QvpbwAE
Ratchaburi,ดำเนินเซลส์ แอร์บ้าน อะไหล่แอร์,"97, 9, Don Kruai, Damnoen Saduak District, Ratchaburi 70130, Thailand",+66 62 940 6888,5,3,Open · Closes 6 PM,ChIJm1U8NCnZ4jARQpLcwRu063U
Ratchaburi,รุ่งเรืองแอร์ยนต์2,"108, 11 บ้านคลองพะเนาว์ ม.5 ซอย, Don Kruai, Damnoen Saduak District, Ratchaburi 70130, Thailand",+66 86 578 1271,5,3,Open · Closes 5 PM,ChIJ_VApqILZ4jARhAM5UVNp-dw
Phetchaburi,เพชรแอร์ คอนดิชั่นนิ่ง,"123, Ton Mamuang, เมือง, Phetchaburi 76000, Thailand",+66 92 891 9938,5,3,Open · Closes 5:30 PM,ChIJYT_WLnkn_TARCy1U63aQx1Y
Phetchaburi,ช่างโพธิ์ แอร์เซอส์วิส,"214 บ้านลาด, Tambon Ban Lat, Ban Lat District, Phetchaburi 76150, Thailand",+66 64 196 3626,5,11,Open · Closes 8 PM,ChIJf3zpfWIh_TAR2aJYZ7CoPNY
Phetchaburi,บริษัท วังทอง เซลส์ แอนด์ เซอร์วิส จำกัด,"145 Phet Kasem Rd, Rai Som, Mueang Phetchaburi District, Phetchaburi 76000, Thailand",+66 32 402 444,4,30,Open · Closes 5:30 PM,ChIJyym-1mon_TARFtxqjF29t6I
Phetchaburi,สมภพอะไหล่แอร์ เพชรบุรี,"171/1 Phetkasem Frontage Rd, Khlong Kra Saeng, Mueang Phetchaburi District, Phetchaburi 76000, Thailand",+66 89 669 0177,4.9,15,Open · Closes 5:30 PM,ChIJQ1mJgxon_TAR0BTBPcFo7r0
Phetchaburi,บ้านหม้อแอร์บ้าน&เซอร์วิสเพชรบุรี,"86, 1, Ban Mo, Mueang Phetchaburi District, Phetchaburi 76000, Thailand",+66 86 527 3643,4.8,13,Open · Closes 8 PM,ChIJLeGlcpkn_TARI8eVZbcwv3I
Phetchaburi,ร้านธวิชแอร์เซอร์วิส,"12 หมู่2, ถนนหาดเจ้าสำราญ, ตำบลโพไร่หวาน อำเภอเมือง จังหวัดเพชรบุรี, 76000, อ.เมือง, Phetchaburi 76000, Thailand",+66 86 561 5549,4.8,6,Open · Closes 6 PM,ChIJiduiHUQh_TARm8FhlnjL_iE
Phetchaburi,ช่างต่อแอร์รถยนต์ เพชรบุรี,"510 Phet Kasem Rd, ต.บ้านหม้อ อ.เมือง, Phetchaburi 76000, Thailand",+66 95 870 9356,5,13,Open · Closes 5 PM,ChIJ8V-hR3Qn_TARNll3cctft0k
Phetchaburi,ร้าน ทีเอนเค แอร์คลู TNK Aircool.,"Rai Som, Mueang Phetchaburi District, Phetchaburi 76000, Thailand",+66 84 202 9816,5,1,Open · Closes 7:30 PM,ChIJm2d8FAAn_TARbFbytM7DPkk
Phetchaburi,จ่าชัยคูลแอร์,"161, Tambon Nong Kapu, Ban Lat District, Phetchaburi 76150, Thailand",+66 61 193 6196,5,4,Open · Closes 5 PM,ChIJXWTV6X7f_DARDCzbbDu3jwk
Phetchaburi,เทียนนาคเซอร์วิสแอร์(ร้านแอร์เพชรบุรี)Byช่างอ๋า,"97 ซอย 2 หมู่ 2, Don Yang, Mueang Phetchaburi District, Phetchaburi 76000, Thailand",+66 86 711 6676,5,1,Open · Closes 5 PM,ChIJow2SyoIh_TARTuSCrcFcQ7c
Phetchaburi,Tom air for car,"1, 1, Tambon Rai Som, เมือง, Phetchaburi 76000, Thailand",+66 80 650 6748,5,20,Open · Closes 5 PM,ChIJicmeXwsn_TARtyuXnA6tKww
Phetchaburi,ร้านโดมทองแอร์&ฮาร์ทแวร์เซอร์วิส,"101, 5, Tha Raeng, Ban Laem District, Phetchaburi 76110, Thailand",+66 95 870 0967,5,2,Open · Closes 7 PM,ChIJg3g4e8In_TARYaGBiTz2IEY
Phetchaburi,เพชรสุพรรณแอร์,"4W7M+77M, Phetkasem Sai Kao Rd, Ban Mo, Mueang Phetchaburi District, Phetchaburi 76000, Thailand",+66 84 094 1562,5,3,Open · Closes 6 PM,ChIJs2KjJA8n_TARWeq1wxX22j8
Phetchaburi,แฟรงค์ ไดนาโม แอร์,"102/10ต, Pho Rai Wan, อ.เมือง, Phetchaburi, Thailand",+66 83 969 0732,4.8,20,Open · Closes 5 PM,ChIJB9WLyo4n_TARPrbYwTLcwcs
Phetchaburi,Charoen Phon Air Car,"3WWQ+GMP, Phet Kasem Rd, Ban Mo, Mueang Phetchaburi District, Phetchaburi 76000, Thailand",+66 32 410 380,3.8,11,Open · Closes 5 PM,ChIJuSYBcyIn_TARgcYUHj4auEk
Phetchaburi,รงค์วิเศษแอร์,"45, Tha Chang, Ban Lat District, Phetchaburi 76150, Thailand",+66 84 149 1211,,,Open · Closes 6:30 PM,ChIJC0WjZQAh_TAR6x1_mo46xoI
Phetchaburi,แอร์บ้าน ฟร้อนท์&เฟอร์,"134, 1 Thetsaban 3 Alley, Ban Laem, Ban Laem District, Phetchaburi 76110, Thailand",+66 64 593 7109,5,1,Open 24 hours,ChIJHZZeZQAp_TARNiPD31emMPU
Phetchaburi,ล้างแอร์ จ่าชัยคูลแอร์,"Tambon Nong Prong, Khao Yoi District, Phetchaburi 76140, Thailand",+66 61 193 6196,,,Open · Closes 5:30 PM,ChIJX9r_uxHZ_DARhXgotLeYMkE
Phetchaburi,เพชรบุรีแอร์ แอนด์เซอร์วิส,"เลขที่ 5 ถนน, Pa Nich Charoen, Tha Rab, Moung, 76000, Thailand",+66 82 242 9329,1,1,Open now,ChIJG6ob-qEn_TARw7fdz7Itq7U
Phetchaburi,ร้านแจ๊คแอร์รถยนต์เพชรบุรี,"บ้านหม้อ, 222/7 หมู่ 6 ตำบลบ้านหม้ออำเภอเมือง, เมือง, Phetchaburi 76000, Thailand",+66 98 181 8504,4.2,5,Open · Closes 5:30 PM,ChIJedK6pP0n_TARzD-2HglYwno
Prachuap Khiri Khan,ร้านพลการแอร์,"39, 6 ถนน สุขใจ, Prachuap Khiri Khan, Mueang Prachuap Khiri Khan District, Prachuap Khiri Khan 77000, Thailand",+66 89 410 2738,5,10,Open · Closes 6 PM,ChIJScllmTWF_jARez7xAqutPcI
Prachuap Khiri Khan,น.แอร์เซอร์วิส,"19, 8 Donheang, Tambon Ko Lak, Mueang Prachuap Khiri Khan District, Prachuap Khiri Khan 77000, Thailand",+66 65 955 0552,5,1,Open · Closes 5:30 PM,ChIJ2Z2NifOF_jARAa5K5QU0ToM
Prachuap Khiri Khan,รัตนพลแอร์สาขาประจวบ,"148 ถนน เกาะหลัก, Tambon Prachuap Khiri Khan, Mueang Prachuap Khiri Khan District, Prachuap Khiri Khan 77000, Thailand",+66 64 193 9929,5,1,Open · Closes 5 PM,ChIJq2CjZQCF_jARJYGnkgAKC_k
Prachuap Khiri Khan,โอเอ็มแอร์ ซีซีทีวี โซลูชั่น จํากัด,"27 Sala Cheep Rd, Prachuap Khiri Khan, อำเภอเมือง, Prachuap Khiri Khan 77000, Thailand",+66 83 313 0907,5,17,Open · Closes 7:30 PM,ChIJierutiGE_jARBt3TXYZxLwc
Prachuap Khiri Khan,ร้านทรัพย์ศิวาแอร์,"23 1, Tambon Khlong Wan, เมือง, Prachuap Khiri Khan 77000, Thailand",+66 82 102 3112,5,3,Open · Closes 9 PM,ChIJScqjL6GP_jAR81qybIP0ECU
Prachuap Khiri Khan,วัชรพลแอร์ ไดนาโม,"RQCC+68J, Rural Rd Prachuap Khiri Khan 11023, Ko Lak, Mueang Prachuap Khiri Khan District, Prachuap Khiri Khan 77000, Thailand",+66 61 572 5871,4.8,26,Open · Closes 7 PM,ChIJYa7BWRGD_jAR6x1JIaxMHY8
Prachuap Khiri Khan,สยามชัยเซอร์วิส สาขาประจวบคีรีขันธ์,"119/8, 119/9 Sala Cheep Rd, คิรีขันธ์, Mueang Prachuap Khiri Khan District, Prachuap Khiri Khan 77000, Thailand",+66 65 985 5633,4.8,180,Open · Closes 8 PM,ChIJH-hb-2GF_jARlRTAcT7tyC4
Prachuap Khiri Khan,Charoen Eletronic&Air,"QQXX+XQH, Prachuap Khiri Khan, Mueang Prachuap Khiri Khan District, Prachuap Khiri Khan 77000, Thailand",+66 81 197 7303,5,1,Open · Closes 6:30 PM,ChIJCUsshhSF_jARInAqiet7iV8
Prachuap Khiri Khan,ร้านบุญธรรมเครื่องเย็น,"24/1 Pitak Chart Rd, Tambon Prachuap Khiri Khan, Mueang Prachuap Khiri Khan District, Prachuap Khiri Khan 77000, Thailand",+66 87 008 8790,4.6,17,Open · Closes 5 PM,ChIJWeTfdfaD_jARdR-Bk-H94tE
Prachuap Khiri Khan,ร้านแอร์ประจวบ,"148/3, เมือง, Prachuap Khiri Khan 77000, Thailand",+66 64 193 9929,,,Open · Closes 5 PM,ChIJza77VlaF_jARifH2s4rSuRk
Prachuap Khiri Khan,อาท เซอร์วิส แอร์,"ซอย เหมือนฝัน 6, Khlong Wan, Mueang Prachuap Khiri Khan District, Prachuap Khiri Khan 77000, Thailand",+66 88 763 4048,3.7,3,Open · Closes 5 PM,ChIJRxmqFkaF_jAREDHXiSPw2dU
Prachuap Khiri Khan,Kp.ไฟฟ้าแอร์บ้าน,"93 ต, 3 ถนน เกาะหลัก, Tambon Ko Lak, อ.เมือง, Prachuap Khiri Khan 77000, Thailand",+66 88 456 2286,5,1,Open 24 hours,ChIJ6WKSIiaF_jARMU5canxtkbE
Prachuap Khiri Khan,ร้านนิยมเครืองเย็น,"QQVH+V5M, Unnamed Road, Tambon Prachuap Khiri Khan, Mueang Prachuap Khiri Khan District, Prachuap Khiri Khan 77000, Thailand",+66 81 943 0090,4.3,3,Open now,ChIJi-9r4WWE_jARfKVoXzUXGtc
Prachuap Khiri Khan,สามารถการไฟฟ้า ไดนาโม แอร์รถยนต์,"32-34 Pitak Chart Rd, Tambon Prachuap Khiri Khan, Mueang Prachuap Khiri Khan District, Prachuap Khiri Khan 77000, Thailand",+66 85 130 5711,5,1,Open · Closes 5 PM,ChIJSZ0_99yD_jARXsBqGUjO4tM
Prachuap Khiri Khan,ร้านอนันต์แอร์(ช่างต๊ะ) นิคมประจวบคีรีขันธ์,"59, 7, Tambon Ao Noi, เมือง, Prachuap Khiri Khan 77210, Thailand",+66 81 014 4271,,,Open · Closes 6 PM,ChIJ_zRe9QKF_jARLzpVabHstEc
Prachuap Khiri Khan,มังกรแอร์,"97, 1 อ.เมือง, Khlong Wan, เมือง, Prachuap Khiri Khan 77000, Thailand",+66 98 028 0399,,,Open now,ChIJWx8rTTCF_jARDNNL_NjT7h4
Prachuap Khiri Khan,ท.ไฟฟ้า2 ร้านซ่อมรถยนต์/แอร์/ไดนาโม/แบตเตอรี่,"217, 1 Phet Kasem Rd, Ao Noi, Mueang Prachuap Khiri Khan District, Chang Wat Prachuap Khiri Khan 77000, Thailand",+66 89 837 2566,4.7,9,Open · Closes 5 PM,ChIJNUQuNpaD_jARRPUe1X4tEfg
Prachuap Khiri Khan,ร้าน ย เทคนิคแอร์แอนด์อิเลคทรอนิคส์,"352 พิทักษ์ชาติ Pitak Chart Rd, Prachuap Khiri Khan, Mueang Prachuap Khiri Khan District, Prachuap Khiri Khan 77000, Thailand",+66 32 604 191,,,Open now,ChIJ54GfVQmE_jARResnaYVsU7U
Prachuap Khiri Khan,แบตเตอรี่รถยนต์เสริมทรัพย์แบตเตอรี่,"140, 11 ถนน เกาะหลัก, Tambon Prachuap Khiri Khan, Mueang Prachuap Khiri Khan District, Prachuap Khiri Khan 77000, Thailand",+66 91 789 6158,5,33,Open 24 hours,ChIJgXr1hSeF_jARcT5-KAfX3qc
Prachuap Khiri Khan,บริษัท วีทู การไฟฟ้า จำกัด,"225 ถนน เกาะหลัก, Tambon Prachuap Khiri Khan, เมือง, Prachuap Khiri Khan 77000, Thailand",+66 32 510 845,5,3,Open · Closes 6 PM,ChIJSeGVK5mF_jARk7-lkIM3aug
Chachoengsao,ร้าน แปดริ้ว แอร์เซอร์วิส,"409, 4 Soi Prachasan, Na Mueang, Mueang Chachoengsao District, Chachoengsao 24000, Thailand",+66 66 157 3483,4.9,46,Open · Closes 3 PM,ChIJJXCepRkVHTERl2sopQCd9Dk
Chachoengsao,ร้าน รุ่งเจริญแอร์,"241 Thanon Sukprayun, Na Mueang, Mueang Chachoengsao District, Chang Wat Chachoengsao 24000, Thailand",+66 86 141 9028,4.5,2,Open · Closes 6 PM,ChIJ-xy2O5wXHTERqq58ZZHn5ec
Chachoengsao,นิรุทแอร์แอนด์เซอร์วิส,"ถนน พิมพาวาส, Phimpha, Bang Pakong District, Chachoengsao 24180, Thailand",+66 61 893 5162,5,4,Open · Closes 5 PM,ChIJByNyJeBAHTERgBnOfugHpws
Chachoengsao,ร้าน อ.เจริญแอร์,"21, 15-16 ถนน Bang Khla-Plaeng Yao Alley, Bang Khla, Bang Khla District, Chachoengsao 24110, Thailand",+66 38 827 321,4.3,9,Open · Closes 6:30 PM,ChIJPwuUmKAZHTERNb9HUktCDuM
Chachoengsao,ร้านบ้านโพธิ์แอร์,"Tambon Lat Khwang, Amphoe Ban Pho, Chang Wat Chachoengsao 24140, Thailand",,5,1,Open · Closes 8 PM,ChIJ1zbP-_4-HTERpNnIMqM0IPE
Chachoengsao,บ้านรักษ์แอร์แปดริ้ว,"51 5, ต.โสธร อ.เมือง, Chachoengsao 24000, Thailand",+66 99 505 4445,5,2,Open · Closes 7 PM,ChIJ62bJaw8VHTER45EpMy9KpxE
Chachoengsao,ห้างหุ้นส่วนจำกัด เสียงชัยแอร์,"4 ถนน Thanon Suan Somdet, Na Mueang, Mueang Chachoengsao District, Chachoengsao 24000, Thailand",+66 38 514 249,4,4,Open · Closes 6 PM,ChIJk7e5yN8VHTER8y-9C8jTqzw
Chachoengsao,เอิร์ธแอร์&ไฟฟ้าเซอร์วิช24ช.ม,"วังตะเคียน, 152/6 ถนนสุวินทวงศ์ ต.หน้าเมือง อ.เมือง, เมือง, Chachoengsao 24000, Thailand",+66 81 131 6293,5,5,Open 24 hours,ChIJtTGCc8gVHTERn_Qb9UueGx4
Chachoengsao,ร้านเย็นดีแอร์ เซอร์วิส,"37/6 หมู่ 1, ตำบล เสม็ด Bang Khla District, Chachoengsao 24110, Thailand",+66 85 805 1505,4.1,7,Open 24 hours,ChIJHeZH4XgYHTERwR9NSWfEuqo
Chachoengsao,ปิยวัฒน์อะไหล่แอร์ฉะเชิงเทรา | จำหน่ายเครื่องปรับอากาศ | อะไหล่แอร์และอุปกรณ์ทำความเย็น | ติดตั้ง-ย้าย-ล้าง,"323, 1 Chachoengsao - Bangpakong Rd, Na Mueang, Mueang Chachoengsao District, Chachoengsao 24000, Thailand",+66 82 354 9896,4.9,18,Open · Closes 5:30 PM,ChIJL4gQJacVHTERArUMNnvM79M
Chachoengsao,แอร์ดีดี ทีซีแอร์,"29, แปลงยาว Plaeng Yao District, Chachoengsao 24190, Thailand",+66 89 660 0191,5,2,Open · Closes 5 PM,ChIJLXUWMVwjHTERLJqM9W8-5jE
Chachoengsao,ร้าน อนันต์ แอร์,"P6W5+X8J, Pak Nam, Bang Khla District, Chachoengsao 24110, Thailand",+66 82 460 5232,4.8,12,Open · Closes 10 PM,ChIJb2iHdX8ZHTERXFBVvKzIjSM
Chachoengsao,เอส.ที.แอร์ ฉะเชิงเทรา,"78 Thanon Suan Somdet, Na Mueang, Mueang Chachoengsao District, Chachoengsao 24000, Thailand",+66 38 814 595,3.3,7,Open · Closes 7 PM,ChIJb-c_n98VHTERXq9EZkQVzYg
Chachoengsao,สุทธิ แอร์บ้าน,"663/4 Thanon Sukprayun, Tambon Na Muang, Mueang Chachoengsao District, Chachoengsao 24000, Thailand",+66 86 013 2209,5,6,Open · Closes 5 PM,ChIJbUlnBt4XHTERnqHjdqUnpXI
Chachoengsao,เดชาแอร์แอนด์ซาวด์,"9 7, Sanam Chan, Ban Pho, Chachoengsao 24140, Thailand",+66 83 915 2954,5,26,Open · Closes 6 PM,ChIJBW9ZRsdBHTERAw7oMD0LlPk
Chachoengsao,อมรแอร์แปดริ้ว,"9/1/13 Thanon Sisothon That Mai, Na Mueang, Mueang Chachoengsao District, Chachoengsao 24000, Thailand",+66 89 211 0761,4.4,52,Open · Closes 5:30 AM Sat,ChIJPYvBvt0VHTERGEbSvD1mchI
Chachoengsao,แพรแอร์บ้านเซอร์วิส/ซ่อม/ย้าย/ติดตั้งใหม่/ล้างเครื่องซักผ้า/ซ่อมเครื่องซักผ้า/บางบ่อ บางเสาธง บางพลี บางปะกง,"46 พิมพา, Tambon Phimpha, Bang Pakong District, Chachoengsao 24180, Thailand",+66 84 384 6221,5,8,Open · Closes 8 PM,ChIJv-yHaRFBHTERJ2eQWzNyda4
Chachoengsao,ร้านยอดแอร์,"PWXP+XGX, Unnamed Road, Khlong Luang Phaeng, Mueang Chachoengsao District, Chachoengsao 24000, Thailand",+66 85 093 7526,5,2,Open 24 hours,ChIJtdBoPyxrHTERTLZP-auISSE
Chachoengsao,ร้าน ประสิทธิ์ แอร์,"326 ถ ซอย, Na Mueang, Mueang Chachoengsao District, Chachoengsao 24000, Thailand",+66 85 090 2875,5,1,Open · Closes 5 PM,ChIJ_____-MVHTER3CN1fJ2e9BA
Chachoengsao,บริษัท เคเคซี แอร์ พาร์ท แอนด์ เซอร์วิส จำกัด,"56, 3, Tambon Khlong Chuk Krachoe, Mueang Chachoengsao District, Chachoengsao 24000, Thailand",+66 86 844 4322,4.5,38,Open · Closes 5 PM,ChIJv971wsYXHTERFoqIKMvOKr8
Chonburi,ชลบุรีอีเล็คทริค - แอร์บ้าน,"890/5-6 Chai Chana, Bang Pla Soi, Chon Buri District, Chon Buri 20000, Thailand",+66 38 286 086,4.9,269,Open · Closes 5:30 PM,ChIJecyTlo41HTERcBOxWMh05C8
Chonburi,เน้นแอร์ชลบุรี รับติดตั้ง ซ่อม ย้าย ล้างแอร์ จำหน่ายแอร์ และอะไหล่อุปกรณ์ติดตั้งแอร์,"2, 11 หมู่ 4 ถนน มิตรสัมพันธ์ ซอย.14, Tambon Samet, Chon Buri District, Chon Buri 20000, Thailand",+66 95 512 1644,4.8,31,Open · Closes 5 PM,ChIJXVKJHwk1HTERVMXKAPREXUc
Chonburi,ล้างแอร์ชลบุรี By บริษัท มาสเซอร์แอร์เซอร์วิส แอนด์ ซัพพลาย จำกัด,"117 ม.1 ต, Nong Mai Daeng, เมือง, Chon Buri 20000, Thailand",+66 95 840 4737,5,4,Open · Closes 7 PM,ChIJdwJPpaI3HTERLNCbX1EUDlo
Chonburi,นพพลแอร์เซอร์วิส บ้านบึง ชลบุรี,"17 Chon Buri - Ban Bueng Rd, Ban Bueng, Ban Bueng District, Chon Buri 20170, Thailand",+66 80 562 7217,4.9,32,Open · Closes 5 PM,ChIJc-Z3kiIzHTERAn575h8VlHU
Chonburi,PJ แอร์บ้าน เปี๊ยก,"คูกะมณี2 89/25ม.3 ต.หนองตำลึง อ.พานทอง จ.ชลบุรี 20160, Phan Thong District, Chon Buri 20160, Thailand",+66 96 721 8668,4.8,26,Open 24 hours,ChIJR04fX_ExHTERIRNgbxb3MpM
Chonburi,วันชัยแอร์อิเล็คทริค,"Unnamed Road, Don Hua Lo, Chon Buri District, Chon Buri 20000, Thailand",+66 93 614 4726,5,3,Open · Closes 5 PM,ChIJK5f2yrc3HTERhf8jLhLYZ04
Chonburi,ห้างหุ้นส่วนจำกัด ชลบุรี วี เอส แอร์,"47/10 ม ประยูร, Soi Ban Suan-Suk Prayun 9, Na Pa, Chon Buri District, Chon Buri 20000, Thailand",+66 93 687 8915,4.2,11,Open 24 hours,ChIJK-FNjcM1HTERPPiEo5buHAM
Chonburi,ร้านแอร์ชลบุรี สุวิทย์แอร์ & เซอร์วิส,"1, ้, 1, Na Pa, Chon Buri District, Chon Buri 20000, Thailand",+66 64 563 2669,5,31,Open · Closes 6 PM,ChIJN660log3HTERmzUls8vtjHQ
Chonburi,หจก. ส.ไพรศาล แอร์ ซัพพลาย แอนด์ เซอร์วิส ถนนสุขุมวิท,"170/88 ถ.สุขุมวิท ต.บางปลาสร้อย อ.เมือง จ.ชลบุรี, บางปลาสร้อย เมือง, Chon Buri 20000, Thailand",+66 38 271 777,4.4,34,Open · Closes 6 PM,ChIJQYIrQY81HTEReNeXdpVAmM4
Chonburi,ซ่อมแอร์​ชลบุรีทุกอาการทุกยี่ห้อทุกรุ่นชลบุรี,"15/16หมู่3, 23 Thanon Sukprayun, เมือง, Chon Buri 20000, Thailand",+66 85 090 4604,5,15,Open · Closes 6 PM,ChIJSTBweIU3HTERWhoS5h4kKMs
Chonburi,CN INTER CORPORATION-ติดตั้งแอร์ DAIKIN ชลบุรี,"56, 21 Saensook Rd, Mueang, Chon Buri District, Chon Buri 20130, Thailand",+66 81 761 9221,3.7,9,Open · Closes 5 PM,ChIJQ530rx61AjERal3f_rVrv90
Chonburi,ช่างตังค์แอร์บ้าน ชลบุรี,"22 3, Na Pa, เมือง, Chon Buri 20000, Thailand",+66 80 856 6236,5,40,Open · Closes 7 PM,ChIJtau-tbg3HTERnPGM6rp5ZFY
Chonburi,เจริญชัยแอร์&เซอร์วิส บ้านบึง ชลบุรี,"Ban Khai, 3/34 RO Pho Cho Chon Buri 3196 Rd, Ban Bueng, Ban Bueng District, Chon Buri 20170, Thailand",+66 95 195 4946,5,6,Open · Closes 8 PM,ChIJ0U2Pv9szHTERC4mw3ab1zm4
Chonburi,Bank air service บริการติดตั้ง ซ่อม ย้าย ล้างแอร์,"38 2, Nong Ri, อ.เมือง, Chon Buri 20000, Thailand",+66 82 713 1956,5,26,Open · Closes 5 PM,ChIJEfGQfAA1HTERb5lN2IzOdv0
Chonburi,ส.หนองตำลึง ล้าง ย้าย ติดตั้งแอร์และจำหน่าย,"224 9, Nong Tamlueng, Phan Thong District, Chon Buri 20160, Thailand",+66 87 486 4825,5,24,Open 24 hours,ChIJMcdDpRQ3HTERNkIrea419Nk
Chonburi,ร้านบ้านบึงแอร์ชลบุรี,"72/35 ม.2 บ้านบึง, Ban Bueng District, Chon Buri 20170, Thailand",+66 96 251 4549,5,1,Open 24 hours,ChIJSZbYwSQzHTERq0Q-W2QJnVE
Chonburi,หจก.เอกอนันต์แอร์แอนด์อิเล็กทริก,"99, 235 Samed Angsila Soi 10, Tambon Samet, เมือง, Chon Buri 20000, Thailand",+66 90 386 5893,5,3,Open · Closes 9 PM,ChIJLQqeVolLHTERdAIRI1nrYgo
Chonburi,ล้างแอร์รถยต์ 399.- Air Clean (สาขาอ่างศิลา),"79, 33 ม.3, Tambon Samet, เมือง, Chon Buri 20000, Thailand",+66 94 669 5335,5,474,Open · Closes 6:30 PM,ChIJC4aaERBLHTERFrWCWS6MKYc
Chonburi,ร้าน บางแสนแอร์ & เซอร์วิส,"25, 27 Bangsaen Sai 4 Nuea, Saen Suk, Chon Buri District, Chon Buri 20130, Thailand",+66 81 659 2412,4.5,10,Open · Closes 5:30 PM,ChIJO_AzD5C1AjERFbgzTKUAvlE
Chonburi,ร้านศิริสุขแอร์ซัพพลาย,"94/137 หนองแก ถนน บ้านบึง-พานทอง, Ban Bueng, Ban Bueng District, Chon Buri 20170, Thailand",+66 81 807 9232,4.3,3,Open · Closes 6 PM,ChIJkadIGWMzHTERt-WFAQzV_SI
Rayong,โมเดิร์นแอร์ซิตี้ระยอง แอร์บ้าน แอร์โครงการ บริการครบวงจร,"84/39, Choeng Noen Sub-district, Mueang Rayong District, Rayong, Thailand",+66 81 712 3957,4.9,204,Open · Closes 7 PM,ChIJD2-rNO_7AjER2-a1D5cAFl4
Rayong,ไฮเทคแอร์ ระยอง,"115/8-9 ถนนสุขุมวิท นครระยอง45, Tambon Choeng Noen, Mueang Rayong District, Rayong 21000, Thailand",+66 38 621 673,4.7,72,Open · Closes 5:30 PM,ChIJq6OWLWj8AjERv2zrYlPFzc0
Rayong,บริษัท ระยองแอร์คอนพาร์ทเซ็นเตอร์ จำกัด,"103 หมู่6 ถนนเลี่ยงเมืองสาย3, Thap Ma, Mueang Rayong District, Rayong 21000, Thailand",+66 86 324 4533,4.6,18,Open · Closes 5 PM,ChIJhy54Bwr7AjERUeLYUkOz_4U
Rayong,"Premier Eastern Air Supply Co.,Ltd","13/8 ม.3 Sukhumvit Rd, Tambon Noen Phra, Mueang Rayong District, Rayong 21000, Thailand",+66 61 951 5645,4.6,16,Open · Closes 5:30 PM,ChIJW7a59JT7AjERqxrxc0_907Q
Rayong,ร้านแอร์ระยอง อุทัยแอร์ จำหน่ายล้างซ่อมแอร์โรงงานแอร์บ้าน,"131/256, Thap Ma, Mueang Rayong District, Rayong 21000, Thailand",+66 89 246 0377,4.8,5,Open · Closes 5 PM,ChIJAdXzn6f7AjER73aGBD4jMU0
Rayong,Charoenkij Air,"486, 14-15 Sukhumvit Rd, Tambon Noen Phra, Mueang Rayong District, Rayong 21000, Thailand",+66 38 614 446,4.5,100,Open · Closes 5:30 PM,ChIJn2klWXT8AjERfWKK1ivPBzY
Rayong,N.R.แอร์ ระยอง,"3-171 Ratcha Niyom, Noen Phra Sub-district, Mueang Rayong District, Rayong 21000, Thailand",,5,6,Open · Closes 5:30 PM,ChIJmS9kSQD7AjERNDvac7xC34g
Rayong,โคฟเวอร์แอร์ ระยอง,"32/7 ถนน อดุลย์ธรรมประภาส, Pak Nam, Mueang Rayong District, Rayong 21000, Thailand",+66 94 242 4998,4.3,29,Open · Closes 7 PM,ChIJgb2GLF79AjERWA-J7v0N84A
Rayong,ร้านบวรเทคนิคอลแอร์(อู่ช่างกอล์ฟ),"Soi Saensuk 4, Tambon Choeng Noen, Mueang Rayong District, Rayong 21000, Thailand",+66 80 956 3595,4.9,156,Open 24 hours,ChIJj3Dk_kj9AjERlwRb5pBynPs
Rayong,สบายดีแอร์ เซอร์วิส,"108/11 Noenpayom Rd, Map Ta Phut, Amphoe Mueang Rayong, Rayong 21150, Thailand",+66 38 682 121,4.3,12,Open · Closes 5:30 PM,ChIJiV-5XKL6AjERzpIKfD160Vs
Rayong,หจก. วาสนาแอร์เซอร์วิส แอนด์ คอนซัลแตนท์,"129/14-15 Sukhumvit Rd, Map Ta Phut, Mueang Rayong District, Rayong 21150, Thailand",+66 38 608 333,4.7,6,Open · Closes 5 PM,ChIJgcGdeYb6AjERvb0Xa4f8POg
Rayong,บีเค แอร์ เซอร์วิส ล้างแอร์ระยอง,"142/43, Map Ta Phut, เมือง, Rayong 21150, Thailand",+66 87 619 9701,5,12,Open · Closes 7 PM,ChIJGxRTc6jlAjERRt4lhhqFkbg
Rayong,ร้าน เมืองแอร์เซอร์วิส,"18/3, ถนน, Pojnakaran Rd, Tha Pradu, Mueang Rayong District, Rayong 21000, Thailand",+66 38 800 220,4.6,12,Open · Closes 5 PM,ChIJjb02Kmv8AjERC7Z-2seOrE4
Rayong,ฮัมมิ่งเบิร์ด แอร์ ระยอง,"97, 11 หมู่ 7 Bamrungraj 8 Rd, Tambon Noen Phra, Mueang Rayong District, Rayong 21150, Thailand",+66 93 196 5515,4.4,52,Open · Closes 5:30 PM,ChIJV16AucX7AjERm_BayxNN0sU
Rayong,เล็กแอร์แอนด์เซอร์วิส,"24/9, Choeng Noen Sub-district, เมือง, Rayong 21000, Thailand",+66 93 904 8346,5,1,Open · Closes 5 PM,ChIJs27XpMf9AjERuNomb7q0pEc
Rayong,NR air rayong ล้างย้ายติดตั้งจำหน่ายแอร์,"M5HP+VRR, Trokyaycha Rd, Noen Phra Sub-district, Mueang Rayong District, Rayong 21000, Thailand",+66 94 627 5559,5,6,Open · Closes 5 PM,ChIJde3AZNz7AjERmkf1S8dX_Cg
Rayong,ศิริกุล อะไหล่แอร์บ้าน,"28, 31 Trokyaycha Rd, Tambon Noen Phra, Mueang Rayong District, Rayong 21150, Thailand",+66 82 465 2941,5,10,Open · Closes 9 PM,ChIJdSjBtvL7AjERv2K9VfBrZLs
Rayong,บริษัท พี. คูลเอ็นจิเนียริ่ง จำกัด,"141, 1 Thanon RImnam, Tambon Choeng Noen, Mueang Rayong District, Rayong 21000, Thailand",+66 85 319 8555,4.5,2,Open · Closes 5:30 PM,ChIJgxKZyo77AjERb4GnAua--A4
Rayong,ร้านเอที แอร์ ล้างแอร์รถยนต์มาบตาพุด,"P56V+MCP, Tambon Noen Phra, Mueang Rayong District, Rayong 21150, Thailand",+66 87 780 2909,4.8,77,Open · Closes 4:40 PM,ChIJS6MF0PD6AjERpWdGDLQ962c
Rayong,ระยองอีควิปเม้นท์,"เยื้องวัดเกาะกลอย, 137, 66 ถนนสุขุมวิท นครระยอง45, Mueang Rayong District, Rayong 21000, Thailand",+66 86 327 9966,5,1,Open · Closes 5 PM,ChIJ6WfCuMz9AjER5QJiJtdKTEY
Chanthaburi,โมเดิร์นแอร์ซิตี้จันทบุรี แอร์บ้าน บริการครบวงจร,"941/1 ตลาด, เมือง, Chanthaburi 22000, Thailand",+66 62 449 1747,5,213,Open · Closes 7 PM,ChIJF4MHZsWBBDERFUrjhekhPbQ
Chanthaburi,พันธ์เจริญ เซอร์วิส,"333/7 หมู่บ้านท่าช้างวิลเลจ หมู่2, Mueang Chanthaburi District, Chanthaburi 22000, Thailand",+66 88 184 0708,4.5,10,Open · Closes 5 PM,ChIJ69xUfN6DBDERohifgem29Sc
Chanthaburi,แอร์บ้าน จันทบุรี ร้านโทรทัศน์บริการ,"25 Thetsaban 2 Rd, Tambon Wat Mai, Mueang Chanthaburi District, Chanthaburi 22000, Thailand",+66 81 652 7914,4.8,88,Open · Closes 6:30 PM,ChIJ2dPY3pqBBDERBzkfCdGxvF8
Chanthaburi,พี.เอ็น. คูลพาร์ท จันทบุรี(ชื่อเก่า พิทยาแอร์ จันทบุรี),"71, 18 หมู่ 14, Khlong Narai, Mueang Chanthaburi District, Chanthaburi 22000, Thailand",+66 89 812 2309,4.1,7,Open · Closes 5:30 PM,ChIJobL_NGqBBDERMJtTMynQYiY
Chanthaburi,พิทยาแอร์ เมืองจันทบุรี,"43, 44, อำเภอเมือง, Chanthaburi 22000, Thailand",+66 62 496 4500,4.8,5,Open · Closes 6 PM,ChIJWVeVHmGDBDERYbIo-v-F-Fs
Chanthaburi,ช่างนิคเซอร์วิส ตู้แช่และแอร์บ้าน,"พลับพลา, 69/15-16, เมือง, Chanthaburi 22000, Thailand",+66 95 525 5966,4.9,10,Open · Closes 8 PM,ChIJU65wl3mBBDERkJSR1uEgG9k
Chanthaburi,GOLD ARROW PRODUCT LTD.,"45/18 หมู่ที่ 12, ต.ท่าช้าง, Mueang Chanthaburi District, Chanthaburi 22000, Thailand",+66 39 498 660,4.9,74,Open · Closes 6 PM,ChIJa0a8miaCBDERyFZx7cZ_IFU
Chanthaburi,Somchai Air Car Service,"416/1-2 Sukhumvit Rd, Phlap Phla, Mueang Chanthaburi District, Chanthaburi 22000, Thailand",+66 82 343 5755,5,24,Open now,ChIJZ5idIkCBBDER7WwA1vZ83sE
Chanthaburi,กุ้งแอร์แอนด์เซอร์วิส,"Ko Khwang, Mueang Chanthaburi District, Chanthaburi 22000, Thailand",+66 88 767 4271,5,7,Open · Closes 5 PM,ChIJUYrO9xKBBDERTGR4OJmuHMA
Chanthaburi,ร้านช่างโมทย์แอร์ไดนาโม (จันทนิมิต) จ.จันทบุรี,"J47C+CHC, Chanthanimit, Mueang Chanthaburi District, Chanthaburi 22000, Thailand",+66 95 960 7349,4.8,17,Open · Closes 5 PM,ChIJi7wEdEyBBDER7LrWHLLZAJs
Chanthaburi,โอ๋แอร์บ้าน จันทบุรี,"50/619 หมู่5, Tha Chang, เมือง, Chanthaburi 22000, Thailand",+66 98 524 6178,5,3,Open 24 hours,ChIJtxwX1p2DBDERC8cm7wCOAbE
Chanthaburi,AC แอร์รถยนต์,"29, 18 Yan Wirot Rd, Chanthanimit, Mueang Chanthaburi District, Chanthaburi 22000, Thailand",+66 91 009 4567,4.9,29,Open · Closes 5 PM,ChIJFWXZB8eBBDERgQcymyjs4eY
Chanthaburi,ร้าน พีระ แอร์ แอนด์ ซาวด์,"94/3, Wat Mai, Mueang Chanthaburi District, Chanthaburi 22000, Thailand",+66 81 906 3804,4.1,59,Open · Closes 5:30 PM,ChIJ_____5aBBDERVYv6tCzFODM
Chanthaburi,จันทบุรีออโต้แอร์ ประดับยนต์ พระยาตรัง,"Mueang Chanthaburi District, Chanthaburi 22000, Thailand",+66 85 159 5445,4.4,150,Open · Closes 5:30 PM,ChIJd9ie3PWBBDERr2OXShjTZDk
Chanthaburi,ช่างเหนือแอร์แอนด์เซอร์วิส,"7/11 ซ.1, เมือง, Chanthaburi 22000, Thailand",+66 98 583 6788,5,13,Open · Closes 5 PM,ChIJqfS6uSCBBDERmg5aPvrj9UY
Chanthaburi,ช่างแบงค์ แอร์บ้านจันทบุรี,"88 ซอยคลอดหลอด, 112 หมู่10 ท่าช้าง, Tambon Talat, เมือง, Chanthaburi 22000, Thailand",+66 92 995 1531,5,11,Open · Closes 5 PM,ChIJ56vdliGBBDERbAQiu8yFTs4
Chanthaburi,ร้านณรงค์แอร์มะขาม,"M5FR+JFQ, 317, Makham, Makham District, Chanthaburi 22150, Thailand",,5,3,Open now,ChIJmXs93cyFBDERAE1Ooo26FdA
Chanthaburi,ร้านเย็นทรัพย์ ออโต้แอร์จันทบุรี,"85, 15 ม.2, ต.ท่าช้าง อ.เมือง, Chanthaburi 22000, Thailand",+66 80 099 3614,5,1,Open · Closes 5 PM,ChIJLWmXIgCDBDERPBhszfK5k8U
Chanthaburi,จินดาแอร์ แอนด์ ซาวด์,"12/5 สฤษดิ์เดช, Tambon Wat Mai, Amphoe Mueang Chanthaburi, Chanthaburi 22000, Thailand",+66 39 312 657,5,1,Open now,ChIJkXTUCYWBBDER4I-w_UykMOg
Chanthaburi,ร้านช่างนัสแอร์,"24/16 ม.3 ต, Bang Kacha, อ.เมือง, Chanthaburi 22000, Thailand",+66 89 935 8000,3.7,3,Open · Closes 7 PM,ChIJffCtxsmBBDERmBgFmNP4sv4
Trat,Modernaircity Trat,"ก่อนถึงปตท, Tambon Nong Samet, Mueang Trat District, Trat 23000, Thailand",+66 62 691 5959,5,125,Open · Closes 6 PM,ChIJ4z_WGvZDBDERXTR_-cm-QzU
Trat,ร้านบ้านแอร์ตราด,"218, 1, Tambon Laem Ngop, Laem Ngop District, Trat 23120, Thailand",+66 92 392 6597,5,41,Open · Closes 6 PM,ChIJbTmHWFJrBDERihpDS7BkOo8
Trat,สมโภชน์แอร์ตราด,"เลขที่ 236, Nong Samet, Mueang Trat District, Trat 23000, Thailand",+66 81 377 8579,5,70,Open · Closes 4:30 PM,ChIJUzbbhuJBBDERCtiaDh7fug8
Trat,อำนาจแอร์,"146, 146 Ko Ta Khian, Bang Phra, Mueang Trat District, Trat 23000, Thailand",+66 61 612 8300,5,2,Open · Closes 5:30 PM,ChIJOTk2b9dDBDERuPL6F7TYARw
Trat,Pichit Air,"7G45+79F, Wang Krachae, Mueang Trat District, Trat 23000, Thailand",+66 94 195 6241,4.7,34,Open now,ChIJVwyotelDBDEROuoKDdoblLw
Trat,ศิรดาแอร์ตราด,"6GW9+P7J, Si Suwan Phit 1 Alley, Bang Phra, Mueang Trat District, Trat 23000, Thailand",+66 61 114 1517,5,1,Open · Closes 5 PM,ChIJR1zROLZDBDERGtrk1Htg19o
Trat,3p ออโต้แอร์,"251/10 หมู่ 5, เมือง, Trat 23000, Thailand",+66 81 493 3972,5,14,Open · Closes 5 PM,ChIJlSDB0U9BBDERIm_7Pvyq5L0
Trat,ร้าน นิคมแอร์คอนแอนด์เซอร์วิส,"7G3G+662, Tha Ruea Chang Alley, Bang Phra, Mueang Trat District, Trat 23000, Thailand",+66 39 511 107,5,2,Open · Closes 5 PM,ChIJsYldSPpDBDERjephVonNOAo
Trat,ตู้แช่ แอร์ ชั้นวาง ตราด - โกลด์แอร์โรว์ สาขาตราด Gold Arrow Product Trat,"7G36+858, Bang Phra, Mueang Trat District, Trat 23000, Thailand",+66 98 292 9459,5,1,Open · Closes 7 PM,ChIJ8b-5duVDBDERC504gtHHAZ4
Trat,Korn's Air Conditioner Mechanic,"145, 3, Tambon Nong Samet, เมือง, Trat 23000, Thailand",+66 80 153 9925,5,5,Open · Closes 7 PM,ChIJFZEuePFBBDERD1_RTaRVcqs
Trat,ร้าน เกียรติแอร์,"260 1, Nong Samet, Mueang Trat District, Trat 23000, Thailand",+66 84 143 4181,5,6,Open · Closes 6 PM,ChIJWf0DHAJBBDERq7y_E5msoYA
Trat,พิทยาแอร์ ตราด,"162, 8, Wang Krachae, Mueang Trat District, Trat 23000, Thailand",+66 91 175 0115,3.7,3,Open · Closes 5:30 PM,ChIJi6eTWgBDBDERf1e5UsPMxlI
Trat,Easypowers,"134, Nong Khan Song, Mueang Trat District, Trat 23000, Thailand",+66 86 464 2149,4,2,Open · Closes 6 PM,ChIJv29sIUZHBDERBkRYcZwEfgE
Trat,หงษ์ทรัพพย์ ไดนาโม แอร์,"138, 5, Nong Samet, เมือง, Trat 23000, Thailand",+66 94 707 9239,5,7,Open · Closes 5:30 PM,ChIJzbGn76ZBBDERxoe1Ej8_LLM
Trat,แฮปปี้เซอร์วิส ล้าง-ซ่อม-ติดตั้ง เครื่องซักผ้า แอร์ บริการถึงบ้านคุณ,"1, 16 บางพระ, Tambon Bang Phra, เมือง, Trat 23000, Thailand",+66 64 164 9465,5,3,Open · Closes 6 PM,ChIJYXUiVYJDBDERgRQWBca2vJg
Trat,หยกเจริญแอร์,"199, 28 ม.5, Wang Krachae, Mueang Trat District, Trat 23000, Thailand",+66 81 782 2971,,,,ChIJS3nyPwBDBDER58lBqETNEgA
Trat,ส.สนั่นแอร์ ติดตั้งแอร์รถยนต์,"Sukhumvit Rd, Wang Krachae, Mueang Trat District, Trat 23000, Thailand",+66 90 769 7737,3.3,3,Open · Closes 5 PM,ChIJ47PoictDBDERJfaXoYBPe34
Trat,ศูนย์บริการอิเล็กทรอนิกส์ สาขา ตราด,"325/3 ม.5 ถ.ตราด-แหลมงอบ, หนองเสม็ด Mueang Trat District, Trat 23000, Thailand",+66 83 074 4349,4.2,13,Open · Closes 6 PM,ChIJQQJUkBNBBDERZQJ2bLe5XRs
Trat,"ช่างแอร์,ช่างไฟฟ้า,ช่างกล้องวงจรปิด จ.ตราด","22/12 ม.2, เมือง, Trat, Thailand",+66 93 152 2896,5,3,Open 24 hours,ChIJ6wC271FFBDERLv6lYQRNGnM
Trat,ตะกาง การช่าง,"92, 7, Takang, เมือง, Trat 23000, Thailand",+66 92 502 6923,,,Open · Closes 5 PM,ChIJEdXK_05PBDERiwvNSGAyli8
Prachinburi,ร้าน เอ็มอัญแอร์,"219 Thetsaban Damri Rd, Rop Muang, Mueang Prachinburi District, Prachin Buri 25000, Thailand",+66 37 200 067,5,3,Open · Closes 6 PM,ChIJhYU1PRlVHDERT5jnwnwoZN8
Prachinburi,Mr.Rich การช่าง จำหน่าย ล้าง ซ่อม ย้าย ติดตั้ง แอร์บ้านปราจีนบุรี,"78 ม.1, Bang Decha, Mueang Prachinburi District, Prachin Buri 25000, Thailand",+66 89 048 3066,5,2,Open · Closes 5 PM,ChIJ_Yo1EvtVHDERj3wb8NzziLg
Prachinburi,ช่างโอ แอร์ แอนด์ เซอร์วิส,"133, 28 บ้านเปรมสุข, Tambon Dong Phra Ram, Mueang Prachinburi District, Prachin Buri 25000, Thailand",+66 64 996 5288,5,30,Open · Closes 6 PM,ChIJzRjMXPtVHDERO6VS83Dmvm4
Prachinburi,จิรัฏฐ์แอร์,"1330 Prachin Anuson, Tambon Na Muang, Mueang Prachinburi District, Prachin Buri 25000, Thailand",,5,1,Open · Closes 5 PM,ChIJ8b-KL3BVHDEReTOsf2UV8hE
Prachinburi,ปราจีนแอร์ ศูนย์บริการแอร์รถยนต์,"399 Rat Damri Rd, Na Muang, Mueang Prachinburi District, Prachin Buri 25000, Thailand",+66 81 922 8891,4.9,61,Open · Closes 5 PM,ChIJMSy2BOJUHDERyWsckFyukkA
Prachinburi,ร้านเคพีแอร์เซอร์วิส สาขา 2 อ.บ้านสร้าง,"85 Ratchaphakdi 1 Alley, Ban Sang, Ban Sang District, Prachin Buri 25150, Thailand",+66 80 451 2357,4.7,7,Open · Closes 5 PM,ChIJa-WbH04HHTERvbN3CUPafNs
Prachinburi,ปอน อิเล็กทริค แอร์ เซอร์วิส,"225 1, Ban Sang District, Prachin Buri 25150, Thailand",+66 99 173 9582,5,1,Open · Closes 5 PM,ChIJrWtrdDUHHTEREPRa0BoNnAE
Prachinburi,ร้าน ทวีแอร์ เซอร์วิส บ้านต้น,"127, 1, Pho Ngam, Prachantakham District, Prachin Buri 25130, Thailand",+66 63 326 3019,4.5,2,Open · Closes 6 PM,ChIJnfu8INJRHDEReelNRwkliiI
Prachinburi,ร้าน เอ็ม.ซี.แอร์,"113, ถนนปราจีนตคาม, ตำบลหน้าเมือง อำเภอเมือง จังหวัดปราจีนบุรี, 25000, 25000, Thailand",+66 37 214 950,5,5,Open · Closes 5 PM,ChIJByWqVQRVHDERk5arSfWXcdY
Prachinburi,สยามชัยเซอร์วิส สาขาปราจีนบุรี,"95/1-2 Thetsaban Damri Rd, ต.หน้าเมือง Mueang Prachinburi District, Prachin Buri 25000, Thailand",+66 65 717 7518,4.9,72,Open · Closes 7 PM,ChIJq6POqnNVHDERo-JOAo5P6YU
Prachinburi,นัดอะไหล่แอร์,"394J+755, Hwy 3452, Na Muang, Mueang Prachinburi District, Prachin Buri 25000, Thailand",+66 97 070 3221,5,5,Open · Closes 6:30 PM,ChIJcwz5aRBVHDERxC-U2d34_LY
Prachinburi,พี.เอส.แอร์ มาร์เก็ตติ้ง,"38, Prachantakham, Prachantakham District, Prachin Buri 25130, Thailand",+66 81 751 2776,,,Open · Closes 5 PM,ChIJ8S4PtRtXHDERnguXQaAlm-I
Prachinburi,ทรัพย์ทวีแอร์แอนด์ซาวด์ปราจีนบุรี,"415/1, อำเภอเมือง, Prachin Buri 25000, Thailand",,4.1,9,Open · Closes 5 PM,ChIJY_glKYhVHDERkKFnW8leSmE
Prachinburi,มาร์วินแอร์ 789 สาขา2,"313 ถนน ปราจีนตคาม, Na Muang, Mueang Prachinburi District, Prachin Buri 25000, Thailand",+66 94 998 2622,5,6,Open · Closes 5 PM,ChIJp23nGgBVHDERGuvQIeX_za8
Prachinburi,ร้านแอร์เย็น เจี๊ยบ เซอร์วิส,"66, 7, Tambon Mai Khet, เมือง, Prachin Buri 25230, Thailand",+66 81 377 9063,2.3,3,Open · Closes 9 PM,ChIJQzVc4p1VHDERdnaBeJQnfa0
Prachinburi,ร้าน โอแอร์ แอนด์ เซอร์วิส ซื่อตรง,"141, 1 Thetsaban 7, Si Maha Phot, Si Maha Phot District, Prachin Buri 25140, Thailand",,,,,ChIJiQT6NgD5HDERDyatnKgDDrE
Prachinburi,ร้าน น้อยแอร์เซอร์วิส,"1334, 90-91 Prachin Anuson, Na Muang, Mueang Prachinburi District, Prachin Buri 25000, Thailand",+66 94 667 0464,5,6,Open · Closes 5:30 PM,ChIJYyq8ZBpVHDERhSsdYYWYvHM
Prachinburi,พลกฤตแอร์,"394V+WHV, ถนน ปราจีน-ตะคาม, Dong Phra Ram, Mueang Prachinburi District, Prachin Buri 25000, Thailand",+66 85 665 9293,4.3,3,Open now,ChIJs9cNi6tVHDER0lL2Esuj33c
Prachinburi,อ.นิวไดนาโม แอร์เซอร์วิส,"5, 1, Tambon Mai Khet, เมือง, Prachin Buri 25000, Thailand",+66 80 437 5495,4.9,19,Open 24 hours,ChIJ4wpq7u6tHTERlcpAGNi-jrU
Prachinburi,ร้านสุขทวีแอร์&เซอร์วิส,"51, Dong Khilek, Mueang Prachinburi District, Prachin Buri 25000, Thailand",+66 87 140 6859,5,1,Open · Closes 5 PM,ChIJHXLiHABVHDERtc6nZ6g5fDo
Sa Kaeo,ร้านรุ่งเรืองแอร์เซอร์วิส,"ตรง ยู เทิ ร์ น หอสมุด, 583 บ้าน หนอง นกเขา ถ สุวรรณ ศร ต ท่า เกษม อ เมือง, Sa Kaeo, Mueang Sa Kaeo District, Sa Kaeo 27000, Thailand",+66 37 628 455,5,7,Open · Closes 8 PM,ChIJuelm7tJ8GzEROth9lwhGufA
Sa Kaeo,ไพบูลย์ แอร์ สระแก้ว,"147 Suwannason Rd, Tambon Sa Kaeo, Mueang Sa Kaeo District, Sa Kaeo 27000, Thailand",+66 81 861 7521,4.9,9,Open · Closes 5 PM,ChIJk7Yk4sCDHDER3fW_xlsk9QQ
Sa Kaeo,บจก.ไพศาล แอร์ซัพพลาย,"94, Tambon Tha Kasem, เมือง, Sa Kaeo 27000, Thailand",+66 98 870 3731,5,1,Open · Closes 6 PM,ChIJe3SDnoJjGzERoryFJc5EvUU
Sa Kaeo,ร้านล้างแอร์เจ๋ง แอร์แอนด์เซอร์วิส,"214, 37 Soi Mu Ban Nitta Home, Sa Kaeo, Mueang Sa Kaeo District, Sa Kaeo 27000, Thailand",+66 92 000 4924,5,9,Open · Closes 8 PM,ChIJIw63KQBbGzERtkyYtoO4-58
Sa Kaeo,ฝนเทียมแอร์,"78, 1 ถนน เทศบาล, Sa Kaeo, Mueang Sa Kaeo District, Sa Kaeo 27000, Thailand",+66 95 737 5588,4.7,6,Open 24 hours,ChIJHy67daOCHDERxY0ABfCNEvQ
Sa Kaeo,เอสไอทีแอร์อิเล็กทรอนิกส์เซอร์วิส,"Q4F4+9CG, Sa Kaeo, Mueang Sa Kaeo District, Sa Kaeo 27000, Thailand",+66 95 764 2972,5,1,Open · Closes 6:30 PM,ChIJR2jDcwBjGzEROA0oKn-i1MQ
Sa Kaeo,ร้าน วณิชแอร์,"366 2, Sa Kaeo, Mueang Sa Kaeo District, Sa Kaeo 27000, Thailand",+66 81 762 1284,3.7,3,Open · Closes 5:30 PM,ChIJ0wV3iO-DHDER0grC4taT4DA
Sa Kaeo,ชัยเจริญแอร์,"Suwannason Rd, Sala Lamduan, Mueang Sa Kaeo District, Sa Kaeo 27000, Thailand",+66 95 474 7417,5,1,Open · Closes 5 PM,ChIJa0OFwxCDHDERep6OKNjcQjA
Sa Kaeo,ชาญชัยแอร์,"501 Suwannason Rd, Tambon Sa Kaeo, Mueang Sa Kaeo District, Sa Kaeo 27000, Thailand",+66 86 833 3882,,,Open · Closes 8 PM,ChIJdQMjJzl9GzERe5A-XjeT11s
Sa Kaeo,ปภารัช แอร์เซอร์วิส Air Service สระแก้ว,"315, 1-2 Suwannason Rd, Sa Kaeo, Mueang Sa Kaeo District, Sa Kaeo 27000, Thailand",+66 81 237 3008,4,2,Open · Closes 5 PM,ChIJ8WBnZAuDHDERITKIc1Nhq6A
Sa Kaeo,อุทัยแอร์&ซาวด์ ซ่อมแอร์รถยนต์สระแก้ว คลังกระจกรถยนต์สระแก้ว,"333 Suwannason Rd, Sa Kaeo, Mueang Sa Kaeo District, Sa Kaeo 27000, Thailand",+66 94 846 4994,4,11,Open · Closes 5:30 PM,ChIJAdLvv1l9GzERXev_DyqR3Ko
Sa Kaeo,เพอร์เฟคแอร์ สระแก้ว,"บ้านเลขที่ื 238 หมู่ 3, เมือง, Sa Kaeo 27000, Thailand",+66 99 415 4024,,,Open 24 hours,ChIJo0fyMwCDHDER_YLCB-z0ZDs
Sa Kaeo,ร้าน ภาคินีแอร์,"354 23, Sa Kaeo, Mueang Sa Kaeo District, Sa Kaeo 27000, Thailand",+66 98 554 9734,5,6,Open · Closes 5 PM,ChIJX2_f5T99GzERDjKFCvrh3cA
Sa Kaeo,บูรพาอะไหล่แอร์,"5, 19 ถนนเฉลิมพระเกียรติ ร.9, Tambon Sa Kaeo, Mueang Sa Kaeo District, Sa Kaeo 27000, Thailand",+66 63 926 3971,5,4,Open · Closes 6 PM,ChIJNexUVSl9GzERidlLKhwHhTs
Sa Kaeo,ร้านอนันต์แอร์เซอร์วิส,"565, Tha Kasem, Mueang Sa Kaeo District, Sa Kaeo 27000, Thailand",+66 61 067 3229,5,1,,ChIJT5rICgt9GzER8uYbkQzzUJc
Sa Kaeo,สุรพลแอร์,"411 Suwannason Rd, Tambon Sa Kaeo, Mueang Sa Kaeo District, Sa Kaeo 27000, Thailand",+66 82 004 4778,,,Open · Closes 7:30 PM,ChIJPXXBWlB9GzERThZcvR2ubhE
Sa Kaeo,บริษัท สระแก้วแอร์ จำกัด,"432/3 Suwannason Rd, Tambon Sa Kaeo, Mueang Sa Kaeo District, Sa Kaeo 27000, Thailand",+66 87 149 1888,4,6,Open · Closes 5 PM,ChIJdR8EvbyCHDERpZYX39WPIGo
Sa Kaeo,นิพนธ์ แอร์เซอร์วิส,"R365+PHX, Sa Kaeo, Mueang Sa Kaeo District, Sa Kaeo 27000, Thailand",+66 92 000 4924,,,,ChIJ1dkEk6aDHDERNfKqO5sw6Aw
Sa Kaeo,วิทยาแอร์แอนด์เซอร์วิส(ช่างโรจน์),"9 หมู่5 ต.ท่าเกษม, Tambon Tha Kasem, Mueang Sa Kaeo District, Sa Kaeo 27000, Thailand",+66 95 809 4223,5,2,Open · Closes 5 PM,ChIJ6eZZ17hjGzERtAtYXqds-uc
Sa Kaeo,ร้านแสงอุทัยเครื่องเย็น,"114 หมู่16, Sa Khwuan, Mueang Sa Kaeo District, Sa Kaeo 27000, Thailand",+66 64 163 5165,3.4,7,Open · Closes 5 PM,ChIJk8vkxO2cHDERH3a6CWMHjQk
Nakhon Ratchasima,ห้างหุ้นส่วนจำกัด โคราชธารทองแอร์ ร้านขายแอร์โคราช,"558 ถ. โพธิ์กลาง, Tambon Nai Mueang, Mueang Nakhon Ratchasima District, Nakhon Ratchasima 30000, Thailand",+66 95 605 6609,4.9,270,Open · Closes 6 PM,ChIJ7ycE9LxMGTERqlC028yAMs4
Nakhon Ratchasima,ฟิวชั่นแอร์ ออล อีวี โคราช,"1111/9 Sura Narai Rd Ko, Ban Ko, Mueang Nakhon Ratchasima District, Nakhon Ratchasima 30000, Thailand",+66 62 594 4265,4.8,38,Open · Closes 5 PM,ChIJIy4aot9LGTERVOWQ4TCtZ5g
Nakhon Ratchasima,ช่างแอร์โคราช Aroon Air Service ล้าง ย้าย ติดตั้งแอร์,"2402, Tambon Nai Mueang, เมือง, Nakhon Ratchasima 30000, Thailand",+66 82 862 5706,4.9,15,Open · Closes 6 PM,ChIJo-QMQDFNGTERSm2f8r-4Z_M
Nakhon Ratchasima,เอพี แอร์ แอนด์ เซอร์วิส,"403 หมู่ที่ 2 DPT. Rd, Talat, Mueang Nakhon Ratchasima District, Nakhon Ratchasima 30310, Thailand",+66 81 966 8163,4.7,3,Open · Closes 5:30 PM,ChIJp5sUmDVJGTERGKQ1e7xfoE8
Nakhon Ratchasima,เอพี แอร์โคราช,"173, Hua Thale, Mueang Nakhon Ratchasima District, Nakhon Ratchasima 30000, Thailand",+66 99 612 3904,4.5,4,Open · Closes 7 PM,ChIJBeCdZwBNGTERt0uHQ-yIors
Nakhon Ratchasima,ธนทรัพย์แอร์แอนด์ซัพพลาย,"273, 37 ตรอกวัดท่าตะโก, Thesaban Nakhon Nakhon Ratchasima, Mueang Nakhon Ratchasima District, Chang Wat Nakhon Ratchasima 30000, Thailand",+66 99 359 3697,4.4,9,Open · Closes 6:30 PM,ChIJNSylLVdLGTERpeN3ksJr5Go
Nakhon Ratchasima,ล้างแอร์โคราช ซ่อม ติดตั้ง จำหน่าย แอร์โคราช,"583, 2, Pho Klang, เมือง, Nakhon Ratchasima 30000, Thailand",+66 93 951 4447,4.7,12,Open · Closes 5 PM,ChIJ42wfRoVNGTERGQFdDSqUOnE
Nakhon Ratchasima,อะไหล่แอร์ SR Air โคราช,"95/5 ซอย กิ่งสวายเรียง, Tambon Nai Mueang, เมือง, Nakhon Ratchasima 30000, Thailand",+66 89 166 3893,5,2,Open · Closes 5 PM,ChIJw97-2bJMGTER61r2iEUsw_o
Nakhon Ratchasima,ติดแอร์โคราช ล้างแอร์ ย้ายแอร์ ราคาถูก,"666/162, Cho Ho, เมือง, Nakhon Ratchasima, Thailand",+66 82 150 7697,4.9,11,Open · Closes 5 PM,ChIJY-zsp3tMGTERPpwFkL0XAwA
Nakhon Ratchasima,โคราชแอร์ถูกดี,"239/33 อาคาร, เมือง, Nakhon Ratchasima 30000, Thailand",+66 92 992 7987,5,1,Open · Closes 12 AM,ChIJGdz3V6yzHjER-DPSSEkfCxg
Nakhon Ratchasima,ร้านบีดี แอร์แอนด์เซอร์วิส (สาขาโคราช),"หมู่บ้าน, 445 Soi Rungnirun 4, Tambon Suranari, เมือง, Nakhon Ratchasima 30000, Thailand",+66 81 034 0706,4.6,11,Open · Closes 6:30 PM,ChIJMf3mJwCzHjERICgOBDYBzYs
Nakhon Ratchasima,ร้านพัฒนาแอร์,"หมู่ที่ 1, บ้านเลขที่ 213, Nong Krathum, Mueang Nakhon Ratchasima District, Nakhon Ratchasima 30000, Thailand",+66 86 444 4299,4.7,7,Open · Closes 5 PM,ChIJvYN8dE9LGTERTuUqBU_NjUU
Nakhon Ratchasima,บจก. พิทักษ์สินแอร์ โคราช,"143/61-62 ถนน, St Mari Rd, Nai Mueang, Mueang Nakhon Ratchasima District, Nakhon Ratchasima 30000, Thailand",+66 44 990 722,4.1,16,Open · Closes 6 PM,ChIJAQJm4VtLGTERWHLR2Iq-nCs
Nakhon Ratchasima,ร้านโสภณแอร์ (ช่างปาว),"W4P2+P5J, Pho Klang, Mueang Nakhon Ratchasima District, Nakhon Ratchasima 30000, Thailand",+66 80 370 4910,5,3,Open · Closes 6 PM,ChIJbc7XezFNGTER5XL5dRfrWrA
Nakhon Ratchasima,AtchanaiAir,"107/2 Mahachai Soi 1, Tambon Nai Mueang, Mueang Nakhon Ratchasima District, Nakhon Ratchasima 30000, Thailand",+66 91 669 5595,4.1,19,Open · Closes 8 PM,ChIJJ9dVIYFLGTERyAwve9eq3gw
Nakhon Ratchasima,ลีมอเตอร์แอร์-ช่างลี,"757, 100 แผ่นดินทองซิตี้6, Tambon Nai Mueang, Mueang Nakhon Ratchasima District, Nakhon Ratchasima 30000, Thailand",+66 81 389 2310,4.8,38,Open · Closes 5 PM,ChIJ9X0l4x2zHjERQV1lk90PCKc
Nakhon Ratchasima,ร้านบีดีแอร์บ้าน@ศาลาลอย,"135 Taosura 3 Alley, Nai Mueang, Mueang Nakhon Ratchasima District, Nakhon Ratchasima 30000, Thailand",+66 81 034 0706,5,4,Open · Closes 5 PM,ChIJlVTcRwBNGTERYKDLRLoRPrk
Nakhon Ratchasima,พี.บี.แอร์ เซอร์วิส,"1522/1 ข้างวัดใหม่อัมพวัน ในเมือง, Nakhon Ratchasima 30000, Thailand",+66 93 565 9559,4.9,30,Open · Closes 5 PM,ChIJj9-M-ByzHjERiEvUTy2iChU
Nakhon Ratchasima,แอร์บ้านราคาขายส่ง..โคราช,"X4F3+V83, Manat Rd, Tambon Nai Mueang, Mueang Nakhon Ratchasima District, Nakhon Ratchasima 30000, Thailand",+66 93 459 0900,5,1,Open · Closes 5 PM,ChIJxVCpBOpNGTERsO3iHnIYbpA
Nakhon Ratchasima,คิวแอร์คอน แอร์มือสองโคราช Qaircon Korat,"73 หมู่ 6 ถนนมุขมนตรี, บ้านใหม่ เมือง, Nakhon Ratchasima 30000, Thailand",+66 87 451 1666,4.6,10,Open · Closes 6 PM,ChIJM7NTLw2zHjERuQswGFOrdAg
Buriram,Kp air buriram แอร์บ้านปลีก-ส่ง ราคาถูกในบุรีรัมย์,"599, 5-6 ถนน จิระนครซอย 5, ในเมือง Mueang Buri Ram District, Buri Ram 31000, Thailand",+66 98 569 9590,4.5,24,Open · Closes 6 PM,ChIJ2UZzNoeVGTERwzRuBPRO1pU
Buriram,กิมอิเลคทริคแอร์,"31, 14-15 Lak Muang Rd, Nai Mueang, Mueang Buri Ram District, Buri Ram 31000, Thailand",+66 85 256 7166,4.2,22,Open · Closes 5 PM,ChIJg0ccLJaVGTEROXxVbkAweUw
Buriram,ช่างแอร์บุรีรัมย์ ร้านทิพศรเซอร์วิส,"155, Tambon Isan, Mueang Buri Ram District, Buri Ram 31000, Thailand",+66 86 873 1587,4.7,23,Open · Closes 5 PM,ChIJPx1ZmiiUGTER8gWzRmZ8Ecs
Buriram,กิม อิเลคทริคแอร์ 1983,"173/2-4/1-2 ถนน Buriram - Phutthaisong, Tambon Nai Mueang, Mueang Buri Ram District, Buri Ram 31000, Thailand",+66 85 256 7166,5,1,,ChIJMTr6FN2VGTERTts7phheKsM
Buriram,ช่างแอร์บุรีรัมย์​ ร้านแอร์บุรีรัมย์,"89 ต.อิสาณ อ.เมือง, 11​ ม.1, Tambon Isan, เมือง, Buri Ram 31000, Thailand",+66 81 361 4008,5,10,Open 24 hours,ChIJMQ75li-VGTER_YltXuPw3JE
Buriram,"ช่างแอร์บุรีรัมย์ ติดตั้ง,ซ่อม,ล้าง เครื่องปรับอากาศ","ชุมเห็ด, Tambon Nai Mueang, เมือง, Buri Ram 31000, Thailand",+66 94 704 8511,5,13,Open 24 hours,ChIJKQHmbgN3ewARjviiG1FMyJg
Buriram,ร้านบุญมีแอร์&อิเล็กทริค (ช่างมะเดี่ยว) ช่างแอร์บุรีรัมย์,"113, Nong Tat, เมือง, Buri Ram 31000, Thailand",+66 82 239 9416,5,1,Open · Closes 5 PM,ChIJMe54IQGXGTER1O6mbEZBN0g
Buriram,กิมแอร์ 2,"142, 14 15, Isan, Mueang Buri Ram District, Buri Ram 31000, Thailand",+66 85 105 8815,5,6,Open · Closes 5 PM,ChIJMcr4iMiVGTERDM4_Rtv_LQ4
Buriram,มินธาดา แซท แอนด์ แอร์,"402/12-14 ม .10 ต อิ สาณ อ เมือง, Buri Ram, Thailand",+66 81 977 0289,4,6,Open · Closes 6 PM,ChIJx6UQbX6WGTERAt6qT6apQPE
Buriram,AR AIR SERVICE แอร์บ้านบุรีรัมย์,"215 บ้านปรุ, 2, Ban Bua, Mueang Buri Ram District, Buri Ram 31000, Thailand",+66 97 339 4114,5,3,Open · Closes 6 PM,ChIJGZpcPACXGTERLQHdDp_pVPE
Buriram,ร้านสกลรัตน์แอร์บ้านบุรีรัมย์,"24H7+326, 288, Tambon Chum Het, Mueang Buri Ram District, Buri Ram 31000, Thailand",+66 88 884 9352,4.5,2,,ChIJZZr8N6a_GTERSadA4vxrB5E
Buriram,SP Autoparts Buriram,"203 หมู่ 9, ต.อิสาณ เมือง, Buri Ram 31000, Thailand",+66 44 666 881,4.9,29,Open · Closes 5 AM Sat,ChIJNed-fHeWGTERxIFg1W_NERM
Buriram,ช่างแอร์บุรีรัมย์ ร้านขายแอร์บุรีรัมย์ ซ่อมแอร์บุรีรัมย์ ช่างล้างแอร์บุรีรัมย์,"48/15 แสนสุข ซอย5 ถ.อินจันทร์ณรงค์ ต.ในเมือง อ.เมือง, ในเมือง เมือง, Buri Ram 31000, Thailand",+66 81 361 4008,5,6,Open 24 hours,ChIJGfkpym5jKyURRsvEb3FpspI
Buriram,อิสานแอร์,"X3PR+88X, 288, Ban Bua, Mueang Buri Ram District, Buri Ram 31000, Thailand",,5,1,Open now,ChIJIdE7mdGVGTERmE82cm0TtIk
Buriram,แจ๊คออโต้แอร์&ซาว,"247P+54X, 219, Tambon Isan, Mueang Buri Ram District, Buri Ram 31000, Thailand",+66 83 727 2868,5,1,Open · Closes 6 PM,ChIJva_oSHqVGTERQH55LCPYhrA
Buriram,ร้าน สหภัสอะไหล่แอร์ แอนด์ เซอร์วิส,"1/57-58, รถไฟ 31000, Nahsathani Rd, Nai Mueang, Mueang Buri Ram District, Buri Ram 31000, Thailand",+66 44 601 034,3.6,19,Open · Closes 6 PM,ChIJHWRV0MCVGTER8ueKVck4Vs4
Buriram,แอป ติดตั้งแอร์ ล้างแอร์,"38 หมู่11, Huai Rat District, Buri Ram 31000, Thailand",+66 92 431 6976,5,1,,ChIJI-tUkILrGTERFbWutBQONec
Buriram,ร้าน แอร์ซัพพลายแอนด์เซอร์วิส,"ต, 123 บ้านสถานี, Nong Tat, อ.เมือง, Buri Ram 31000, Thailand",+66 86 871 1906,4,1,Open · Closes 5 PM,ChIJs7XgH_-UGTERCDNSIhftqFI
Buriram,สมส่วนออโต้แอร์,"142, 68-69 Niwas Rd, Nai Mueang, เมือง, Buri Ram 31000, Thailand",+66 83 966 4421,5,7,Open · Closes 5 PM,ChIJp9WMBXyVGTERqfN8PoimDgI
Buriram,ชัยแอร์,"X3GC+R8P, บุรีรัมย์ - นางรอง, Ban Bua, Mueang Buri Ram District, Buri Ram 31000, Thailand",+66 62 806 3443,5,3,Open · Closes 5 PM,ChIJiZ8htsWXGTER_rN5AcBS3_o
Surin,แอร์สุรินทร์ เซอร์วิส ขายแอร์ ล้างแอ ร์ซ่อมแอร์,"73 Pattamanon Rd, Nai Mueang, Mueang Surin District, Surin 32000, Thailand",+66 65 987 7709,4.7,34,Open 24 hours,ChIJ_SUv6J3hGTERVOSQXPSswOY
Surin,กิมแอร์สุรินทร์,"211 3, Nok Mueang, Mueang Surin District, Surin 32000, Thailand",+66 63 194 9166,5,5,Open · Closes 5 PM,ChIJFzU0APzjGTER9taM1c2rt5Q
Surin,แอร์เซ็นเตอร์สุรินทร์,"369 หมู่16, Salak Dai, Mueang Surin District, Surin 32000, Thailand",+66 89 282 9959,4.5,15,Open · Closes 6 PM,ChIJs8W8DYDjGTERSWkQ76kzqo0
Surin,ร้านอเมริกาแอร์คอนดิชั่นเนอร์ (ประเทศไทย)สาขา บขส.สุรินทร์,"257, 10-11 Jitrbumrung Rd, Nai Mueang, Mueang Surin District, Surin 32000, Thailand",+66 93 323 7860,5,2,Open · Closes 8 PM,ChIJGYLkwurjGTER1mSwLMzq2DM
Surin,America airconditionner(thailand)สาขาสุรินทร์/บุรีรัมย์/แอร์บ้านบุรีรัมย์/แอร์บ้านสุรินทร์/แอร์ราคาถูก,"257, 10- 11 Jitrbumrung Rd, Nai Mueang, Mueang Surin District, Surin 32000, Thailand",+66 93 323 7860,5,1,Open · Closes 10 PM,ChIJD1rAEWSXGTERcFgccjMXRcA
Surin,ณัฐพัชร์แอร์ แอร์บ้านราคาถูก,"บ้านพันธุลี ม, 643-644, 10 ถนนเลี่ยงเมือง, Mueang Surin District, Surin 32000, Thailand",+66 89 888 4371,5,4,Open · Closes 5 PM,ChIJZ7o6c3jjGTERsbase2zNCNU
Surin,เค ซี แอร์เซอร์วิส,"268/5-6, ในเมือง Mueang Surin District, Surin 32000, Thailand",+66 96 741 1661,4.3,4,Open · Closes 7 PM,ChIJj85ttbDjGTERcNC4IkRcNyw
Surin,อู่ช่างมอสออโต้แอร์ สุรินทร์,"VG2Q+53W อู่ช่างมอสออโต้แอร์ สุรินทร์, Salak Dai, Mueang Surin District, Surin 32000, Thailand",+66 62 415 7488,4.9,14,Open · Closes 5:30 PM,ChIJiT0wXwDjGTERU3fPwzMHXHA
Surin,บุญชอบแอร์,"เลขที่ 181, Nok Mueang, อำเภอเมือง, Surin 32000, Thailand",+66 96 734 9269,4.2,10,Open · Closes 5 PM,ChIJQVqfwaXjGTERV6k13iOTq1w
Surin,นครสะเร็นแอร์เซอร์วิส,"592 บ้านเฉลิมพระเกียรติ หมู่21, อำเภอ เมือง, Surin 32000, Thailand",+66 85 316 8807,5,3,Open 24 hours,ChIJ2dG6mj_jGTERiJ9UZnlqmMg
Surin,โปรยโปย แอร์ service,"48/8-10, Surin Phakdi, Nai Mueang, Mueang Surin District, Surin 32000, Thailand",+66 82 143 1913,4.9,7,Open 24 hours,ChIJ0eBE0KLjGTERdZQL3qs2KDg
Surin,แอร์เมืองสุรินทร์ ล้างแอร์ ร้านแอร์ ขายแอร์ ติดตั้งแอร์ ซ่อมแอร์,"Kae Yai, Mueang Surin District, Surin 32000, Thailand",+66 83 330 2559,5,5,Open 24 hours,ChIJm4MR_XXhGTEReWFa25uRcTY
Surin,ร้านป๋องแอร์ (Pong Air),"ถ.สุรินทร์-ลำชี (Surin-Lamche Rd.), ต.นอกเมือง (Nokmueang) อ.เมืองสุรินทร์ (Muaengsurin), Surin 32000, Thailand",+66 90 292 7667,5,2,Open · Closes 6 PM,ChIJJfO_h-vjGTERrchxbyeXQuA
Surin,พีเอสแอร์แอนด์เซอร์วิส,"WGH6+2P, Kae Yai, Mueang Surin District, Surin 32000, Thailand",+66 83 737 1453,5,1,Open 24 hours,ChIJy2jUYHHhGTERiBlMF9Vl9Z4
Surin,ร้านแอร์สุรินทร์,"WGG5+PC9 บ้านแกใหญ่, Kae Yai, Mueang Surin District, Surin 32000, Thailand",+66 65 987 7709,,,Open 24 hours,ChIJmYL1QwDhGTERnXmYS0agrmo
Surin,ร้านเจที. แอร์ สุรินทร์,"706/1 หมู่ที่ 19 ต.นอกเมืองอ.เมือง, Nok Mueang, Mueang Surin District, Surin 32000, Thailand",+66 80 566 6612,4.8,52,Open · Closes 5 PM,ChIJuyqHjFHiGTERa9AKyD5lzDk
Surin,ร้านรุ่งแอร์เซอร์วิส บริการแอร์บ้านครบวงจร,"RGJ2+F3C, Nok Mueang, Mueang Surin District, Surin 32000, Thailand",+66 85 448 7792,5,1,Open · Closes 5 PM,ChIJ2RGkrz7jGTEROvU1Opa-s-8
Surin,ร้านเอยแอร์,"เลขที่ 66/8-9 หมู่ 21 ท่าสว่าง, Mueang Surin District, Surin 32000, Thailand",+66 98 415 9269,4.7,7,,ChIJZbRuS6rjGTERYsD-2yZEnK8
Surin,สุรินทร์แอร์ เซอร์วิส,"VFFR+VM9, ถนน เลียบคลอง ชลประทาน, Nai Mueang, Mueang Surin District, Surin 32000, Thailand",,5,2,Open · Closes 6 PM,ChIJOSk__a3jGTER1jWIgLy4634
Surin,ร้าน พี แอนด์ พี แอร์,"Tambon Nai Mueang, Amphoe Mueang Surin, Chang Wat Surin 32000, Thailand",+66 86 877 4400,4,1,,ChIJiS3KBsjjGTERhV-MrlyKkAg
Sisaket,หจก.ธงชัยโฮมแอร์ THA,"โพธิ์, 84/32-33, เมือง, Si Sa Ket 33000, Thailand",+66 61 919 1878,5,2,Open · Closes 6 PM,ChIJuzspShHjFjER9vQUoymxC5o
Sisaket,ราชาแอร์ ซาวด์ ศูนย์บริการซ่อมแอร์รถยนต์ DENSO,"104/1 ถนนศรีสะเกษ, Ubon, Pho, Mueang Si Sa Ket District, Si Sa Ket 33000, Thailand",+66 61 997 8295,4.7,35,Open · Closes 5 PM,ChIJGT1ONU37FjER0h89M4PU2MM
Sisaket,ร้านเอสอาร์อิเล็กทริคแอร์แอนด์เซอร์วิส,"9/16, Pho, Mueang Si Sa Ket District, Si Sa Ket 33000, Thailand",+66 45 826 599,5,1,Open · Closes 5:30 PM,ChIJ_xIlBR7jFjER2c9ahHkwZGY
Sisaket,ร้านแอร์ศรีสะเกษล้างติดตั้งซ่อมแอร์ตู้เย็นเครื่องชักผ้า,"14, 29, Tambon Ya Plong, เมือง, Si Sa Ket 33000, Thailand",+66 98 896 5431,3.8,8,Open · Closes 8 PM,ChIJwXUhHe7jFjER90lsZgd10p4
Sisaket,ราเชนทร์แอร์ศรีสะเกษ,"96, 1542, Mueang Tai, Mueang Si Sa Ket District, Si Sa Ket 33000, Thailand",+66 85 097 7197,3.6,5,Open · Closes 5 PM,ChIJU3Fb9x3jFjERBSoMrqwj02M
Sisaket,แสงชัยเอ็นจิเนียริ่ง,"309, 12 ถนน ศรีสะเกษ, Nong Khrok, Mueang Si Sa Ket District, Si Sa Ket 33000, Thailand",+66 81 593 8223,4.2,21,Open · Closes 5 PM,ChIJm23U-PHiFjERYdAnVqVB_Vw
Sisaket,ร้านไชยแอร์ฟิล์ม,"Unnamed Road, Mueang Tai, Mueang Si Sa Ket District, Si Sa Ket 33000, Thailand",+66 87 429 9978,4.6,19,Open · Closes 6 PM,ChIJCZvtiPniFjERienYayFUc8w
Sisaket,AP AIR แอร์บ้าน สาขาศรีสะเกษ,"226/2-4 หมู่ที่ 4, Mueang Si Sa Ket District, Si Sa Ket 33000, Thailand",+66 86 300 6980,,,Open 24 hours,ChIJs76hf_jlFjERmhg53JuJHeI
Sisaket,บริษัท คำภีร์เซอร์วิส จำกัด,"93, 289/92, Nong Khrok, Mueang Si Sa Ket District, Si Sa Ket 33000, Thailand",+66 86 253 9249,4.3,3,Open · Closes 5 PM,ChIJFWgG7fXiFjER-nqqBr4ufcY
Sisaket,N.T แอร์&เซอร์วิส,"70, บ้านโนนกลาง, Khae, Uthumphon Phisai District, Si Sa Ket 33120, Thailand",+66 85 534 2821,5,3,Open · Closes 5 PM,ChIJz_Uf_w8bFzERlnkDIvibUTE
Sisaket,อาคเนย์แอร์,"226, Mueang Tai, Mueang Si Sa Ket District, Si Sa Ket 33000, Thailand",+66 83 370 5123,5,4,Open · Closes 7 PM,ChIJdec_4OnjFjERbZQvTO6-8YE
Sisaket,ช่างแอร์ศรีสะเกษ,"44, 1, Tambon Phon Kha, เมือง, Si Sa Ket 33000, Thailand",+66 87 499 4870,5,6,Open 24 hours,ChIJO8HS6yPjFjERpEF0SERDnYc
Sisaket,ร้านโฮมออโต้เเอร์,"220, Mueang Tai, Mueang Si Sa Ket District, Si Sa Ket 33000, Thailand",+66 92 594 9160,5,1,Open · Closes 5 PM,ChIJ62wJNTHjFjERyV_y4V6Rl2E
Sisaket,สบายใจแอร์,"298 Chottipan Rd, Mueang Tai, Mueang Si Sa Ket District, Si Sa Ket 33000, Thailand",+66 94 373 6667,,,Open · Closes 6 PM,ChIJ86TrL23jFjER-2GMWz9l8gQ
Sisaket,ร้านทวีทรัพย์แอร์,"1422, 3 Mit Pracha Soi 2, Mueang Tai, Mueang Si Sa Ket District, Si Sa Ket 33000, Thailand",+66 87 879 7408,,,Open · Closes 5 PM,ChIJRaBNAQDjFjER5vdMw2nMYak
Sisaket,ร้านสายชลแอร์แอนด์ซาวด์,"266, Samrong, Uthumphon Phisai District, Si Sa Ket 33120, Thailand",+66 81 431 3114,5,2,Open · Closes 5 PM,ChIJxVy5bsIEFzER29ibVVq7WTY
Sisaket,ศรีสะเกเอกชัยเเอร์,"4897+R88, 226, Ya Plong, Mueang Si Sa Ket District, Si Sa Ket 33000, Thailand",+66 88 116 1623,,,Open · Closes 5 PM,ChIJ6WLX-8HjFjER3jBXr0XyHiM
Sisaket,หจก.ศรีสะเกษเครื่องเย็น,"161/8 เมืองเหนือ, Mueang Si Sa Ket District, Si Sa Ket 33000, Thailand",+66 45 613 248,4,2,Open · Closes 7:30 PM,ChIJbQY6fuDiFjERAKQLdx72BVQ
Sisaket,ร้านซ่อมแอร์ศรีสะเกษ,"367/9 หมู่ 11 หนองไผ่, เมือง, Si Sa Ket 33000, Thailand",+66 87 872 2011,,,Open · Closes 7 PM,ChIJYSy1gSTjFjERZKZk_nr_z_Q
Sisaket,ธีรวัฒน์แอร์แอนซาวด์,"84 ม.11, เมือง, Si Sa Ket 33000, Thailand",+66 89 722 2063,4.4,11,Open · Closes 6 PM,ChIJqwM5eNniFjER1zsiMS2U4Do
Ubon Ratchathani,สีลม วี-เทค แอร์และอะไหล่ อุบล,"2/4 ถนนประชาราษฎร์ สะพานกุดปลาขาว วารินชำราบ, Warin Chamrap District, Ubon Ratchathani 34190, Thailand",+66 84 722 6622,4.8,13,Open · Closes 5 PM,ChIJ5zp7StuHFjERDm6EOYT_-Zk
Ubon Ratchathani,หยกเพชร อิเล็คทริคแอร์,"256 Sathonlamak Rd, Warin Chamrap, Warin Chamrap District, Ubon Ratchathani 34190, Thailand",+66 93 451 3742,5,4,Open · Closes 6 PM,ChIJU_jeXwCHFjERxNGUGQWFN8E
Ubon Ratchathani,วัฒนาแอร์,"6VJ4+J4F, 20 Phalochai Rd, Mueang Ubon Ratchathani District, Ubon Ratchathani 34000, Thailand",+66 45 245 007,3.8,57,Open · Closes 5 PM,ChIJZUGSDy2GFjERI29JdfaWlQY
Ubon Ratchathani,บจก.เอซีอิเล็คทริคแอร์,"289/1 Srinarong, Mueang Ubon Ratchathani District, Ubon Ratchathani 34000, Thailand",+66 89 845 7477,4.6,10,Open · Closes 6 PM,ChIJO0uiOW6HFjERV33j32-VwJM
Ubon Ratchathani,ศุภกรแอร์แอนด์เซอร์วิส (แอร์อุบล),"ปทุม, 146 หมู่12 Somdet 3 Alley, Tambon Pathum, เมือง, Ubon Ratchathani 34000, Thailand",+66 61 864 4951,4.9,11,Open 24 hours,ChIJky-czWeHFjEROr0xdJ0VOyI
Ubon Ratchathani,ร้านล้างแอร์ใกล้ฉัน ร้านแอร์อุบล คิวซีแอร์อิเล็กทรอนิกส์,"ปทุม, ห้องราชวัตร เลขที่ 399 หมู่ 12 บ้านชลประทาน ต.ปทุม อ.เมืองอุบล, เมือง, Ubon Ratchathani 34000, Thailand",+66 80 160 9833,5,1,Open · Closes 5 PM,ChIJjTNStgGHFjERMDKnIqfBAXQ
Ubon Ratchathani,สากลแอร์ไฮเทคเช็นเตอร์ - Sakol Air,"105/1-2 Chawalanai Rd, Mueang Ubon Ratchathani District, Ubon Ratchathani 34000, Thailand",+66 45 241 683,4.4,21,Open · Closes 5:30 PM,ChIJUR0_PtSHFjER5X8uOen9exo
Ubon Ratchathani,อาทรแอร์ เซอร์วิสอุบล,"466, 274 ซอยห้วยคุ้ม, Tambon Kham Yai, Mueang Ubon Ratchathani District, Ubon Ratchathani 34000, Thailand",+66 91 078 9981,5,12,Open · Closes 5 PM,ChIJ2WCtuyVjFjERh3hxNGRsats
Ubon Ratchathani,ร้านเติมมอเตอร์ แอร์,"231/1-4 Ubon-Trakarn Rd, Pathum, Mueang Ubon Ratchathani District, Ubon Ratchathani 34000, Thailand",+66 83 664 7899,5,39,Open · Closes 6 PM,ChIJ61BNwnaIFjERg_H2cZTtqtw
Ubon Ratchathani,ธนกร แอร์เซอร์วิส อุบล,"วารินชำราบ, 94 หมู่ 6 ถนน จันทร์วีรศักดิ์, Tambon Warin Chamrap, Warin Chamrap District, Ubon Ratchathani 34190, Thailand",+66 81 175 9017,5,16,Open 24 hours,ChIJqXmMrfrTFTERTZFLgznKPLw
Ubon Ratchathani,อุบลวารินแอร์บ้าน,"13 หมู่2 ซอย แสนสุข, Tambon Saen Suk, Warin Chamrap District, Ubon Ratchathani 34190, Thailand",+66 86 718 8437,4.7,3,Open · Closes 8 PM,ChIJV5xItNSFFjERo5wXkUu79WM
Ubon Ratchathani,เอ็มดี แอร์ วาริน,"199, 201 Kantharalak Rd, Tambon Warin Chamrap, Warin Chamrap District, Ubon Ratchathani 34190, Thailand",+66 81 876 5868,4.8,12,Open · Closes 5 PM,ChIJ9QHL226HFjERDDwsnOSNrys
Ubon Ratchathani,ร้านแอร์บ้านก่อเจริญทรัพย์,"Thailand, Ubon Ratchathani, Warin Chamrap District, Saen Suk, 邮政编码: 34190",+66 94 428 7422,4.7,12,Open · Closes 6:09 PM,ChIJu6S0cCCPFjERi8Jz3XCG7Zo
Ubon Ratchathani,ล้างแอร์ วาริน อุบล ใกล้ฉัน,"ถ. สถิตย์นิมานกาล, Tha Chang, Sawang Wirawong District, Ubon Ratchathani 34190, Thailand",+66 93 524 4757,5,1,Open 24 hours,ChIJsz6Qw_eBFjERsBQ1G-wicx0
Ubon Ratchathani,ฤทธิ์ติชัย แอร์เซอร์วิส..จำหน่ายแอร์อุบลวารินบริการติดตั้ง ล้าง ซ่อม,"วารินชำราบ, 48/26, Warin Chamrap District, Ubon Ratchathani 34310, Thailand",+66 98 190 6427,5,2,Open · Closes 6 PM,ChIJUyCizG2HFjER-P6eaHqN6Ww
Ubon Ratchathani,บุญชัยเจริญแอร์เซอร์วิสวารินชำราบ,"366 หมู่ 10, Saen Suk, Warin Chamrap District, Ubon Ratchathani 34190, Thailand",+66 62 781 6922,5,2,Open 24 hours,ChIJwyJ0cW-FFjERvFsSRqZWmXk
Ubon Ratchathani,นิวัติออโต้แอร์ จ.อุบลราชธานี,"นิวัติออโต้แอร์, 169 หมู่ 11, Non Phueng, Warin Chamrap District, Ubon Ratchathani 34190, Thailand",+66 97 998 5005,4.8,114,Open · Closes 5 PM,ChIJc4vmcNGNFjERgbu82moEoQA
Ubon Ratchathani,ร้านกรอิเล็คทรอนิกส์ แอร์เซอร์วิส,"260, That, Warin Chamrap District, Ubon Ratchathani 34190, Thailand",+66 82 147 6762,5,3,Open · Closes 6 PM,ChIJsZPwWvyEFjERJ8UrJh0oY9U
Ubon Ratchathani,บ้านก่ออิเล็กทรอนิกส์แอร์เซอร์วิส,"Kantharalak Rd, Saen Suk, Warin Chamrap District, Ubon Ratchathani 34190, Thailand",+66 82 729 4918,4.5,16,Open · Closes 5 PM,ChIJf8JxTrqFFjERY0k9FGWDxZQ
Ubon Ratchathani,ร้านชุติแอร์ เซอร์วิส,"109 ซอยเทคโน, Tambon Kham Yai, เมือง, Ubon Ratchathani 34000, Thailand",+66 93 682 4164,5,2,Open 24 hours,ChIJY5WFqOtjFjERR0dbwpdI7KI
Yasothon,ร้านศักดิ์สิทธิ์แอร์ & เซอร์วิส,"408 Wittayathamrong Rd, Nai Mueang, Mueang Yasothon District, Yasothon 35000, Thailand",+66 82 912 0053,5,18,Open · Closes 6 PM,ChIJlZKbF-3PFzERq9hXrvQaDBY
Yasothon,ธีธัชแอร์,"452/4-6 Soi Chaeng Sanit, ในเมือง, Mueang Yasothon District, Yasothon 35000, Thailand",+66 87 648 8876,4.6,8,Open · Closes 5:30 PM,ChIJ0_QkENbOFzERvTXOGdHiLzk
Yasothon,ดีอาร์โปร์ดักท์ ยโสธร,"470-471, Mueang Yasothon District, Yasothon 35000, Thailand",+66 88 686 5353,,,Open · Closes 5 PM,ChIJO0UZA__PFzERY_NB0mM96rU
Yasothon,Wattana Air,"Q5G9+QFM, Sala Daeng, Tat Thong, Mueang Yasothon District, Yasothon 35000, Thailand",,3.2,6,,ChIJN884CjbJFzERe77evSWpO_g
Yasothon,ร้านบอนนี่แอร์ยโสธร,"เลขที่ 154 Si Sunthon, Nai Mueang, Mueang Yasothon District, Chang Wat Yasothon 35000, Thailand",+66 87 858 4262,,,Open · Closes 5 PM,ChIJVzPqW-PPFzER4cyw-_o5r4k
Yasothon,สยามชัยเซอร์วิส สาขายโสธร,"534, 1 Chaeng Sanit Rd, ในเมือง เมือง, Yasothon 35000, Thailand",+66 61 401 3394,4.8,72,Open · Closes 7 PM,ChIJiW5TdtbOFzERLVY0LdoigAw
Yasothon,จินอะไหล่ยนต์,"Tambon Nai Mueang, Amphoe Mueang Yasothon, Chang Wat Yasothon 35000, Thailand",,5,1,Open now,ChIJb_Mt39XOFzER48TB4iysK3I
Yasothon,ร้านช่างวุฒิแอร์บ้านเชอร์วิส,"249, 29 U-Thai Ramrit Rd, Nai Mueang, Mueang Yasothon District, Yasothon 35000, Thailand",+66 98 460 4955,,,,ChIJi3tIbgDPFzERHAmfFxFQJrU
Yasothon,ไดนาโม​​ ปริ​วัฒน์​มอเตอร์​ แอร์บ้าน แอร์รถยนต์ จานดาวเทียม ตู้เย็น ตู้แช่ เครื่องซักผ้า,"202, Pho Yai, Phanom Phrai District, Roi Et 45140, Thailand",+66 87 869 2107,5,6,Open · Closes 5:30 PM,ChIJpRwRsKrHFzERcuSlGDnirfg
Yasothon,Chatchai Car Care Shop,"254, Chaeng Sanit Road, Tambon Khueang Kham, Amphur Muang, เขื่องคำ, เมือง, Yasothon 35000, Thailand",+66 45 714 343,5,40,Open · Closes 5:30 PM,ChIJrYXEjzbJFzERRyfVJR7lvtI
Yasothon,Formula ยโสธร,"352/4-5 Wittayathamrong Rd, Nai Mueang, Mueang Yasothon District, Yasothon 35000, Thailand",+66 94 542 6197,5,2,Open · Closes 5 PM,ChIJl658AQDPFzERh3w2DNrr9dI
Yasothon,ร้านวัฒนาเซอร์วิสแอร์,"176 หมู่ 6 บ้านห้องพอก, Tambon Nam Kham Yai, Mueang Yasothon District, Yasothon 35000, Thailand",+66 84 157 2386,5,2,Open · Closes 9:30 PM,ChIJdQb8OZrNFzERIIJXckbgE2E
Yasothon,ร้านเปี๊ยกบริการ แอร์ ไดนาโม เดินสายไฟรถยนต์,"Q385+WJF, Unnamed Road, Kut Nam Sai, Phanom Phrai District, Roi Et 45140, Thailand",+66 89 280 1581,4.5,11,Open now,ChIJDeas0Q3HFzERcOU2Gvn0IrQ
Yasothon,ชนะชัย แอร์ ไดนาโม,"Tambon Tat Thong, Amphoe Mueang Yasothon, Chang Wat Yasothon 35000, Thailand",,1,4,,ChIJocdlArDOFzERKgSt6Bd6BEw
Yasothon,คลินิกแอร์ยโสธร ซ่อม ติดตั้ง จำหน่ายแอร์บ้าน,"บ้านกว้าง 44 ม.13, เมือง, Yasothon 35000, Thailand",+66 94 424 7014,,,Open · Closes 5 PM,ChIJZbx1DXLLFzERuBtrgppnQ6o
Yasothon,ติดตั้งแอร์,"หมู่ที่ 3, 364, Tat Thong, Mueang Yasothon District, Yasothon 35000, Thailand",+66 61 413 0136,,,Open · Closes 7 PM,ChIJBWbe4grPFzERs-tglh7Nico
Yasothon,สิงหา. แอร์ ดาวเทียม,"201หมู่10บ้าน กิโล3, Tat Thong, อำเมือง, Yasothon 35000, Thailand",+66 98 585 6455,,,Open · Closes 6 PM,ChIJj9sO_nPJFzERQ3vwRL7Sxgw
Yasothon,ร้านนพนันท์แอร์ ( ช่างป๊อบ ),"60ม.3, Tat Thong, Mueang Yasothon District, Yasothon 35000, Thailand",+66 87 408 3224,,,Open · Closes 5 PM,ChIJHV9Kt2bPFzERE1fhGGpkTX4
Yasothon,รับติดตั้งแอร์,"201, Tat Thong, เมือง, Yasothon 35000, Thailand",+66 98 585 6455,,,,ChIJdaHGcVbPFzER90YaaN0KbF4
Yasothon,Singer (Thailand) Company Limited,"225, 227 Chaeng Sanit Rd, Nai Mueang, Mueang Yasothon District, Yasothon 35000, Thailand",+66 89 580 8792,2.7,3,Open · Closes 5 PM,ChIJQ-KpjCjPFzEROc0HAZq3Etw
Chaiyaphum,บอสแอร์เซอร์วิสชัยภูมิ,"182 หนองไผ่, Tambon Nong Phai, Mueang Chaiyaphum District, Chaiyaphum 36240, Thailand",+66 95 146 1960,5,12,Open 24 hours,ChIJaWq3W0whNQERGQtEZ1eKyig
Chaiyaphum,"ที.บี.แอร์แอนด์อีเล็คทริค,T.B.AIR & ELECTRIC","271/6 ม.7, บ้านเล่า Mueang Chaiyaphum District, Chaiyaphum 36000, Thailand",+66 65 313 3087,5,1,Open · Closes 7 PM,ChIJH-sfQVFKHzERJGyfsYLt4K8
Chaiyaphum,สุเมฆแอร์บ้านแอนด์เซอร์วิส,"151/7 ถนน พญาแล, Nai Mueang, Mueang Chaiyaphum District, Chaiyaphum 36000, Thailand",+66 61 393 8093,5,25,Open · Closes 5 PM,ChIJKe9aEsE1HzER-k6jTyP2CxY
Chaiyaphum,พันธ์เจริญแอร์ ชัยภูมิ,"ชย.3055, Nai Mueang, Mueang Chaiyaphum District, Chaiyaphum 36000, Thailand",+66 89 491 5944,5,1,Open · Closes 6 PM,ChIJMaKnreU1HzERwpobPXJNHjw
Chaiyaphum,ร้านอรรถพลแอร์ ชัยภูมิ,"391 Chai Prasit Rd, Nai Mueang, Mueang Chaiyaphum District, Chaiyaphum 36000, Thailand",+66 81 492 7204,,,Open · Closes 5 PM,ChIJzzl3vPg1HzERnEGr0cQ7KjE
Chaiyaphum,ร้านพัชรินทร์แอร์บ้าน,"179, 3, Na Fai, เมือง, Chaiyaphum 36000, Thailand",+66 80 414 8307,5,2,Open · Closes 5 PM,ChIJvce-eYtLHzER36cQFW8I7SA
Chaiyaphum,เงินพูลแอร์ แอนด์ เซอร์วิส,"52, 450 Nonhai-Muangkao Road, Nai Mueang, Mueang Chaiyaphum District, Chaiyaphum 36000, Thailand",,5,4,Open · Closes 5 PM,ChIJb7uNQgA1HzERrIIYVJCtJNc
Chaiyaphum,ทีโอเอ็น แอร์เอ็นจิเนียริ่ง แอนด์เซอร์วิส,"21/176 ซ.2/2, 2, ต.ในเมือง อ.เมือง, Chaiyaphum 36000, Thailand",+66 80 474 5333,5,1,Open · Closes 5 PM,ChIJC06P8wFLHzERQs3NLgoNwLE
Chaiyaphum,ไพศาลแอร์ แอนด์เซอร์วิส,"45/10 ม .2 ต ใน เมือง อ, Mueang Chaiyaphum District, 36000, Thailand",+66 83 675 5017,5,2,Open · Closes 5:30 PM,ChIJUeIqqr01HzERuIUrL3392ik
Chaiyaphum,NS AIR - ซ่อมแอร์รถยนต์ชัยภูมิ,"249 ห.2 ต.โพนทอง บ.โพนทอง, Phon Thong, Mueang Chaiyaphum District, Chaiyaphum 36000, Thailand",+66 81 691 9145,4.9,33,Open · Closes 5:30 PM,ChIJ4SnS76tLHzERJIh7Dq9_ypQ
Chaiyaphum,ขายแอร์ ชัยภูมิ - ที วาย เทรดดิ้ง,"479/5ก. Non Muang Rd, Nai Mueang, Mueang Chaiyaphum District, Chaiyaphum 36000, Thailand",+66 86 465 7383,3.8,5,Open · Closes 5:30 PM,ChIJS8-zp3c1HzERFALrkRI7UYI
Chaiyaphum,ห้างหุ้นส่วนจำกัด ชัยภูมิแอร์ แอนด์ เซอร์วิส,"349/3 East St, Nai Mueang, Mueang Chaiyaphum District, Chaiyaphum 36000, Thailand",+66 44 811 019,,,Open · Closes 6 PM,ChIJscZ-f3o1HzERbCGo4HNboiM
Chaiyaphum,Mat Air,"40/5-7 ถนน ชัยภูมิ - สีคิ้ว, Nai Mueang, Mueang Chaiyaphum District, Chaiyaphum 36000, Thailand",+66 81 709 2290,5,2,Open · Closes 5 PM,ChIJ47eITAs1HzERwvOGBk3M19E
Chaiyaphum,Pichai Air,"Q2WC+PXC, 225, Nai Mueang, Mueang Chaiyaphum District, Chaiyaphum 36000, Thailand",+66 44 822 439,4.4,5,Open · Closes 6 PM,ChIJ01uDuaE1HzER4d04F-Szh1o
Chaiyaphum,อะไหล่แอร์บ้านชัยภูมิ,"555, 16 ถนน ชัยภูมิ - สีคิ้ว, Nong Na Saeng, Mueang Chaiyaphum District, Chaiyaphum 36000, Thailand",+66 83 722 2877,3.7,3,Open · Closes 5:30 PM,ChIJQ8BACwA1HzERB-JphWJHTMo
Chaiyaphum,ธานินทร์ อีเล็คทริค เวิลด์ แอร์ ทีวี ตู้เย็น เครื่องซักผ้า ชัยภูมิ,"14/26-30 หมู่ที่ 6, เมือง, Chaiyaphum 36000, Thailand",+66 44 821 333,4.4,35,Open · Closes 6 PM,ChIJB3-AWXI1HzERMABZtlTO01Q
Chaiyaphum,Weerachart Air,"Q28F+2WP, Nong Na Saeng, Mueang Chaiyaphum District, Chaiyaphum 36000, Thailand",+66 81 073 1795,5,1,,ChIJ9y7w6lc0HzERgdd06LTlMZA
Chaiyaphum,ร้านอนวัชแอร์,"QWMV+F4C, 225, Chi Long, Mueang Chaiyaphum District, Chaiyaphum 36000, Thailand",+66 88 711 8809,5,1,Open · Closes 5 PM,ChIJvQJ6wGw3HzERLh_QByn5USE
Chaiyaphum,ร้านบาสแอร์,"เลขที่ 314-318, ต.ในเมือง Mueang Chaiyaphum District, Chaiyaphum 36000, Thailand",+66 81 955 5987,4,1,Open now,ChIJ4Vg1E741HzER9V4JF46xKYc
Chaiyaphum,บุลากรอะไหล่แอร์รถยนต์ (สาขาชัยภูมิ),"18, 16 ถนน ชัยภูมิ - สีคิ้ว, ในเมือง Mueang Chaiyaphum District, Chang Wat Chaiyaphum 36000, Thailand",+66 87 300 4028,5,3,Open · Closes 5 PM,ChIJJYyDOlY1HzERyKGn5A1rE0o
Amnat Charoen,ร้านดี-คูลซิสเตร็ม,"801 ม.19 บุ่ง, เมือง, Amnat Charoen 37000, Thailand",+66 93 559 6597,4.8,4,Open · Closes 5 PM,ChIJjThZ5MgiFjERvoJG5jBAE3w
Amnat Charoen,ร้าน เออาร์ ออโต้แอร์,"38หมู่8 Chayangkun Rd, Bung, อำเภอ เมือง, Amnat Charoen 37000, Thailand",+66 90 902 1777,4.8,5,Open · Closes 5 PM,ChIJQz57DsAjFjER8-9uEq9qbGU
Amnat Charoen,ร้านธนทรัพย์แอร์&อิเลคทริค,"VJPC+CG8, Bung, Mueang Amnat Charoen District, Amnat Charoen 37000, Thailand",+66 81 065 2331,5,6,Open · Closes 5:20 PM,ChIJz8WAJwUjFjERm3bfEFkkA9E
Amnat Charoen,ไพศาลอำนาจอิเล็คทริค,"418 Chayangkun Rd, Bung, Mueang Amnat Charoen District, Amnat Charoen 37000, Thailand",+66 85 027 1188,5,7,Open · Closes 7 PM,ChIJP8DfTcojFjERo8jSUL5IY2Y
Amnat Charoen,ช่างธีร์ แอร์อำนาจเจริญเซอร์วิส,"9849, Ang Yai, Tambon Non Nam Thaeng, เมือง, Amnat Charoen 37000, Thailand",+66 96 394 3999,5,3,Open · Closes 5:30 PM,ChIJA-atiiUjFjERRfetSI-2o58
Amnat Charoen,อำนาจเจริญแอร์เซอร์วิส,"456, Tambon Bung, Mueang Amnat Charoen District, Amnat Charoen 37000, Thailand",+66 99 232 3545,,,Open 24 hours,ChIJj-i2boUjFjERDWs0Nn0Cw9Q
Amnat Charoen,MP.แอร์,"123 หมู่9, Tambon Bung, Muang Sam Sip District, Ubon Ratchathani 34140, Thailand",+66 88 115 0599,5,4,,ChIJcZuwB3lpFjER2FmkplTYUdM
Amnat Charoen,ร้านจิตรเจริญชัยแอร์,"Tambon Bung, Amphoe Mueang Amnat Charoen, Chang Wat Amnat Charoen 37000, Thailand",,,,Open now,ChIJV1TncvciFjERWFnpZnHLZ-I
Amnat Charoen,ร้านพียิ่งเจริญแอร์ อำนาจเจริญ,"VMG4+8X2, Bung, Mueang Amnat Charoen District, Amnat Charoen 37000, Thailand",+66 89 718 3031,,,Open · Closes 5 PM,ChIJV4UeGwAjFjERBFEU3ots1mU
Amnat Charoen,ร้าน อำนาจเจริญแอร์ 2,"21 หมู่9 Arunprasert Rd, ตำบลบุ่ง อำเภอเมือง, Amnat Charoen 37210, Thailand",+66 85 610 6172,3.7,3,,ChIJ7UfhrOoiFjER3ggYO-AGcpo
Amnat Charoen,ร้าน เค.เอส.ที่ แอร์บ้าน,"116 ม.5 Chayangkun Rd, Tambon Bung, อ.เมือง, Amnat Charoen 37000, Thailand",+66 84 477 8494,5,2,Open now,ChIJ4af74_YjFjERpx_wzOzbfks
Amnat Charoen,สยามชัยเซอร์วิส สาขาอำนาจเจริญ,"บุ่ง, 309/16-17, เมือง, Amnat Charoen 37000, Thailand",+66 63 474 9620,4.8,69,Open · Closes 7 PM,ChIJ37OUWOUjFjER72TjX8tH_-Y
Amnat Charoen,เจริญรัตน์ออโต้แอร์ โดยนายเจริญรัตน์ โกศัลวิตร,"337 Chayangkun Rd, Bung, Mueang Amnat Charoen District, Amnat Charoen 37000, Thailand",+66 45 450 136,4.6,8,Open now,ChIJ2SWiQsIiFjERDDk1ZbmeWFs
Amnat Charoen,ยิ้มแอร์แอนด์เซอร์วิส,"เลขที่ 76/1 หมู่ 4 หมู่บ้าน บุ่ง บุ่ง, Mueang Amnat Charoen District, Amnat Charoen 37000, Thailand",+66 85 498 6189,5,1,,ChIJw8tYStEjFjERBcFMTl4JO0E
Amnat Charoen,ล้างแอร์อยุธยา ย้ายและติดตั้ง By Mr.CooL,"จ.พระนครศรีอยูธยา, 33 หมู่ 9 ต, Tambon Bang Pradaeng, Amphoe Bang Pa-in, 13160, Thailand",+66 85 900 7106,,,Open 24 hours,ChIJB71kyaIjFjEROKCzIpvELSc
Amnat Charoen,โกดังแอร์เซอร์วิส ร้านขายแอร์อำนาจเจริญ,"37, เมือง, Amnat Charoen 37000, Thailand",+66 97 330 0690,,,Open 24 hours,ChIJCwWhdYIjFjERnmLHzoDL6Kw
Amnat Charoen,ร้านค้านาโศก บริการล้างแอร์ ติดตั้งแอร์บ้าน มือ1 มือ2,"บ้าน, 171 ม6, Huai Rai, Mueang Amnat Charoen District, Amnat Charoen 37000, Thailand",+66 61 959 1669,,,Open · Closes 5:30 PM,ChIJScaovmEZFjER-ZJm8Ly6i0c
Amnat Charoen,มงคลเซอร์วิส ช่างแอร์อำนาจเจริญ,"444 ม.8 บุ่ง, Mueang Amnat Charoen District, Amnat Charoen, Thailand",+66 86 586 8445,5,1,Open · Closes 5 PM,ChIJ91vyq70_FjERZscW7AFb98E
Amnat Charoen,ร้านช่างแป๊ะ ไดนาโม แอร์ แบตเตอรี่,"201 หมู่15 บุ่ง, เมือง, Amnat Charoen 37000, Thailand",+66 89 630 9997,4.7,6,Open · Closes 5 PM,ChIJWw85nSQjFjERoELah9AA7ZY
Amnat Charoen,นันทวัชแอร์ เซอร์วิส,"Tambon Bung, Amphoe Mueang Amnat Charoen, Chang Wat Amnat Charoen 37000, Thailand",,,,,ChIJJYm8K8AiFjERGQh1GxF_X5A
Nong Bua Lamphu,ออโต้แอร์เซอร์วิส,"335, Pho Chai, Mueang Nong Bua Lam Phu District, Nong Bua Lam Phu 39000, Thailand",+66 80 181 2730,5,2,Open · Closes 6 PM,ChIJ3ZEm-1PHIzERxRefvCB1swU
Nong Bua Lamphu,เอ็นพีพีแอร์เซอร์วิส(ใหม่),"Pho Chai, เมือง, Nong Bua Lam Phu 39000, Thailand",+66 98 151 1495,4.6,9,Open · Closes 5 PM,ChIJ6XDGPgDBIzER-BmTq5Io4HY
Nong Bua Lamphu,บรรเจิดแอร์ แอนด์ ซาวด์ (หนองบัวลำภู),"ร้าน บรรเจิด แอร์ แอนด์ ซาวด์ 92 หมู่ 7 บ้าน โค้ก น้ำ เกลี้ยง, Pho Chai, Mueang Nong Bua Lam Phu District, Nong Bua Lam Phu 39000, Thailand",+66 83 328 8636,4.6,37,Open · Closes 5 PM,ChIJ7dp_ApDAIzERflXYD6BI-HM
Nong Bua Lamphu,อภิเชษฐ์ แอร์ไดนาโม,"105, Lam Phu, Mueang Nong Bua Lam Phu District, Nong Bua Lam Phu 39000, Thailand",+66 86 221 9641,5,87,Open · Closes 5 PM,ChIJUaCPFwDBIzERqEdfHGvcn1c
Nong Bua Lamphu,แอร์โรว์ แอร์เซอร์วิส,"205 13, Nong Bua, Mueang Nong Bua Lam Phu District, Nong Bua Lam Phu 39000, Thailand",+66 42 311 220,5,1,Open · Closes 5:30 PM,ChIJlR3KZqrAIzERxADvEr0ypJ8
Nong Bua Lamphu,ร้านช่างนะ แอร์รถยนต์,"3, 11/6ม.10ต. โพธิ์ชัย, Pho Chai, Mueang Nong Bua Lam Phu District, Nong Bua Lam Phu 39000, Thailand",,4.7,23,Open 24 hours,ChIJ3TsOHMO5IzER9THz2AWYkvE
Nong Bua Lamphu,ร้านโมโนแอร์ เซอร์วิส,"6GWG+4C7, Huai Duea, Non Than, Mueang Nong Bua Lam Phu District, Nong Bua Lam Phu 39000, Thailand",+66 80 197 2856,5,1,Open now,ChIJS1Stj6i_IzERceAklJi-BSo
Nong Bua Lamphu,"ล้างแอร์,ล้างเครื่องซักผ้า,งานไฟฟ้า","101, Lam Phu, เมือง, Nong Bua Lam Phu 39000, Thailand",+66 97 019 0731,5,1,Open · Closes 5 PM,ChIJCRkXkLHBIzERqZGivutOaBI
Nong Bua Lamphu,ชัยแอร์&เซอร์วิส,"231 Khok Kaen Chang, Nong Bua, Mueang Nong Bua Lam Phu District, Nong Bua Lam Phu 39000, Thailand",+66 86 403 9056,,,Open · Closes 5 PM,ChIJAWsWSQC5IzERNe7SSCz-0_4
Nong Bua Lamphu,OK ออโต้แอร์ อะไหล่แอร์รถยนต์,"อ, 61/1 ม.2 ต, Lam Phu, Mueang Nong Bua Lam Phu District, Nong Bua Lam Phu 39000, Thailand",+66 62 624 2595,5,3,Open · Closes 5:30 PM,ChIJWZsB07PBIzERJVYq7U9uwvI
Nong Bua Lamphu,เอสพี ออโต้พาร์ท หนองบัวฯ จำหน่ายอะไหล่ ไฟฟ้า แอร์รถยนต์ แบตเตอรี่,"หมู่ที่ 2, 147/1 Wi Sai Udon Kit Rd, Nong Bua, Mueang Nong Bua Lam Phu District, Nong Bua Lam Phu 39000, Thailand",+66 89 622 3381,4.3,8,Open · Closes 5 PM,ChIJ5xAatVTHIzERgpM8qQ39gdw
Nong Bua Lamphu,จตุพร แอร์ & เซอร์วิส,"72/2 ม.7 บ้านโคกน้ำเกลี้ยง, โพธิ์ชัย เมือง, Nong Bua Lam Phu 39000, Thailand",+66 98 237 9205,,,Open · Closes 6 PM,ChIJ3cTYJpLAIzER0s4uPLKV-2c
Nong Bua Lamphu,ร้านต้นไดนาโม-แอร์,"ต.โพธิ์ชัย อ.เมือง จ.หนองบัวบำภู, 171 ม.1 บ้าน, Thailand",+66 88 711 5834,5,2,Open · Closes 5 PM,ChIJoY3QNgDBIzERmDEDET_hvg4
Nong Bua Lamphu,ร้านขายแอร์บ้านโคกเคียนช้าง,"5FH3+HH, Khok Kaen Chang, Nong Bua, Mueang Nong Bua Lam Phu District, Nong Bua Lam Phu 39000, Thailand",+66 86 403 9056,,,,ChIJe8LdZgC5IzERkj9HcB6b-hs
Nong Bua Lamphu,บัวขาวแอร์รวมช่าง,"Tambon Lam Phu, Amphoe Mueang Nong Bua Lam Phu, Chang Wat Nong Bua Lam Phu 39000, Thailand",,5,2,,ChIJo1Rq2WS_IzERIO5mvN-ja0c
Nong Bua Lamphu,ติดตั้งแอร์,"240 หมู่ที่ 9 หนองบัว, Mueang Nong Bua Lam Phu District, Nong Bua Lam Phu 39000, Thailand",+66 92 247 7532,,,Open · Closes 7 PM,ChIJ1Y9hOaK5IzERjy8iUGXoKLs
Nong Bua Lamphu,ร้านต้นหอมแอร์service,"5FH3+GJJ, 108 Khok Kaen Chang, Nong Bua, Mueang Nong Bua Lam Phu District, Nong Bua Lam Phu 39000, Thailand",+66 86 403 9056,,,Open · Closes 5 PM,ChIJBTjXg-q5IzERfF02W3cfmpw
Nong Bua Lamphu,ร้านรับติดตั้งแอร์,"232 หนองบัว Khok Kaen Chang, Tambon Nong Bua, เมือง, Nong Bua Lam Phu 39000, Thailand",,,,,ChIJNcmmlWS5IzER6eYHIq6Zf7c
Nong Bua Lamphu,ร้านแอร์หนองวัวซอหนองบัวบาน,"หมู่ที่ 1 หนองบัวบาน, Nong Bua Ban, Nong Wua So District, Udon Thani 41360, Thailand",+66 87 443 3844,4,1,Open 24 hours,ChIJxa58ICyXIzERmJ5m3pzecLg
Nong Bua Lamphu,ร้าน ทวีชัยแอร์,"178 หมู่ 2, ถนนวิไสยอุดรกิจ, ตำบลหนองบัว อำเภอเมือง จังหวัดหนองบัวลำภู, 39000, 39000, Thailand",+66 42 360 296,,,,ChIJNxTyRqvAIzER4LfLFhXf7IY
Khon Kaen,แอร์บ้านขอนแก่น หจก. เอ เอ แอนด์ เอ็น,"235/60 Lang Sun Ratchakan Rd, Tambon Nai Mueang, เมือง, Khon Kaen 40000, Thailand",+66 43 331 164,4.6,38,Open · Closes 5 PM,ChIJtYY56UaKIjERDbVgROBhkQE
Khon Kaen,เคพีแอร์ ล้าง ซ่อม ติดตั้ง ครบวงจร ราคาถูก by ช่างบาส,"108, 6, Tambon Nai Mueang, Mueang Khon Kaen District, Khon Kaen 40000, Thailand",+66 83 415 7042,5,12,Open 24 hours,ChIJ8aHLOy1hIjERChJGT39aY3s
Khon Kaen,ศรายุทธ แอร์บ้าน ขอนแก่น Since 2022,"ในเมืองขอนแก่น, 555 หมู่ 17, Ban Ped Sub-district, เมือง, Khon Kaen 40000, Thailand",+66 87 770 5738,5,119,Open · Closes 5 PM,ChIJM3i-6_NhIjERBOd5P5pQxJA
Khon Kaen,เจริญแอร์ (ช่างหนุ่ม),"192 Lao Nadi Rd, Tambon Nai Mueang, Mueang Khon Kaen District, Khon Kaen 40000, Thailand",+66 83 145 1528,5,22,Open · Closes 6 PM,ChIJa48QOvWJIjER_VXTu47RuNM
Khon Kaen,เอ็มออโต้แอร์ ล้างแอร์รถยนต์ ซ่อมแอร์รถยนต์ขอนแก่น,"104, 62 หมู่ 14 Mittraphap Rd, Tambon Nai Mueang, เมือง, Khon Kaen 40000, Thailand",+66 99 475 8111,5,217,Open · Closes 5 PM,ChIJP7cl0NOLIjERAOMSNS2QT0A
Khon Kaen,ล้างแอร์ขอนแก่น อิเล็กเทคแอร์,"501 บ้านหนองโจด, Ban Ped Sub-district, เมือง, Khon Kaen 40000, Thailand",+66 65 541 4919,5,14,Open · Closes 8 PM,ChIJa7JC9i6LIjERGHIN51WVkwM
Khon Kaen,พี.พี.ออโต้แอร์ ล้างแอร์ ซ่อมแอร์รถยนต์ ขอนแก่น,"143, 108 Kangwan 4 Alley, Ban Ped Sub-district, Mueang Khon Kaen District, Khon Kaen 40000, Thailand",+66 85 852 5222,4.6,120,Open · Closes 5 PM,ChIJ51hj0viJIjER7ueHa3bg7zo
Khon Kaen,ขาย ซ่อม ล้างแอร์ แอร์บ้านหลังมอขอนแก่น,"69, Sila, Mueang Khon Kaen District, Khon Kaen 40000, Thailand",+66 93 256 5924,5,1,Open · Closes 6 PM,ChIJUR6gblaLIjERo9NrhGzxT8U
Khon Kaen,ห้างหุ้นส่วนจำกัด สามเหลี่ยมแอร์,"116/7 หมู่ที่ 16 Maliwan Rd, Nai Mueang, Mueang Khon Kaen District, Khon Kaen 40000, Thailand",+66 43 236 560,3.8,54,Open · Closes 5 PM,ChIJSwM6txWKIjERZHagLhzmXDc
Khon Kaen,ร้านแอร์ขอนแก่น แอร์ช่างอ๋อแอร์เซอร์วิส,"999, 156 ถ.ทางเข้าสนามบิน, Tambon Sila, Mueang Khon Kaen District, Khon Kaen 40000, Thailand",+66 82 642 2539,4.9,8,Open · Closes 5 PM,ChIJ3bWZlIOLIjEReUYIBep7jd8
Khon Kaen,ช่างแอร์ขอนแก่น-ทรัพย์อิเลคทรอนิค,"119, 44 ถนน Ratkanueng, Tambon Sila, เมือง, Khon Kaen 40000, Thailand",+66 81 954 0014,4.8,17,Open · Closes 5 PM,ChIJHbTSaq2LIjERrjsA5if_ffw
Khon Kaen,Theera Air & Service KHONKEN,"131, 52-53 Chata Phadung Rd, Tambon Nai Mueang, Mueang Khon Kaen District, Khon Kaen 40000, Thailand",+66 85 000 0636,4.6,20,Open · Closes 5 PM,ChIJje2J9DKKIjER1tvfuE6EAkM
Khon Kaen,KP แอร์ ช่างแอร์ขอนแก่น,"สำราญ, 444/205, เมือง, Khon Kaen 40000, Thailand",+66 83 415 7042,4.6,13,Open 24 hours,ChIJ6a35Gl71IjERTLi02snulUw
Khon Kaen,ร้านแอร์ขอนแก่น หจก. วาย เอ็ม เอ็นจิเนียริ่ง ศูนย์จำหน่ายบริการ เครื่องปรับอากาศ และ อะไหล่,"680, 14 Na Mueang Rd, Tambon Nai Mueang, เมือง, Khon Kaen 40000, Thailand",+66 94 466 6393,5,12,Open · Closes 5 PM,ChIJ83MZWiGKIjERstTrz2LLjuo
Khon Kaen,Good day แอร์เซอร์วิส ล้างแอร์ซ่อมแอร์ด่วน,"249, 2 Rop Mueang, Tambon Nai Mueang, Mueang Khon Kaen District, Khon Kaen 40000, Thailand",+66 95 963 6660,5,115,Open 24 hours,ChIJq5wOeQCLIjERcBn08x8iZMc
Khon Kaen,กิจชัยแอร์การไฟฟ้า,"78/3 รื่นรมย์, Mueang Khon Kaen District, Khon Kaen 40000, Thailand",+66 43 224 740,4.6,32,Open · Closes 6:30 PM,ChIJvw20jyGKIjERQiJxgdjRTds
Khon Kaen,Air Victory Electric Cooperative.,"ใกล้ปั้มน้ำมัน, 288, 4 Ruen Rom Rd, Mueang Khon Kaen District, Khon Kaen 40000, Thailand",+66 94 294 6262,4.7,26,Open · Closes 5:30 PM,ChIJb9DC_SGKIjER0pyJ9hnF2I0
Khon Kaen,ร้านแสงชัยแอร์,"404 Yothathikan Khon Kaen 2005 Rd, Mueang Kao Sub-district, Mueang Khon Kaen District, Khon Kaen 40000, Thailand",+66 43 228 036,4.7,14,Open · Closes 6 PM,ChIJ3V2ePgCJIjERBFy3jVrvM4E
Khon Kaen,คิมเซอร์วิสแอร์ ติดตั้ง ย้าย ล้าง ซ่อม แอร์บ้านทุกยี่ห้อ ทุกประเภท,"เลขที่ 370/23 ม.Vip โฮม5 ต, Ban Ped Sub-district, Mueang Khon Kaen District, Khon Kaen 40000, Thailand",+66 88 560 6285,4.2,5,Open · Closes 6:30 PM,ChIJVRsShUKLIjERVCfC75E83-4
Khon Kaen,ศรีจันทร์แอร์,"756 ศรีจันทร์ Sri Chan Rd, Nai Mueang, Mueang Khon Kaen District, Khon Kaen 40000, Thailand",+66 43 224 871,4.1,10,Open now,ChIJkXOwji-KIjERYWIy14NlNQw
Udon Thani,คิงส์แอร์ดีเซอร์วิส ขายแอร์อุดร รับล้างแอร์ ซ่อมแอร์อุดรธานี,"154, 10 Churtsombat Rd, Tambon Mak Khaeng, Mueang Udon Thani District, Chang Wat Udon Thani 41000, Thailand",+66 98 665 8916,4.8,268,Open · Closes 5 PM,ChIJNZGLSXGdIzERB1F5LpKNlfQ
Udon Thani,พีพีแอร์บ้านอุดร,"285 บ้านดงเค็ง, 1 ซอยศรีประจักษ์ 1, Tambon Ban Chan, Mueang Udon Thani District, Udon Thani 41000, Thailand",+66 98 846 7098,4.6,9,Open · Closes 6 PM,ChIJw_ZKz1ydIzERH3xydkQvdsU
Udon Thani,แอร์บ้านธิชาอุดรธานี รับติดตั้งแอร์ ซ่อมแอร์ ล้างแอร์ รับติดกล้องวงจรปิด ซ่อมเซอร์วิส,"91, 1 หมากแข้ง, Tambon Ban Lueam, เมือง, Udon Thani 41000, Thailand",+66 81 015 9839,5,54,Open 24 hours,ChIJqZjfuK-dIzEROipCL-0XEns
Udon Thani,SK air ล้างแอร์อุดร ติดตั้งแอร์อุดร,"37/7-8 ชั้น 3 Non Phibun Alley, Tambon Ban Lueam, เมือง, Udon Thani 41000, Thailand",+66 90 931 4795,5,28,Open · Closes 8 PM,ChIJYTbHlzTqxakRHFG55szuQUE
Udon Thani,ช่างแอร์อุดรธานี รับล้างแอร์ ซ่อมแอร์ Mind AirService,"Soi Cherdsombat, Mak Khaeng Sub-district, Amphoe Mueang Udon Thani, Udon Thani 41000, Thailand",+66 83 528 4975,5,51,Open 24 hours,ChIJmS9avWedIzERGQtgWmoKLe0
Udon Thani,Kp แอร์ & เซอร์วิส,"หมู่บ้านสุขเกษม, Nong Na Kham, Mueang Udon Thani District, Udon Thani 41000, Thailand",+66 88 573 4774,5,12,Open · Closes 6 PM,ChIJS7TQCMB2IzEROzS3yIDnzFM
Udon Thani,บริษัท อุดรรุ่งกิจแอร์แคร์ แอนด์ เซอร์วิส,"Chiang Phin, Mueang Udon Thani District, Udon Thani 41000, Thailand",+66 64 894 6445,5,3,Open · Closes 5 PM,ChIJ_-8NXh6dIzERKKsgkUgRJvc
Udon Thani,แอร์บ้าน อุดร แอร์บ้านราคาถูก แอร์ขายส่ง แอร์ขายปลีกพร้อมติดตั้ง,"186/3, Mak Khaeng Sub-district, เมือง, Udon Thani 41000, Thailand",+66 86 458 3421,4.7,16,Open · Closes 5:30 PM,ChIJ8eg7A3J3IzERcIUcRyKkLUs
Udon Thani,บีทียูแอร์แอนด์เซอร์วิส,"Pracha Santi 3 Alley, Tambon Mak Khaeng, Mueang Udon Thani District, Udon Thani 41000, Thailand",+66 91 864 9988,5,1,Open · Closes 6 PM,ChIJmRc9FIJ3IzER6BjB79oDaKs
Udon Thani,"ร้านฉัตรมงคลแอร์บ้าน บริการย้าย,ซ่อม,ติดตั้งเครื่องปรับอากาศทุกชนิด","125, 10 ม.4, Tambon Nong Bua, เมือง, Udon Thani 41000, Thailand",+66 80 744 8050,4.5,35,Open · Closes 5 PM,ChIJDZitQTZ2IzERZ7MxArH1tPY
Udon Thani,อีสานแอร์ อิเล็คทริค,"หนองบัว, 37/9 ต.หนองบัว อ.เมือง, เมือง, Udon Thani 41000, Thailand",+66 95 657 7414,5,4,Open · Closes 6 PM,ChIJcwT9BgB3IzERw3qcC6aQRvg
Udon Thani,กันยง แอร์ แคร์ เซ็นเตอร์ สาขาอุดรธานี,"564, 2 Posri Rd, Mak Khaeng Sub-district, Mueang Udon Thani District, Udon Thani 41000, Thailand",+66 64 301 4403,2.8,5,Open · Closes 6 PM,ChIJi25ABRedIzERtg6T38AN_UQ
Udon Thani,อุดรแอร์บ้าน,"2, 5 Churtsombat Rd, Tambon Mak Khaeng, Mueang Udon Thani District, Udon Thani 41000, Thailand",+66 95 668 9896,3.7,3,Open · Closes 5 PM,ChIJg6Yfq3qdIzER2IAoFxFaEYg
Udon Thani,ร้านเซฟแอร์เซอร์วิส,"2024, Mu Mon, Mueang Udon Thani District, Udon Thani 41000, Thailand",+66 83 332 2318,5,1,Open · Closes 5:30 PM,ChIJh-NoUTSdIzERMl5_zRJINcg
Udon Thani,แอร์บ้านอุดร บริการซ่อมแอร์ ล้างแอร์บ้านในอุดรธานี Home Air Conditioning Service In Udonthani),"122, 1 ถนน.อุดร-สกล, Nong Bua, อ.เมือง, Udon Thani 41000, Thailand",+66 61 802 3655,4.5,12,Open · Closes 6:30 PM,ChIJvUQT6zN2IzER3lmL_cWoaFg
Udon Thani,เอ็ม.โอ.ออโต้แอร์,"115 ม.8 ซอยบ้าน, Dong Wat Alley, Mueang Udon Thani District, Udon Thani 41000, Thailand",+66 62 616 6303,4.8,26,Open · Closes 5:30 PM,ChIJZ4Yyj-F3IzERzinPoJo6iPI
Udon Thani,รุ่งเจริญแอร์บ้าน สาขาหนองนาคำ,"69 ม.1, Nong Na Kham, Mueang Udon Thani District, Udon Thani 41000, Thailand",+66 81 056 1234,4.8,4,Open 24 hours,ChIJfWCnOR93IzERlFH0chFrgx8
Udon Thani,Pg แอร์ & เซอร์วิส,"4 หมู่ 14 บ้านพรสวรรค์, Tambon Nong Na Kham, เมือง, Udon Thani 41000, Thailand",+66 65 347 5108,5,2,Open · Closes 9:30 PM,ChIJiRFRfXh3IzERAJOBbj84NG4
Udon Thani,คมสันต์แอร์บ้าน อุดร,"24/10 หมู่1, เมือง, Udon Thani 41000, Thailand",+66 98 234 7616,5,4,Open 24 hours,ChIJZ1BJxW-dIzERwdVjIEv3TN0
Udon Thani,แอร์บ้านApiwat Electric,"185 หมู่ 15, สามพร้าว เมืองอุดร, Udon Thani 41000, Thailand",+66 89 051 7008,5,7,Open · Closes 5 PM,ChIJw2F3BeV5IzERMh0zRF0_u6M
Loei,ร้านภัทชระ อิเลคทริค(อะไหล่แอร์เมืองเลย)#อะไหล่แอร์บ้าน#อะไหล่เครื่องซักผ้า#อะไหล่ตู้เย็นตู้แช่ #น้ำยาแอร์,"142 อะไหล่แอร์ อุปกรณ์แอร์, Sathon Chiang Khan Rd, กุดป่อง อ.เมืองเลย, Loei 42000, Thailand",+66 93 346 3637,5,29,Open · Closes 6 PM,ChIJ7aa0coVHITERgMm-jQvXhjw
Loei,ร้านจ.เจริญแอร์&เซอร์วิสสาขาเมืองเลย,"307, ต.เมือง, อ.เมืองเลย, Loei 42000, Thailand",+66 81 458 8439,5,23,Open · Closes 3:30 PM,ChIJd6Iifu9JITEREKluOpd78_M
Loei,ร้านขายแอร์ เมืองเลย(ไทเทิงภูแอร์)จ.เลย,"125 Sathon Chiang Khan Rd, Tambon Kut Pong, อ.เมืองเลย, Loei 42000, Thailand",+66 84 961 0903,5,28,Open · Closes 7 PM,ChIJm0a6PHVHITERuBf8ggAT8e8
Loei,เอ.เค.แอร์ แอนด์ อิเล็คทริค,"300, 6 ถนนเลยเชียงคาน, Tambon Kut Pong, อ.เมืองเลย, Loei 42000, Thailand",+66 94 394 5797,,,Open · Closes 6 PM,ChIJZxlXNYpHITERSUdwng5X3Ls
Loei,แอร์บ้าน​ร้าน​ณัฐ​พงษ์​แอร์​,"HR4M+VPF, 2249 Na Namman, Nam Suai, อ.เมืองเลย, Loei 42000, Thailand",+66 83 889 8823,5,1,Open · Closes 7 PM,ChIJBe8Lda5PITERofwx57elPys
Loei,เย็นเลย แอร์,"825 ม.11, เมือง, Loei 42000, Thailand",+66 96 402 1662,5,2,Open 24 hours,ChIJi-A1hwFJITERsLSVyfzsG9k
Loei,ส.รุ่งเรืองแอร์เมืองเลย,"99, กุดป่อง อ.เมืองเลย, Loei 42000, Thailand",+66 82 990 9312,,,Open 24 hours,ChIJoeDh3INHITER0uwwiC_AgvA
Loei,Narin Air,"190 Sathon Chiang Khan Rd, Kut Pong, อ.เมืองเลย, Loei 42000, Thailand",+66 81 873 9384,4.5,13,Open · Closes 5:30 PM,ChIJ71RXa-ZHITERauYUJq0wnZE
Loei,ร้าน สยามแอร์,"FPQJ+3MR, Chum Sai, Kut Pong, อ.เมืองเลย, Loei 42000, Thailand",+66 75 610 164,5,2,,ChIJn6D3fpVHITERRCgxtm-8aj4
Loei,อาทแอร์ เลย,"เมือง, 863/1, เมือง, Loei 42000, Thailand",+66 85 043 7591,,,Open · Closes 6 PM,ChIJRY1SgR1JITERbTkd88dGoNs
Loei,บี.ที.แอร์,"56 ถนน เลย-นาด้วง, กุดป่อง อ.เมืองเลย, Loei 42000, Thailand",+66 86 222 6943,3.3,4,Open · Closes 5 PM,ChIJoanZRmFHITERgQF2Q2Qzhcg
Loei,ร้านกังฟูแอร์,"496/1 ถนน เลย-เชียงคาน, ต.เมือง, อ.เมือง, Loei, Thailand",+66 63 879 9629,5,3,Open · Closes 8 PM,ChIJG9QIbulJITERhectMEgh48k
Loei,Thai Loei Air,"FPMF+V3C, Kut Pong, อ.เมืองเลย, Loei 42000, Thailand",,5,3,Open now,ChIJtQhjR5NHITER4FSKMqUb6uA
Loei,แอมแอร์-แอนซาวด์ (เลย),"42/3 ถ Maliwan Alley, Kut Pong, อ.เมืองเลย, Loei 42000, Thailand",+66 81 873 1796,4.8,4,Open · Closes 5 PM,ChIJsZcxVsFHITERDZdgqMok8WE
Loei,บุญมีแอร์เซอร์วิส,"44/1 Wisutthithep Rd, กุดป่อง เมือง, Loei 42000, Thailand",+66 90 961 0668,,,Open · Closes 6 PM,ChIJUWSlYftHITERU8IuIepj4Og
Loei,สหมิตร แอร์ แอนด์ ซาวด์,"18, 18 Maliwan Rd, Kut Pong, อ.เมืองเลย, Loei 42000, Thailand",+66 42 833 578,4.9,16,Open · Closes 6 PM,ChIJv8vnZe5HITERp-3JhnMz4oQ
Loei,พิชิตแอร์ จังหวัดเลย,"17, 22 ซอยมะขามหวาน, Kut Pong, อ.เมืองเลย, Loei 42000, Thailand",+66 42 832 642,5,1,Open now,ChIJE9BGM-pHITERv5u8oaudM9I
Loei,OTPA Service เราดูแลแอร์ ให้แอร์ดูแลคุณ,"132/3 Phiphat Mongkhon Rd, กุดป่อง เมือง, Loei 42000, Thailand",+66 62 894 9391,5,4,Open · Closes 5 PM,ChIJxzdg0Q9HITERYTkMFtuMmi0
Loei,ร้านเมืองเลยเซอร์วิส,"199 2015, Na An, อ.เมืองเลย, Loei 42000, Thailand",+66 90 840 5401,5,1,Open · Closes 7 PM,ChIJvznFIa1HITERL3JogbIwxeQ
Loei,ปัง ปัง แอร์เซอร์วิส,"GH85+WW, Kok Thong, อ.เมืองเลย, Loei 42000, Thailand",,5,1,Open · Closes 8 PM,ChIJH1kp_3g7ITERi46skLvF0m4
Nong Khai,ร้านธนอนันต์อิเล็คทอนิกส์ แอร์ถูก หนองคาย,"301 หมู่ที่ 3, 16-18 Mittraphap Rd, Mi Chai, Mueang Nong Khai District, Nong Khai 43000, Thailand",+66 96 646 4262,5,26,Open · Closes 7 PM,ChIJa7DfNZ1jJDERQ-LWdeCtSTU
Nong Khai,ศูนย์รวม แอร์บ้าน หนองคาย ช่างซ่อมแอร์ ปลีก ส่ง อุปกรณสำหรับช่างแอร์,"729 หมู่7, เมือง, Nong Khai 43000, Thailand",+66 86 465 0566,5,15,Open · Closes 5:30 PM,ChIJN9aEX3pjJDERJuz7GCy7i3U
Nong Khai,หนองคายแอร์,"129/29-30 หมู่ที่3 ถ.เสด็จ, Mi Chai, Mueang Nong Khai District, Nong Khai 43000, Thailand",+66 61 697 8999,4.6,16,Open · Closes 6 PM,ChIJSUrhMp1jJDER59cBVUrrI78
Nong Khai,ช่างแอร์หนองคาย ร้านนูแอร์เซอร์วิส,"68 2, Pho Chai, Mueang Nong Khai District, Nong Khai 43000, Thailand",+66 98 586 1543,4.9,28,Open 24 hours,ChIJgesBID1jJDER4-NMOw-LLrI
Nong Khai,ร้านซ่อมแอร์หนองคาย,"9 ดอนแก้ว วิลเลส999, 101, Tambon Wat That, เมือง, Nong Khai 43000, Thailand",+66 95 989 9858,5,8,Open · Closes 6 PM,ChIJI1DjA71lJDERzcQbrEuFmvY
Nong Khai,ร้านช่างเบสไฟฟ้า เซอร์วิสแอร์,"247 พานพร้าว, 3 ซอย15 ต, Tambon Phan Phrao, Si Chiang Mai District, Nong Khai 43130, Thailand",+66 96 396 4876,5,1,Open · Closes 6 PM,ChIJbVLJ64xpJDERnSYnaOyXDwg
Nong Khai,ร้านไดมอนด์แอร์หนองคาย,"VQMC+22H, Pho Chai, Mueang Nong Khai District, Nong Khai 43000, Thailand",+66 87 753 2055,,,Open · Closes 5 PM,ChIJ7e13e1JjJDERN8_2oHDJnpk
Nong Khai,ร้านพินธุ จำหน่ายแอร์ ติดตั้ง ซ่อม ล้าง,"VQV9+7GH, DPT. Nong Khai 2017 Rd, Nai Mueang, Mueang Nong Khai District, Nong Khai 43000, Thailand",+66 93 062 2675,5,1,Open · Closes 5 PM,ChIJeb6H4edjJDEREkQgEiBL408
Nong Khai,พูกิ แอร์บ้าน&อะไหล่,"เลขที่ 149 หมู่ 10, Hat Kham, Mueang Nong Khai District, Nong Khai 43000, Thailand",+66 88 142 6516,5,1,Open · Closes 5:30 PM,ChIJpdbFykRjJDERdhqyeDm_ENw
Nong Khai,อินฟินิตี้ แอร์ หนองคาย,"หมู่ที่ 3, 128, Hat Kham, Mueang Nong Khai District, Nong Khai 43000, Thailand",+66 80 080 0098,5,1,Open · Closes 5 PM,ChIJ60XMOQ9hJDERyHzKh9tfQJw
Nong Khai,เบสแอร์ แอร์ถูก หนองคาย,"VPGV+M8Q, Chayangkun Rd, Nai Mueang, Mueang Nong Khai District, Nong Khai 43000, Thailand",,3,1,,ChIJg2O8cg1jJDERam6wfg3BQHc
Nong Khai,อนันต์แอร์ ล้าง ย้าย ติดตั้งแอร์,"22 หมู่ที่ 3 บ้านหาดคำน้อยตำบลหาดคำอำเภอเมืองจังหวัดหนองคาย 43000, เมือง, Nong Khai 43000, Thailand",+66 84 320 6240,,,Open · Closes 5 PM,ChIJs_J32hxhJDERnmKqeQzg6Rw
Nong Khai,ร้าน กิตติแอร์&อิเล็คทริคเซอร์วืส,"Nong Kom Ko, Mueang Nong Khai District, Nong Khai 43000, Thailand",+66 95 640 5670,,,Open · Closes 5 PM,ChIJJ3U5axJ9JDERr5kNkvj0myA
Nong Khai,ร้านเย็นสบายแอร์เซอร์วิส,"VQF6+C58, Pho Chai, Mueang Nong Khai District, Nong Khai 43000, Thailand",+66 62 926 4665,5,1,Open · Closes 6 PM,ChIJJXerKABjJDERReH5Nqp-Rcg
Nong Khai,ร้านหนองคายออโต้แอร์,"VQQ6+WV4, Nai Mueang, Mueang Nong Khai District, Nong Khai 43000, Thailand",+66 89 277 9993,,,Open · Closes 5 PM,ChIJfWOieC5jJDERP2ZBHuGcDDs
Nong Khai,หจก.ภูรินท์แอร์บ้าน เครื่องทำความเย็น หนองคาย,"979, 24 หมู่ 7 Chayangkun Rd, Nai Mueang, Mueang Nong Khai District, Nong Khai 43000, Thailand",+66 94 524 1988,5,8,Open · Closes 5 PM,ChIJs9Seqx5jJDERNKXL6f3MvR4
Nong Khai,แอร์เซอร์วิส,"120/2 Nuanpranauw Rd, Pho Chai, Mueang Nong Khai District, Nong Khai 43000, Thailand",+66 91 064 6535,5,1,Open · Closes 5 PM,ChIJpbqDXB9jJDERuOHpsISjp90
Nong Khai,นิวเยียร์​ เซอร์วิสแอร์/เสริมสวย,"212 4, Phan Phrao, Si Chiang Mai District, Nong Khai 43130, Thailand",+66 96 804 5779,4.6,5,Open · Closes 5 PM,ChIJX0YB1WZpJDERv75i_9CFnTs
Nong Khai,กษาปณ์ แอร์$ไฟฟ้า,"142 อ, Tambon Wiang Khuk, เมือง, Nong Khai 43000, Thailand",,,,Open · Closes 9 PM,ChIJu0v7NgB7JDER_IFgKjKOt2I
Nong Khai,ผลบุญแอร์เซอร์วิส,"46/3 หมู่5, หาดคำ เมือง, Nong Khai 43000, Thailand",+66 82 303 8499,5,1,Open · Closes 6 PM,ChIJQWGgPDxiJDERUhpzCepljbs
Maha Sarakham,เอสพี แอร์ แอนด์ อิเล็คทริค,"208, เมือง, Maha Sarakham 44000, Thailand",+66 80 359 8746,5,21,Open · Closes 8 PM,ChIJD_5AB6GhIjEReOiYyA5bo54
Maha Sarakham,ร้านรุ่งเรืองแอร์อิเลคทริค,"1, 2 ถนนจุฑางกูร ซ. 13, Talat, Mueang Maha Sarakham District, Maha Sarakham 44000, Thailand",+66 99 591 4792,5,5,Open · Closes 5 PM,ChIJ8_Oh0POmIjERWDDG3e1cM0M
Maha Sarakham,หจก.แคร์คลีนแอนด์เซอร์วิส,"23 ซอย 15, Talat, เมือง, Maha Sarakham 44000, Thailand",+66 43 725 543,4.8,11,Open · Closes 5:30 PM,ChIJz3Ul8JWmIjERjF6psZaMiIw
Maha Sarakham,Max Air Service,"บ้านเลขที่ 910, Tha Khon Yang, Kantharawichai District, Maha Sarakham 44150, Thailand",+66 98 069 2810,5,47,Open · Closes 7 PM,ChIJqcTbhjOjIjERfqJFtdhw_0E
Maha Sarakham,ร้านดอกเตอร์แอร์,"เลขที่ 178-178/1 Theenanon Rd, Talat, Mueang Maha Sarakham District, Maha Sarakham 44000, Thailand",+66 80 319 8732,4.9,40,Open · Closes 5:30 PM,ChIJr3yN_d6lIjERbQioOFIckrA
Maha Sarakham,สารคามแอร์บ้าน ขายแอร์ ซ่อมแอร์ย้ายแอร์ติดตั้งแอร์ล้างแอร์สารคามช่างแอร์มหาสารคาม,"146 ตลาด, 13 Theenanon Rd, Tambon Talat, Mueang Maha Sarakham District, Maha Sarakham 44000, Thailand",+66 88 339 9883,4.8,24,Open · Closes 6 PM,ChIJmbgayf-0GEoR2trO1FDWU0o
Maha Sarakham,ธนภณแอร์,"67X6+XM4, Tha Khon Yang, Kantharawichai District, Maha Sarakham 44150, Thailand",,5,1,Open now,ChIJW9_cS4GjIjERNmNb4QhsIAs
Maha Sarakham,เอ็มดี แอร์ แอนด์ เซอร์วิส,"57GW+XC2, Talat, Mueang Maha Sarakham District, Maha Sarakham 44000, Thailand",,3.5,2,Open · Closes 6 PM,ChIJB2Pruu6mIjERdslMQXoVhkI
Maha Sarakham,ร้านอนงค์นาถเชอร์วิสแอร์มหาสารคาม,"311, 312, Tha Khon Yang, Kantharawichai District, Maha Sarakham 44150, Thailand",+66 43 995 700,3.7,10,Open · Closes 6 PM,ChIJnSUtIHekIjERf1Xj_NbVwZ8
Maha Sarakham,กฤษณะ แอร์,"Tambon Talat, Amphoe Mueang Maha Sarakham, Chang Wat Maha Sarakham 44000, Thailand",+66 95 974 9139,,,Open · Closes 6 PM,ChIJXUth5bqmIjERsrukCkJyv3s
Maha Sarakham,ร้านจิโรจน์แอร์,"685 ซอย นครสวรรค์ 2, Talat, Mueang Maha Sarakham District, Maha Sarakham 44000, Thailand",+66 98 143 1364,4.8,17,Open · Closes 5 PM,ChIJW-JaIVqmIjERQCVDLMiGD8Y
Maha Sarakham,ร้าน ชวนแอร์เซอร์วิส ติดตั้ง ล้าง ย้าย ซ่อม แอร์บ้าน มหาสารคาม,"166/17, เมือง, Maha Sarakham 44000, Thailand",+66 99 047 0147,5,2,Open · Closes 7 PM,ChIJMShUj0apIjERUdRqZ_oOrzU
Maha Sarakham,ห้างหุ้นส่วนจำกัด สารคามอีควิพเม้นท์,"364 Nakhon Sawan Rd, Talat, Mueang Maha Sarakham District, Maha Sarakham 44000, Thailand",+66 81 661 1937,4.6,16,Open · Closes 5 PM,ChIJp2YzuJamIjERg7nPc5HGFAg
Maha Sarakham,รับซ่อมบอร์ดแอร์มหาสารคาม,"35 Nakhon Sawan 38 Alley, Talat, Mueang Maha Sarakham District, Maha Sarakham 44000, Thailand",+66 86 241 9933,5,154,Open 24 hours,ChIJVRGoYgCnIjERN32GaeACgwY
Maha Sarakham,ต้น แอร์มหาสารคาม (จำหน่ายแอร์มือ2),"82, 12 Nakhon Sawan Rd, Talat, เมือง, Maha Sarakham 44000, Thailand",+66 98 634 4569,5,6,Open · Closes 6 PM,ChIJGQQwBpanIjERhu5gUbc-i1w
Maha Sarakham,เคเอส.ออโต้แอร์ ซ่อมล้างแอร์รถยนต์มหาสารคาม,"220 หมู่ 11 Theenanon Rd, Koeng, Mueang Maha Sarakham District, Maha Sarakham 44000, Thailand",+66 89 840 2889,5,46,Open · Closes 6 PM,ChIJ45rbjR2lIjER1cbbWxRK-K4
Maha Sarakham,รุ่งชัย ออโต้ ( แอร์ รถยนต์ ),"202, 18 ถ. ผดุงวิถี, Talat, Mueang Maha Sarakham District, Maha Sarakham 44000, Thailand",+66 88 073 1392,4.8,41,Open · Closes 7 PM,ChIJ7YpzcCenIjERIc7LOJomD4s
Maha Sarakham,สุทัศน์แอร์,"58F8+VGW, Talat, Mueang Maha Sarakham District, Maha Sarakham 44000, Thailand",,5,2,Open now,ChIJqeFdZf-nIjERiJq7IeG2Nz8
Maha Sarakham,ช่างภูมิแอร์เซอร์วิส,"322 1, Kham Riang, Kantharawichai District, Maha Sarakham 44150, Thailand",+66 87 996 3522,5,1,Open · Closes 9:30 PM,ChIJ4bKTTB2jIjER8MzwFoRydrc
Maha Sarakham,ศิริชัยแอร์&เซอร์วิส,"184 หมู่13, เมือง, Maha Sarakham 44000, Thailand",+66 61 358 7067,5,1,,ChIJU7hsCZ2nIjERLIIfRyb0_Ts
Roi Et,ล้างแอร์ร้อยเอ็ด,"11/6-11/7 Meechokchai, ในเมือง เมือง, Roi Et 45000, Thailand",+66 99 629 5199,4.9,17,Open · Closes 5 PM,ChIJO_rnmtz9FzERd09vabw6YmA
Roi Et,ห้างหุ้นส่วนจำกัด ชัยอีเล็คทริคร้อยเอ็ด,"90-92 Chaeng Sanit Rd, Nai Mueang, Mueang Roi Et District, Roi Et 45000, Thailand",+66 43 511 343,4.5,28,Open · Closes 5:30 PM,ChIJ8T4apnv-FzERN3G6jufoDdY
Roi Et,แอร์บ้านร้อยเอ็ด ขาย จำหน่าย ติดตั้ง ซ่อม ล้าง แอร์,"650 หมู่ 14, เมือง, Roi Et 45000, Thailand",+66 61 790 7771,5,10,Open · Closes 6 PM,ChIJkZbih8X9FzERNwptKdNHncw
Roi Et,เอกแอร์ร้อยเอ็ด,"420, 9 ถนน รณชัยชาญยุทธ, Tambon Nai Mueang, เมือง, Roi Et 45000, Thailand",+66 90 007 2225,5,7,Open · Closes 5 PM,ChIJo59ZxlL9FzERLWDotE1ug6s
Roi Et,เอกรัตน์แอร์อิเล็คทริค,"11/6-11/7 ถนน, Meechokchai, Nai Mueang, Mueang Roi Et District, Roi Et 45000, Thailand",+66 99 629 5199,5,1,Open · Closes 5 PM,ChIJNWl7N8T9FzER9rEMoNA655w
Roi Et,AP แอร์ ร้อยเอ็ด แอร์บ้าน ปลีก-ส่ง ราคาถูก,"23 ถนนรอบเมือง, Nai Mueang, Mueang Roi Et District, Chang Wat Roi Et 45000, Thailand",+66 90 553 5522,5,2,Open · Closes 6 PM,ChIJH5Gc1nP9FzERJlsziTsSyBQ
Roi Et,ธงชัยแอร์เซอร์วิส,"118 หมู่ 7, Pho Sai, Si Somdet District, Roi Et 45280, Thailand",+66 98 096 1942,5,2,Open · Closes 7 PM,ChIJmUcUAL2rIjER5x4RKEtfqgE
Roi Et,ร้านล้างแอร์รถยนต์500บาท ตรวจเช็คซ่อมสี่แยกบายพาสร้อยเอ็ด-สุวรรณภูมิ รอบเมืองจ.ร้อยเอ็ด,"188, Rop Mueang, Mueang Roi Et District, Roi Et 45000, Thailand",+66 80 419 7446,4.9,23,Open · Closes 6 PM,ChIJS20TSr79FzEREImcY-yeh3k
Roi Et,ศุภวิชญ์แอร์ สาขาร้อยเอ็ด,"3G9Q+FQF, Unnamed Road, Po Phan, Mueang Roi Et District, Roi Et 45000, Thailand",+66 98 791 9836,5,1,Open · Closes 5 PM,ChIJhwvrgS8BGDER7iCIychqaHc
Roi Et,หจก.วุฒิแอร์เซอร์วิส สาขา 2 ร้อยเอ็ด,"107, Tambon Nuea Mueang, เมือง, Roi Et 45000, Thailand",+66 86 863 9432,5,3,Open · Closes 6 PM,ChIJ5Y4OGZH9FzERULy_TFPcO30
Roi Et,ร้านนทีแอร์,"108 ถ. ปัทมานนท์, ในเมือง เมือง, Roi Et 45000, Thailand",+66 86 854 2327,4.9,12,Open · Closes 5 PM,ChIJW3Ikay38FzERLOW8pk3Z-68
Roi Et,หจก.มาเวลเซอร์วิสแอร์ไฟฟ้า,"215, 10 หมู่17 หมู่บ้านเอราวัณวิลล่า, Niwet, Thawat Buri District, Roi Et 45170, Thailand",+66 89 981 8575,5,2,Open · Closes 5 PM,ChIJVToCLaj9FzERik6wUF9wHPk
Roi Et,ร้านท็อปแอร์ร้อยเอ็ด,"421 หมู่ 6 รอบเมือง, เมือง, Roi Et 45000, Thailand",+66 63 021 1047,5,1,Open · Closes 6 PM,ChIJE2vZMff9FzERRhgqQd0foI8
Roi Et,รุ่งเรืองทรัพย์ไพศาลแอร์ จำหน่ายแอร์ ติดตั้งแอร์ ล้างแอร์ ซ่อมแอร์ ทุกชนิด,"149ม.5 แยกไฟแดงบ้านดง บ้านนา ต, Nuea Mueang, Mueang Roi Et District, Roi Et 45000, Thailand",+66 90 324 7195,5,1,Open · Closes 8:30 PM,ChIJ0wtYcgn9FzERK7Ydy0eYi_8
Roi Et,ร้านโชคชัยแอร์เซอร์วิส,"3GG8+XHQ, Po Phan, Mueang Roi Et District, Roi Et 45000, Thailand",+66 96 823 8615,5,1,Open · Closes 6 PM,ChIJh_V0cAABGDERR0neOhytilo
Roi Et,ช่างแอร์ ล้างแอร์ ซ่อมแอร์ ติดตั้งแอร์ จำหน่ายแอร์ ร้านแอร์บ้านร้อยเอ็ด,"5 ซ.23, ถนน รณชัยชาญยุทธ, ในเมือง เมือง, Roi Et 45000, Thailand",+66 62 390 7779,5,9,Open · Closes 6 PM,ChIJR_CWapP9FzERwmftMSSGTWs
Roi Et,เปาแอร์ ซ่อมแอร์รถยนต์ทุกชนิด,"31, 5 ถนนรัฐกิจไคลคลา, Tambon Nai Mueang, เมือง, Roi Et 45000, Thailand",+66 94 449 3694,4.9,14,Open · Closes 5 PM,ChIJ_0JiWr_fFzERw0509aVRlJo
Roi Et,ธานีแอร์,"บ้านเลขที่ 11 หมู่ 22 บ้านน้อยในเมือง, Nuea Mueang, เมือง, Roi Et 45000, Thailand",+66 81 670 3357,4.8,5,Open · Closes 4 PM,ChIJ7553jQX9FzER_BFKZFbW4EQ
Roi Et,ช่างวิทย์ แอร์เซอร์วิส,"ค่ายสมเด็จพระพุทธยอดฟ้าจุฬาโลกมหาราช (ค่ายโสกเชือก บ้านพักจ.7ห้อง 3, Tambon Pho Sai, Si Somdet District, Roi Et 45280, Thailand",+66 93 893 5552,5,1,Open · Closes 8 PM,ChIJAaPrYqCrIjERqTbeNoNKeck
Roi Et,ติดตั้งแอร์ร้อยเอ็ด ล้างแอร์ร้อยเอ็ด (ช่างรงค์),"บ้านเหล่าสมบูรณ์, 87 ม.7, Dong Lan, Mueang Roi Et District, Roi Et 45000, Thailand",+66 88 533 5442,5,3,Open now,ChIJO2_M_R__FzERH4GaYsXsJ-k
Kalasin,ร้านแอร์กาฬสินธุ์ วุฒิเดชแอร์ ซัพฟลาย,"Anankha Nak Rd Ban Nakeaw, Tambon Kalasin, Mueang Kalasin District, Kalasin 46000, Thailand",+66 96 053 2554,4.2,18,Open · Closes 6 PM,ChIJdf4rtxS1IjERj7PwrVEMiUI
Kalasin,ห้างหุ้นส่วนจำกัด เดอะวันแอร์อีเล็คทริค,"122, Huai Pho, Mueang Kalasin District, Kalasin 46000, Thailand",+66 93 523 3227,5,8,Open · Closes 6 PM,ChIJ1RmTuStNPTERWUgdlLWuP8A
Kalasin,ช่างแอร์กาฬสินธุ์ ร้านสปอร์ตอิเล็คทริคไฟฟ้า,"1, 4 Kamon Chai Phatthana Rd, Tambon Kalasin, เมือง, Kalasin 46000, Thailand",+66 94 268 2861,5,1,Open 24 hours,ChIJY36rZgq1IjERkPeXTP6bOQ0
Kalasin,ร้านแอร์กาฬสินธุ์ by สปายแอร์เซอร์วิส,"197 เหนือ, 46000, Tambon Nuea, Amphoe Mueang Kalasin, Kalasin 46000, Thailand",+66 96 686 7786,5,4,Open · Closes 12 AM,ChIJL6Nj5G-1IjERm9F_lmOXmO4
Kalasin,ร้านแอร์กาฬสินธุ์ ยางตลาด ร้านพีพีแอร์ แอร์บ้าน กล้องวงจรปิด,"หมู่ 4, 72/7, Yang Talat, Yang Talat District, Kalasin 46120, Thailand",+66 92 792 6310,5,7,Open · Closes 5:30 PM,ChIJg_pTw1m3IjERO1GGzx9KWKA
Kalasin,ร้านแอร์กาฬสินธุ์ หจก.อรุณีอะไหล่แอร์ By อิสระแอร์,"105, 3 Kudyang Samakkee, Tambon Lam Phan, Mueang Kalasin District, Kalasin 46000, Thailand",+66 87 215 3827,5,8,Open · Closes 5 PM,ChIJ0xkk7Ay1IjERR1lyrCwAZHg
Kalasin,ร้านนาคราชแอร์เซอร์วิท,"บาสพาส, 45/3-4 ถนน, ถนน สงเปลือย, Kalasin 46000, Thailand",+66 98 401 6553,5,9,Open 24 hours,ChIJU_es0V21IjERwv2au-r1HIQ
Kalasin,ร้านช่างอิง แอร์กาฬสินธุ์,"บ้านเตาไห, 450/12, เมือง, Kalasin 46000, Thailand",+66 98 180 2812,5,3,Open 24 hours,ChIJYdfbVIO1IjERDnYqznwuXTw
Kalasin,ร้านนายแอร์ กาฬสินธุ์,"202, 29 Thanon Thetsaban 23, Kalasin, Mueang Kalasin District, Kalasin 46000, Thailand",+66 85 390 1676,4.5,2,Open · Closes 5:30 PM,ChIJ_Q6zvRq1IjERSs6IHy2KhIA
Kalasin,ร้านเทคนิคแอร์ กาฬสินธุ์,"296, 5-6 ถ Kudyang Samakkee, Tambon Kalasin, เมือง, Kalasin 46000, Thailand",+66 81 708 5886,4.5,23,Open · Closes 5 PM,ChIJKyooqSi1IjERji2ebJ9Wg2Y
Kalasin,ถาวรแอร์ แอนด์ ซาวด์,"7, 8 Kanlasin Rd, Tambon Kalasin, เมือง, Kalasin 46000, Thailand",+66 81 717 9163,4.5,10,Open · Closes 5 PM,ChIJUWVf2xu1IjERQJnF8d3OU4g
Kalasin,ร้านแอร์ เจริญแอร์เซอร์วิส,"249, Nong Kung Tai, Nong Kung, Mueang Kalasin District, Kalasin 46000, Thailand",+66 80 330 1449,5,1,Open · Closes 5 PM,ChIJe-lV-CfLIjERgOA-yloSNos
Kalasin,พีเคแอร์ เซอร์วิส แอร์บ้านและระบบไฟฟ้าภายในบ้าน,"473, Tambon Yang Talat, Yang Talat District, Kalasin 46120, Thailand",+66 97 025 3994,4.9,14,Open 24 hours,ChIJx57BZpu5IjERDOpL6brBdhY
Kalasin,ขายแอร์ เครื่องใช้ไฟฟ้า,"108, 110-112 Kanlasin Rd, Kalasin, เมือง, Kalasin 46000, Thailand",+66 93 356 3597,4.7,6,Open · Closes 7:30 PM,ChIJyelOsxq1IjER9tQvj4ozn4I
Kalasin,ร้านพู่การไฟฟ้าแอร์,"FJCJ+MP3, กส.2019, Muang Na, Don Chan District, Kalasin 46000, Thailand",+66 83 352 5423,5,2,Open · Closes 5 PM,ChIJexQkZRY1PTER-taOE7PcGHs
Kalasin,นพรัตน์ แอร์ อีเล็คทริค,"36/3-4, Panna Rd, Kalasin, เมือง, Kalasin 46000, Thailand",+66 89 710 8765,,,Open · Closes 6 PM,ChIJJfzREoS1IjERH-5pEctA9bc
Kalasin,สุวิทย์แอร์,"84/13 Theenanon Rd, Tambon Kalasin, Mueang Kalasin District, Kalasin 46000, Thailand",+66 83 404 5998,4.6,8,Open · Closes 5 PM,ChIJnYCnjBa1IjERQNq7U7YHTs0
Kalasin,Sor. Charoen Auto Air,"242 Kudyang Samakkee, Kalasin, Mueang Kalasin District, Kalasin 46000, Thailand",+66 99 035 5246,4.8,17,Open · Closes 5 PM,ChIJOU1Bawe1IjER324bBaBKyuc
Kalasin,JS Air & Service,"62 Theenanon Rd, Tambon Nuea, Mueang Kalasin District, Kalasin 46000, Thailand",+66 99 629 4455,5,33,Open · Closes 5 PM,ChIJx1O7Yly1IjERBcNlIBa5p8k
Kalasin,"Siamchai Service, Yang Talat Branch","32-32/1, ต.ยางตลาด Yang Talat District, Kalasin 46120, Thailand",+66 65 719 8378,4.9,40,Open · Closes 7 PM,ChIJbxZBLmW3IjERlG9fBWm2Q3Q
Sakon Nakhon,อาทิตย์แอร์สกลนคร,"189/2 หมู่ 13 ถนน สกล-กาฬสินธฺุ์, Mueang Sakon Nakhon District, Sakon Nakhon 47000, Thailand",+66 95 660 2728,4,20,Open · Closes 6 PM,ChIJYXXbcSvzPDER9uvg-r858Ww
Sakon Nakhon,ร้านแอร์ สกลนคร เอส.ซี.แอร์,"272, 73 Nittayo Rd, ตำบลธาตุเชิงชุม Mueang Sakon Nakhon District, Sakon Nakhon 47000, Thailand",+66 85 560 2938,5,6,Open · Closes 5 PM,ChIJ81MVntXyPDERrKfvbmkArgk
Sakon Nakhon,สกลนครแอร์,"287, 11 Khu Mueang Rd, Dong Mafai, Mueang Sakon Nakhon District, Sakon Nakhon 47000, Thailand",+66 42 717 195,5,4,Open · Closes 5 PM,ChIJIye4-9TyPDERfAu3oL6_FAE
Sakon Nakhon,Mr.Air (มิสเตอร์ แอร์),"Sakon Nakhon Rajabhat University, ร้านอาร์ ที ซัพพลาย อยู่ตรงข้าม, ม 36, Ngio Don, Mueang Sakon Nakhon District, Sakon Nakhon 47000, Thailand",+66 82 780 9350,5,2,Open · Closes 5 PM,ChIJi3w-SJWTPDERoT3Hv4TAGAg
Sakon Nakhon,"ติดตั้งแอร์สกลนคร,สกลนครแอร์ แอนด์ เซอร์วิส","1604, 56 Suk Kasem Rd, Tambon Dong Mafai, เมือง, Sakon Nakhon 47000, Thailand",+66 64 518 3709,5,4,Open · Closes 7 PM,ChIJPVxOnoTzPDERt1i5MWgboNA
Sakon Nakhon,อาวุธแอร์เซอร์วิส สกลนคร,"606, หมู่4, Dong Mafai, อำเภอเมือง, Sakon Nakhon 47000, Thailand",+66 87 104 3797,5,2,Open · Closes 5 PM,ChIJc7iRUAD3PDERbjnVqDh193E
Sakon Nakhon,ร้านสไมล์ แอร์ สกลนคร,"ร้านสไมล์ แอร์ 720/1 ถ.สกลนคร-นาแก อ.เมือง จ.สกลนคร 47000, Mueang Sakon Nakhon District, Sakon Nakhon 47000, Thailand",+66 65 689 6598,5,1,Open · Closes 8 PM,ChIJI14ywN7yPDERQ86dOUFANtI
Sakon Nakhon,หจก.ฐิตินนท์ แอร์คอน,"272/56-57 บขสใหม่สกลนคร, เมือง, Sakon Nakhon 47000, Thailand",+66 95 184 7892,5,2,Open · Closes 4 PM,ChIJ1wLmx3mNPDERCQkaEDjn0O0
Sakon Nakhon,ไอเดียแอร์ไฟฟ้า สกลนคร,"878 Saereethai Rd, อำเภอเมือง Mueang Sakon Nakhon District, Sakon Nakhon 47000, Thailand",+66 87 233 3501,4.4,7,Open · Closes 5 PM,ChIJk9GfxebyPDERUyQqrISzYe0
Sakon Nakhon,ช่างแอร์สกลนคร ล้างแอร์สกลนคร,"5546+GQ7, Tambon Ngio Don, Mueang Sakon Nakhon District, Sakon Nakhon 47000, Thailand",,5,2,Open now,ChIJEURSt--TPDER5dNXEeJUlyA
Sakon Nakhon,แอร์สกลเซอร์วิส,"809/19, That Choeng Chum, เมือง, Sakon Nakhon 47000, Thailand",+66 88 572 6297,5,1,Open · Closes 6 PM,ChIJI9B58luNPDERJqjBSUhykUk
Sakon Nakhon,สกลนครแอร์,"105/18 Thanon I-T-U, Tambon Dong Mafai, Mueang Sakon Nakhon District, Sakon Nakhon 47000, Thailand",+66 84 788 4738,5,1,Open now,ChIJz4N2hyXzPDERYw1syEreg3A
Sakon Nakhon,อึ้งกุ่ยเฮง แอร์​แอนด์เซอร์วิส,"548X+27M, Suk Kasem Rd, That Choeng Chum, Mueang Sakon Nakhon District, Sakon Nakhon 47000, Thailand",,5,1,Open · Closes 5 PM,ChIJm8P5NNWMPDERjD6_3PU5TY8
Sakon Nakhon,บัณฑิตมอเตอร์,"1432 Rat Phatthana Rd, That Choeng Chum, Mueang Sakon Nakhon District, Sakon Nakhon 47000, Thailand",+66 42 711 390,4.8,19,Open · Closes 5:30 PM,ChIJTY3gVtTyPDERYrD7I9kcBh0
Sakon Nakhon,ร้านบังเอิญแอร์บ้าน,"165, 17 Rat Bamrung Rd, Tambon That Na Weng, Mueang Sakon Nakhon District, Sakon Nakhon 47000, Thailand",+66 89 273 1561,5,1,Open 24 hours,ChIJsb5SgkiNPDERa3Qenll8w4k
Sakon Nakhon,เจริญแอร์ไดนาโม,"264, 10 Rat Bamrung Rd, Tambon That Na Weng, เมือง, Sakon Nakhon 47000, Thailand",+66 81 480 0889,4.5,13,Open · Closes 6 PM,ChIJVaIvCouNPDERESyca2cUAwg
Sakon Nakhon,SEK แอร์เซอร์วิส,"1 หมู่11, Phang Khwang, Mueang Sakon Nakhon District, Sakon Nakhon 47000, Thailand",+66 88 729 8848,5,1,Open · Closes 8 PM,ChIJ0W2k87yTPDERgsseWOcGZtE
Sakon Nakhon,PT.คูล แอร์บ้าน,"Phang Khwang, Mueang Sakon Nakhon District, Sakon Nakhon 47000, Thailand",+66 87 228 6903,5,1,Open · Closes 5 PM,ChIJCfj9Em-TPDERWzAdGoTDJrw
Sakon Nakhon,สิริแอร์,"105/18, เมือง, Sakon Nakhon 47000, Thailand",+66 84 788 4738,,,Open 24 hours,ChIJmy2GsVbzPDEREsgLUK67ylg
Sakon Nakhon,ศักดิ์ไฟฟ้า,"107 ถ Prem Prida, Tambon That Choeng Chum, Mueang Sakon Nakhon District, Sakon Nakhon 47000, Thailand",,4.5,2,Open now,ChIJH2wxgdWMPDERHmP7WFwy7Ng
Nakhon Phanom,ร้านบ้านแอร์นครพนม,"42, Nai Mueang, เมือง, Nakhon Phanom 48000, Thailand",+66 92 494 0513,5,4,Open · Closes 6 PM,ChIJP28LKekJPDERypVAyMlJvug
Nakhon Phanom,บริษัท สยามแอร์คอนดิชั่น จำกัด,"152, 22 Nittayo Rd, Nai Mueang, Mueang Nakhon Phanom District, Nakhon Phanom 48000, Thailand",+66 62 679 0444,4.9,62,Open · Closes 5 PM,ChIJGXUvdzIJPDERpsQD9eI-GLQ
Nakhon Phanom,ร้านแอร์ใกล้ฉัน,"234, เมือง, Nakhon Phanom 48000, Thailand",+66 91 009 5167,5,8,Open · Closes 5 PM,ChIJNTVGjnoNPDERl4vXMbSLLLw
Nakhon Phanom,หนองแสงแอร์,"36 ถ Aphiban Bancha, Tambon Nai Mueang, Mueang Nakhon Phanom District, Nakhon Phanom 48000, Thailand",+66 91 818 8171,5,7,Open · Closes 6 PM,ChIJ03siuhsJPDERQYCx-AZOeV0
Nakhon Phanom,รุ่งเรืองแอร์ นครพนม,"หลังวัดกกต้อง Mueang Nakhon Phanom District, Nakhon Phanom 48000, Thailand",+66 89 777 3005,4.8,4,Open · Closes 6 PM,ChIJEbjqbrQOPDERQ9gDmyz1vEw
Nakhon Phanom,ร้าน ณัฐชัย แอร์,"207 ถ ถ. เฟื่องนคร, Nai Mueang, เมือง, Nakhon Phanom 48000, Thailand",+66 81 145 5904,3.4,5,Open 24 hours,ChIJn998lD8JPDERKcwd_rlJh-I
Nakhon Phanom,Aekachai Motor Air,"107 หมู่ 3 Nittayo Rd, Nong Yat, Mueang Nakhon Phanom District, Nakhon Phanom 48000, Thailand",+66 81 363 9555,5,4,Open · Closes 5 PM,ChIJzbLghKUOPDERMlD6ngYOH_w
Nakhon Phanom,สยามชัยเซอร์วิส สาขานครพนม,"302, 6 Nittayo Rd, Nong Yat, อ.เมือง, Nakhon Phanom 48000, Thailand",+66 65 715 3782,5,56,Open · Closes 7 PM,ChIJc2n4FPwPPDER0vxNtHyGqaE
Nakhon Phanom,ร้านเล็กแอร์ โดยนายเลื่องลือ ทรัพย์ถิระ,"206 ถ. เฟื่องนคร, Tambon Nai Mueang, Mueang Nakhon Phanom District, Nakhon Phanom 48000, Thailand",+66 81 545 0685,4.3,3,Open · Closes 5 PM,ChIJibDPQzEJPDER4bnBuCFregA
Nakhon Phanom,ไทยเอ็กซ์ ดิจิตอล เฮ้าส์,"2, 2 Chayangkun Rd, Nong Yat, Mueang Nakhon Phanom District, Nakhon Phanom 48000, Thailand",+66 42 516 400,4.8,6,Open · Closes 5:30 PM,ChIJh7GMXu8PPDERDpmZtsdFqnc
Nakhon Phanom,N.K.P.Airauto Service,"เลขที่ 91/1 Phinit Rang San Alley, Tambon Nai Mueang, Mueang Nakhon Phanom District, Nakhon Phanom 48000, Thailand",+66 93 193 9542,4.5,51,Open · Closes 5 PM,ChIJv3E_H9MOPDER3mhb2NF4zMA
Nakhon Phanom,AP air นครพนม,"40, Adunyathan Alley, Nai Mueang, เมือง, Nakhon Phanom 48000, Thailand",+66 64 446 9429,5,4,,ChIJjSvTegUJPDERC8cgIDo-EvY
Nakhon Phanom,มงคลไดนาโม แอร์,"ชุมชนวัดป่าศรีสมพร, 29/16 ถนนนิตโย เส้นบายพาสหนองญาติ-ท่าอุเทน, Nong Yat, Mueang Nakhon Phanom District, Nakhon Phanom 48000, Thailand",+66 86 316 6564,5,3,Open · Closes 8 PM,ChIJEwQxzt8JPDERtuJVIV0cpn8
Nakhon Phanom,ร้านเป็นต่อเซอร์วิส บริการซ่อมล้างติดตั้งแอร์ เครื่องซักผ้า ตู้เย็น ตู้แช่,"อาจสามารถ, 120 หมู่ 2 บ้าน, Mueang Nakhon Phanom District, Nakhon Phanom 48000, Thailand",+66 85 927 7002,5,12,Open · Closes 5 PM,ChIJcfXiC4YLPDER2HKLr_LUpwk
Nakhon Phanom,สมศักดิ์ อะไหล่แอร์ - รถยนต์ นครพนม,"9QWQ+WGF, Nai Mueang, Mueang Nakhon Phanom District, Nakhon Phanom 48000, Thailand",+856 42 511 751,4.5,4,Open · Closes 5 PM,ChIJK9FADC0JPDER75hgAejHn08
Nakhon Phanom,สมรักษ์แอร์-การไฟฟ้า โดยนายพรชัย ชัยสุนทร,"33/1 บำรุงเมือง, Nai Mueang, Mueang Nakhon Phanom District, Nakhon Phanom 48000, Thailand",+66 42 511 949,,,,ChIJkaeiCzIJPDER-vyQ706mhRw
Nakhon Phanom,ติดตั้งแอร์,"147/3 ถนน Pracha Ruam Mit, Nong Yat, Mueang Nakhon Phanom District, Nakhon Phanom 48000, Thailand",+66 92 247 7515,,,Open · Closes 7 PM,ChIJB2nqmDQPPDERu0RPHGj-GuY
Nakhon Phanom,สมนึกไดนาโม แอร์,"9PMP+CQ3, Nong Yat, Mueang Nakhon Phanom District, Nakhon Phanom 48000, Thailand",+66 89 571 3560,4,9,Open · Closes 6 PM,ChIJo8vvGhEMPDERXHQQkQhvl5Q
Nakhon Phanom,เอสดี้ ไดนาโม แอร์,"9PWG+4QP, ราชภัฏ, Na Sai, Nakhon Phanom, Thailand",+66 62 268 3156,4,2,Open · Closes 5 PM,ChIJGfg10joNPDERlbbYPF4GQuw
Nakhon Phanom,กระจายเซลส์ แอนด์ เซอร์วิส,"814/1 Aphiban Bancha, Nai Mueang, Mueang Nakhon Phanom District, Nakhon Phanom 48000, Thailand",+66 97 302 3945,4.2,27,Open · Closes 5:30 PM,ChIJC2uejTkJPDER0EJ0kxKxHAI
Mukdahan,พัชรแอร์,"56 Soi Samakkhi 4, Mukdahan, Mueang Mukdahan District, Mukdahan 49000, Thailand",,4.9,19,Open · Closes 6 PM,ChIJadgtTzjGPTERvPXKL393g-A
Mukdahan,ร้านแอร์มุกดาหาร,"232 หมู่ 2, คำป่าหลาย เมือง, Mukdahan 49000, Thailand",+66 87 081 5691,4.5,2,Open now,ChIJY1VVVVW4PTER6-uJedkWNzI
Mukdahan,บ้านแอร์ มุกดาหาร,"426/12 หมู่3, เมือง, Mukdahan 49000, Thailand",+66 64 446 9429,5,25,Open · Closes 6 PM,ChIJhQNtg-vJPTERHBmXTOB-3Q8
Mukdahan,ติดตั้งแอร์,"35/8 Chayangkun Rd, Tambon Mukdahan, Mueang Mukdahan District, Mukdahan 49000, Thailand",+66 92 247 7520,5,1,Open · Closes 7 PM,ChIJOdYSh8nHPTERFWQjrbLdV7s
Mukdahan,ทรัพย์อนันต์ออโต้แอร์,"Chayangkun Rd, Tambon Bang Sai Yai, Mueang Mukdahan District, Mukdahan 49000, Thailand",+66 61 716 2878,5,23,Open 24 hours,ChIJq9-LZADJPTERC1qC3-BYD70
Mukdahan,ร้าน ตี๋ใหญ่อะไหล่แอร์,"19/7 Viwitsurakhan, Tambon Mukdahan, Mueang Mukdahan District, Mukdahan 49000, Thailand",+66 85 850 2288,,,Open · Closes 6 PM,ChIJF0MJY27HPTERcI0wRKM_PU0
Mukdahan,ร้าน อุทาน แอร์,"35, 1 ถนน พิทักษ์พนมเขต, Tambon Mukdahan, Mueang Mukdahan District, Mukdahan 49000, Thailand",+66 42 614 831,5,2,,ChIJ_4YfyEPGPTERCCSjP-8O9c4
Mukdahan,พรทวีออโต้แอร์,"33/4 ถนนเมืองใหม่, ต.มุกดาหาร Mueang Mukdahan District, จ.มุกดาหาร 49000, Thailand",+66 81 739 0497,4.5,4,Open · Closes 6 PM,ChIJCT-MjrPHPTERylBHfWbS2zU
Mukdahan,ธีระพงษ์แอร์,"GPQ6+QQC, Tambon Mukdahan, Mueang Mukdahan District, Mukdahan 49000, Thailand",+66 85 862 2517,5,1,Open · Closes 8 PM,ChIJFTmKCQDHPTERXi7j6nCzqB0
Mukdahan,ร้าน​SJService​มุกดาหาร​แอร์​ศูนย์​ไหม​,"172 บ้าน​ศูนย์​ไหม, ซอย​20, Tambon Mukdahan, เมือง, Mukdahan 49000, Thailand",+66 65 239 2505,5,1,Open · Closes 5:30 PM,ChIJSX0khXXHPTERNp6nVdS4VYA
Mukdahan,จำปา แอร์,"16 ซ.เกษตร, Tambon Mukdahan, เมือง, Mukdahan 49000, Thailand",+66 88 070 4073,,,Open · Closes 5 PM,ChIJf1RVBcjHPTERGwjkbSO7kM8
Mukdahan,ร้านซ่อมบอร์ดแอร์มุกดาหาร,"HHPJ+6M, Som Sa-At, Kut Khae, Mueang Mukdahan District, Mukdahan 49000, Thailand",+66 87 094 3332,5,3,Open · Closes 6 PM,ChIJq-DQSQC3PTERKW6vO75K96Y
Mukdahan,ร้าน เฟิสท์ออโต้แอร์,"19/1เมืองใหม่, อ.เมือง จ.มุกดาหาร49000, 49000, Thailand",+66 42 630 201,4.2,5,,ChIJgzbERUvGPTERDzUSLwLUHOk
Mukdahan,SBR มอเตอร์แอร์,"61/3, ถนน มุขดาหาร-ดอนตาล, Si Bun Rueang, Mueang Mukdahan District, Mukdahan 49000, Thailand",+66 86 850 2277,5,1,Open · Closes 8 PM,ChIJZZU0NWbGPTERSgom5h6q1XY
Mukdahan,ร้านโทนอิเล็กทรอนิกส์&แอร์,"GPJJ+R89, Si Bun Rueang, Mueang Mukdahan District, Mukdahan 49000, Thailand",+856 864791191,4.5,6,Open · Closes 6 PM,ChIJBUy4EGfGPTERmU36XRPJuHM
Mukdahan,ศิวพรแอร์,"89 ถนน พิทักษ์พนมเขต, Tambon Mukdahan, Mueang Mukdahan District, Mukdahan 49000, Thailand",+66 42 613 014,3,3,Open · Closes 5 PM,ChIJn17BZUTGPTERqbFfmbgHErY
Mukdahan,ร้านกิโลศูนย์ออโต้แอร์,"ศรีบุญเรือง, ร้านกิโลศูนย์ออโต้แอร์ 12/3 ถนนมุกดาหาร-ดอนตาล, เมือง, Mukdahan 49000, Thailand",+66 98 923 9591,5,2,Open · Closes 7 PM,ChIJaWlF3iXHPTERVGmbHGRr4KU
Mukdahan,ส.สมบูรณ์ การช่าง,"HPC9+XXR, 212, Tambon Mukdahan, Mueang Mukdahan District, Mukdahan 49000, Thailand",+66 81 493 1914,5,3,Open · Closes 6 PM,ChIJxZrkdZ3IPTERQVEaLUpyZCE
Mukdahan,อานนท์ ออโต้แอร์,"92 Soi Samakkhi 4, Si Bun Rueang, Mueang Mukdahan District, Mukdahan 49000, Thailand",+856 836639003,3,2,Open · Closes 6 PM,ChIJ9Q4JI2HGPTERcWiXsI7JJTk
Mukdahan,Hobby Maintain ติดตั้งระบบไฟฟ้า แอร์ ตู้แช่ห้องเย็น,"เลขที่ 26 ถนน, Sipathum Alley, Mukdahan, Mueang Mukdahan District, Mukdahan 49000, Thailand",+66 62 495 2999,,,Open 24 hours,ChIJ1R98dLLHPTERjBGWzui-mww
Bueng Kan,ร้านแอร์-ไฟฟ้าบึงกาฬ โดยร้าน PC แอร์แอนด์เซอร์วิส,"116/1, เมือง, Bueng Kan 38000, Thailand",+66 95 214 2954,4.9,25,Open · Closes 7 PM,ChIJgy9qpwcpOzERw3p6Efu9WYI
Bueng Kan,ร้านแอร์บึงกาฬ นครินทร์ และ ไฟฟ้า,"27, Tambon Non Sombun, Mueang Bueng Kan District, Bueng Kan 38000, Thailand",+66 93 515 4621,4.2,20,Open · Closes 5 PM,ChIJ13MCGGLWOjERsZWj1Dv7mLg
Bueng Kan,ร้าน ธวัชชัยแอร์เซอร์วิส,"260 หมู่ 1 วิศิษฐ์, Tambon Wisit, Mueang Bueng Kan District, Bueng Kan 38000, Thailand",+66 88 795 7378,5,2,Open · Closes 6 PM,ChIJGX6gy-zXOjERof5m7vaydAc
Bueng Kan,ร้านนครินทร์ บึงกาฬแอร์,"27 หมู่1, Non Sombun, Mueang Bueng Kan District, Bueng Kan 38000, Thailand",+66 93 217 4641,5,11,Open 24 hours,ChIJyQvxBZEpOzERtXtwMqVox4c
Bueng Kan,เรืองฤทธิ์ การช่าง,"9M92+JXJ, Wisit, Mueang Bueng Kan District, Bueng Kan 38000, Thailand",+66 62 197 8951,5,1,Open · Closes 6 PM,ChIJx_yZiJHXOjERhOTVgMQ1yRk
Bueng Kan,เดอะริช แอร์รถยนต์,"180 222, Tambon Bueng Kan, Mueang Bueng Kan District, Chang Wat Bueng Kan 38000, Thailand",+66 87 998 4410,3.3,6,Open · Closes 5 PM,ChIJo5AqFAnXOjERa0NLuRTAvW0
Bueng Kan,ร้านโชคอนีนต์แอร์,"580, Wisit, อ.เมือง, Bueng Kan 38000, Thailand",+66 81 694 6568,,,Open · Closes 5:30 PM,ChIJfZ5cagDXOjERLNmGHM1AYJQ
Bueng Kan,เรืองฤทธิ์การช่าง หน่องแอร์แอนด์เซอร์วิสจ.บึงกาฬ,"24, Tambon Wisit, Mueang Bueng Kan District, Bueng Kan 38000, Thailand",+66 62 197 8951,5,1,Open · Closes 5 PM,ChIJHQn1ad7XOjERDXbKqz-t1ls
Bueng Kan,บีแอร์ไฟฟ้า จำหน่ายติดตั้งเครื่องใช้ไฟฟ้าครบวงจร,"223 ม.9 ต.บึงกาฬ อ.บึงกาฬ, เมือง, Bueng Kan 38000, Thailand",+66 98 212 8308,,,Open 24 hours,ChIJXwGWENHXOjERKK4DwIHZcUY
Bueng Kan,ร้านกับตันแอร์,"341 2, Wisit, Mueang Bueng Kan District, Bueng Kan 38000, Thailand",,,,,ChIJA2yUYwDVOjER1dohlM6ZNQY
Bueng Kan,ร้านแม่โจ้แอร์เซอร์วิส จังหวัดบึงกาฬ,"119 ม.13, Mueang Bueng Kan District, Bueng Kan 38000, Thailand",+66 99 553 5915,,,Open 24 hours,ChIJIVtFNDrUOjERYrNcgZW15h0
Bueng Kan,เอสพี แอร์คาร์ เซอร์วิส บึงกาฬ,"140 หมู่ที่ 8 หมู่บ้าน โนนคำภู, Non Sombun, Mueang Bueng Kan District, Bueng Kan 38000, Thailand",+66 87 812 1393,4.6,5,Open · Closes 6 PM,ChIJq6qqqkXWOjERaa3XE_hZzP0
Bueng Kan,โบ๊ท ไฟฟ้า & แอร์เซอร์วิส,"108, Tambon Khok Kong, Mueang Bueng Kan District, Bueng Kan 38000, Thailand",+66 86 411 5798,,,Open · Closes 5 PM,ChIJySkkvCgnOzERKEi4JbxpaCQ
Bueng Kan,หจก.แสงตะวัน77(2021),"118 ม.1 ถนน ไทยสมัคร, Bueng Kan, Mueang Bueng Kan District, Bueng Kan 38000, Thailand",+66 61 862 4261,5,83,Open · Closes 5 PM,ChIJUQAKQgzXOjERCPU_pXn9qfI
Bueng Kan,กอล์ฟแอร์เซอร์วิส,"9, Wisit, Mueang Bueng Kan District, Bueng Kan, Thailand",+66 98 119 1422,,,Open · Closes 6 PM,ChIJPV58Ox7VOjERqK_DblFIBqQ
Bueng Kan,ร้านกัปตันแอร์บึงกาฬ,"341 จังหวัด.บึงกาฬื่, 2, Wisit, Mueang Bueng Kan District, Chang Wat Bueng Kan 38000, Thailand",,,,,ChIJueTFMADVOjERrGaZpU7IeqQ
Bueng Kan,ซ่อมแอร์รถยนต์,"9JX2+QJW, Wisit, Amphoe Mueang Bueng Kan, Bueng Kan 38000, Thailand",+66 86 226 2213,,,,ChIJYVRm9WzVOjERTWZol5IsjDs
Bueng Kan,พีเอส แอร์เซอร์วิส,"414, 1, Tambon Bueng Kan, Mueang Bueng Kan District, Bueng Kan 38000, Thailand",+66 81 254 6478,,,Closed · Opens 8 AM Sat,ChIJDbydExzXOjER91i0apXG_N0
Bueng Kan,ไพศาลประดับยนต์,"585 หมู่ 7 ถ.บึงกาฬ-หนองคาย, Wisit, Mueang Bueng Kan District, Bueng Kan 38000, Thailand",+66 95 169 6598,5,7,Open · Closes 5 PM,ChIJr9SXbJ7XOjER9V0ygjybh8E
Bueng Kan,Spบริการ บึงกาฬ สาขา2,"Chayangkun Rd, Tambon Bueng Kan, Mueang Bueng Kan District, Bueng Kan 38000, Thailand",+66 84 348 3473,4.4,14,Open · Closes 5:30 PM,ChIJiXHoFxbXOjERpaVEfXdCmGM
Chiang Mai,คลังแอร์ รวมโชค เชียงใหม่,"199, 373 ม.9, San Phi Suea, Mueang Chiang Mai District, Chiang Mai 50300, Thailand",+66 53 345 123,4.7,7,Open · Closes 5 PM,ChIJEwe6Dyk72jAR5aXRdGDgb_o
Chiang Mai,หจก.เชียงใหม่ พี แอนด์ ที แอร์,"222, 42 หมู่ 1, Nong Hoi Sub-district, เมือง, Chiang Mai 50000, Thailand",+66 53 140 395,4.2,87,Open · Closes 6 PM,ChIJvQzjgR4w2jARXB15MkYk_k0
Chiang Mai,เจเคแอร์เซอร์วิส,"43, 3 สันต้นม่วงใต้ ซอย ๙, San Pu Loei, Doi Saket District, Chiang Mai 50220, Thailand",+66 63 826 8246,5,21,Open 24 hours,ChIJPTVHyrcl2jARoj7Fc2o2X9o
Chiang Mai,บ้านแอร์เย็น เซลล์ & เซอร์วิส เชียงใหม่,"119, 5 Nantaram Rd, Tambon Hai Ya, Mueang Chiang Mai District, Chiang Mai 50100, Thailand",+66 99 662 6551,5,75,Open · Closes 5 PM,ChIJJe9W_G4x2jAR17oJneHMNC4
Chiang Mai,แอร์เชียงใหม่ อะไหล่แอร์ หจก.เชียงใหม่อีเล็คทริค1999,"102 Samlarn Rd Old City, Tambon Phra Sing, Mueang Chiang Mai District, Chiang Mai 50200, Thailand",+66 53 814 811,4.4,21,Open · Closes 5 PM,ChIJbV64CBg72jARhN4i7md0Zpo
Chiang Mai,หจก.สยามแอร์ เอ็นจิเนียริ่ง Siam Air Engineering,"141/2 Changpuak Road, Muang, Chiang Mai 50000, Thailand",+66 84 042 0367,4.7,16,Open · Closes 5 PM,ChIJMRfaD5Q62jARiHvsuVbvBx0
Chiang Mai,เอช.ไอ.เอ็ม.แอร์คอน,"R286+WGF, เลขที่ 126 ซอย หมู่ 3, Fa Ham, Mueang Chiang Mai District, Chiang Mai 50000, Thailand",+66 95 239 9799,4.8,28,Open · Closes 5:30 PM,ChIJDd6pgDc72jARDWHCCDTxDSM
Chiang Mai,J&D AIRCON SERVICE เจแอนด์ดี แอร์คอน เซอร์วิส,"440 หมู่ที่ 10, San Sai District, Chiang Mai 50200, Thailand",+66 81 961 2690,5,39,Open · Closes 5 PM,ChIJ0ZUV3A872jARtvIgONS3uXE
Chiang Mai,ร้านยิ่งเจริญรุ่งเรืองแอร์ ซัพพลาย,"21, 57 หมู่2 ซ.ป่าข่อยใต้, San Phi Suea, เมือง, Chiang Mai 50300, Thailand",+66 81 180 2152,5,1,Open · Closes 5:30 PM,ChIJXdl4Px872jAREHOHqld7H8Y
Chiang Mai,ไอซ์ แอร์ เซอร์วิส เชียงใหม่,"Mae Khue, Doi Saket District, Chiang Mai 50220, Thailand",+66 99 668 0878,4.8,21,Open · Closes 9 PM,ChIJab_Ns5wn2jARKdK13DSC7-c
Chiang Mai,ไออุ่นเซอร์วิสแคร์ จำหน่ายแอร์ ซ่อม ย้าย ติดตั้ง ล้าง air conditioner repair and service,"114 26 หมู่4 หมู่บ้านซันฟอร์เรสวิลล์ ป่าแดด, Mueang Chiang Mai District, Chiang Mai 50100, Thailand",+66 80 910 8994,4.9,68,Open · Closes 5 PM,ChIJm6prAmsx2jAR8dfm1wVD_7o
Chiang Mai,Nakornping Air Service,"Chiang Mai-Lamphun Rd, Nong Phueng, Saraphi District, Chiang Mai 50140, Thailand",+66 92 969 2565,4.6,24,Open · Closes 9 PM,ChIJeS0FTtMv2jAR8xCQtHTtUrU
Chiang Mai,บริษัทแอร์เซอร์วิสเชียงใหม่จำกัด สาขาสารภี,"จากแยกกองทราย ก่อนขึ้นสะพานป่างิ้ว(ก่อนถึงวัดป่างิ้ว, เลขที่ 104 บ้านหางแคว, Tha Wang Tan, Saraphi District, Chiang Mai 50140, Thailand",+66 61 327 5802,4.5,17,Open · Closes 6 PM,ChIJSSkaWhkx2jARqB_YvT8QFgQ
Chiang Mai,หจก.อาร์ทคูลเซอร์วิส แอร์ เอ็นจิเนียริ่ง,"Chiang Mai Outer Ring Rd, Pa Bong, Saraphi District, Chiang Mai 50140, Thailand",+66 89 997 3332,5,2,Open · Closes 5 PM,ChIJgYCTYEov2jAR6vJf3PkwfmQ
Chiang Mai,ร้านสุรศักดิ์แอร์,"บ้านเลขที่1, Soi Mu Ban Wiang Thong 1 Soi 2, Tambon Hai Ya, เมือง, Chiang Mai 50100, Thailand",+66 87 198 3023,5,10,Open · Closes 6 PM,ChIJMcads_ox2jARbNCGxF82VE4
Chiang Mai,พี.เจ แอร์รถยนต์ ซ่อมแอร์รถยนต์เชียงใหม่,"ซอย ถนน เวียงบัว, Chang Phueak, เมือง, Chiang Mai 50300, Thailand",+66 82 986 1773,4.6,79,Open · Closes 5 PM,ChIJZwy8Qe062jARLXOomFTgvH8
Chiang Mai,Chiang Mai Cooling,"99, 5, Mae Hia, Mueang Chiang Mai District, Chiang Mai 50100, Thailand",+66 81 951 9055,4.3,4,Open · Closes 5 PM,ChIJHY0QZmAw2jARrtWddj1Xe0E
Chiang Mai,Ddair - Air conditioning cleaner and repair,"21, 13 ม.2 ซอยไทรคมนาคม 2, Chang Phueak, เมือง, Chiang Mai 50300, Thailand",+66 88 414 1774,4.8,22,Open · Closes 6 PM,ChIJn4BmUPU62jAR4CHARvF2vqw
Chiang Mai,ช่างสอง นพดลแอร์เซอร์วิส เชียงใหม่ สาขา 4,"ซอย ถนนประชาสัมพันธ์, Tambon Chang Khlan, เมือง, Chiang Mai 50100, Thailand",+66 99 503 2324,4.9,16,Open 24 hours,ChIJ7Vfx5xwx2jARGEB2I4HniaU
Chiang Mai,ร้านอนุรักษ์แอร์ ซ่อมแอร์รถยนต์เชียงใหม่,"ท่าศาลา, 41 Charoen Muang Rd Soi 5, Tambon Tha Sala, Mueang Chiang Mai District, Chiang Mai 50000, Thailand",+66 94 635 5505,4.4,108,Open · Closes 6 PM,ChIJM2Tw81Yl2jARMYaCbIH9OiE
Lamphun,ล้างแอร์ ซ่อมแอร์ ลำพูน เชียงใหม่ T&T air service,"40/1, เมือง, Lamphun 51000, Thailand",+66 63 993 6484,5,3,Open · Closes 5 PM,ChIJmab1woXT2zARAu1xkUeNWIk
Lamphun,ช่างแอร์ลำพูน ( ช่างโต ),"179/92,95,104 บ้านช่างโต) ซอย โรงเรียนอนุบาลรพีเลิศ, ซอย, Pa Sak, Mueang Lamphun District, Lamphun 51000, Thailand",+66 86 703 9630,4.9,92,Open · Closes 8 PM,ChIJUWqhgYnT2zARC0Zwvh9Icfo
Lamphun,บริษัท เคเอ็นพี พาร์ท แอนด์ เซอร์วิส จำกัด,"99 99, Wiang Yong, AMPHUR MUANG, Lamphun 51000, Thailand",+66 53 560 627,4.7,16,Open · Closes 5 PM,ChIJGzBO7EDT2zAR2bHwYzYP1-4
Lamphun,ช่างแอร์ลำพูน ช่างเชียร ช่างป้อม,"143, Pa Sak, Mueang Lamphun District, Lamphun 51000, Thailand",+66 86 185 1491,5,70,Open · Closes 6 PM,ChIJfeuf8-3T2zAR4CrRvsLrLSw
Lamphun,ห้างหุ้นส่วนจำกัด เอ.ดี.แอร์เซอร์วิส,"52 หมู่1, Pa Sang, Pa Sang District, Lamphun 51120, Thailand",+66 89 997 7704,5,1,Open · Closes 6 PM,ChIJoSvIemzM2zARMxN8Br7oSqY
Lamphun,พี โอ แอร์ แอด์ เซอร์วิส,"138 บ้านห้วยม้าโก้ง, 1, Pa Sak, Mueang Lamphun District, Lamphun 51000, Thailand",+66 82 618 9739,5,1,Open · Closes 7 PM,ChIJF4j0ZzTM2zARO_zSoUjoPV0
Lamphun,ร้านแอร์ คาร์ ช็อป วีไอพี ลำพูน ซ่อมแอร์รถยนต์ลำพูน รถยุโรป ญี่ปุ่น และรถหรู ทั้งเก่าและใหม่,"237 2, Pa Sak, Mueang Lamphun District, Lamphun 51000, Thailand",+66 62 954 5455,4.5,40,Open · Closes 5 PM,ChIJw4y2VfLS2zAR6ceJ-KIJUQc
Lamphun,เอ็มพีซีคลู ลำพูน แอร์รถยนต์,"35 หมู่1, Wiang Yong, Mueang Lamphun District, Lamphun 51000, Thailand",+66 81 111 6221,4.4,7,Open · Closes 5 PM,ChIJs1VWq0zT2zARZHtvXryKtMQ
Lamphun,วิชัยแอร์ แอนด์ เซอร์วิส,"189 Phayaini 1 Alley, Ton Thong, Mueang Lamphun District, Lamphun 51000, Thailand",+66 86 619 0485,3.7,3,Open · Closes 5:30 PM,ChIJ0U3C2kfN2zARDfLLN0rMnG8
Lamphun,วสันต์ลำพูนแอร์,"9, หมู่บ้านนิวรัชตแลนด์, 21 Soi 2, Tambon Pa Sak, เมือง, Lamphun 51000, Thailand",+66 89 558 9999,5,3,Open · Closes 5 PM,ChIJ0__901rT2zARIf2nueLdMlQ
Lamphun,แอร์มือสอง ราคาถูก - ฟิวส์แอร์เซอร์วิส เชียงใหม่,"เลขที่ 5/1, Ban Klang, San Pa Tong District, Chiang Mai 50120, Thailand",+66 93 456 1800,5,15,Open · Closes 9 PM,ChIJ-TfffBfL2zAR4VwoyMlKuFk
Lamphun,นานาเซอร์วิสแอร์,"203, 4 หมู่ 3, Mueang Nga, เมือง, Lamphun 51000, Thailand",+66 85 520 8797,5,2,Open · Closes 8 PM,ChIJ1_cV6-ct2jARvIvKVXzOpLA
Lamphun,บจก.พี เอ แอร์ แอนด์ เซอร์วิส,"เลขที่ 86 ถนน รอบเมืองนอก, ในเมือง Mueang Lamphun District, Lamphun 51000, Thailand",+66 53 562 918,4,5,Open · Closes 5 PM,ChIJvaWDSXrN2zARjNY6UZYVopw
Lamphun,ห้างหุ้นส่วนจำกัด ลำพูนอะไหล่แอร์,"112 1, Ban Klang, เมือง, Lamphun 51000, Thailand",+66 53 552 176,4.2,6,Open · Closes 5 PM,ChIJz0TqRkXN2zARwlOxQsEoeDY
Lamphun,ร้านชลิตแอร์,"H366+QQF ลำพููน, Unnamed Road, Si Bua Ban, Mueang Lamphun District, Lamphun 51000, Thailand",+66 61 102 6763,5,21,Open · Closes 5 PM,ChIJzTm_Ms_T2zAR9k82LA8Whn0
Lamphun,ล้างแอร์ ย้ายแอร์ - TJN ENGINEERING,"155, 1, Ban Klang, เมือง, Lamphun 51000, Thailand",+66 87 789 2253,,,Open · Closes 5 PM,ChIJDflhF5nT2zARCrufkwqlhHY
Lamphun,ร้านเอแอร์บริการ,"13, Pa Sang, Pa Sang District, Lamphun 51120, Thailand",+66 89 265 2787,5,5,Open · Closes 5 PM,ChIJoWP2_wvM2zAR7ft5y37vZbQ
Lamphun,ร้านพี ศักดิ์ แอร์,"120 291, Ton Thong, Mueang Lamphun District, Lamphun 51000, Thailand",+66 95 684 8921,5,2,Open · Closes 7 PM,ChIJD7D-DbPN2zAR-YpNo9x5WsU
Lamphun,ร้านปิยะพงษ์ แอร์,"278 ต, Han Kaeo, Hang Dong District, Chiang Mai 50230, Thailand",+66 81 672 9851,4.4,20,Open · Closes 5 PM,ChIJU5PJDA402jARcmyTfkWzLig
Lamphun,ร้านแอร์เฮียอ้อวัชรา,"3/16 Soi Sanamkela, Nai Mueang, Mueang Lamphun District, Lamphun 51000, Thailand",+66 82 179 2123,5,1,Open · Closes 4 PM,ChIJ9z-Ffl3N2zARHe7gWexNWGg
Lampang,รัษฎาการไฟฟ้า-แอร์ /แอร์บ้านลำปางแอร์รถยนต์,"26 รัษฎา ถนนรัษฎา, Mueang Lampang District, Lampang 52000, Thailand",+66 54 218 958,4.6,59,Open · Closes 5 PM,ChIJib_6aH1s2TAR4lCgY09pC9I
Lampang,วิมลศิริแอร์แอนด์เซอร์วิส/ร้านแอร์ลำปาง,"289, 291 ถนน Tha Craownoi, Tambon Sop Tui, เมือง, Lampang 52100, Thailand",+66 81 961 7954,4.6,7,Open · Closes 5 PM,ChIJadHOi_dr2TAR5yy6XRFnU94
Lampang,ช่างต้น แอร์เซอร์วิส ลำปาง,"141 ถนนบ้านท่าช้าง, Tha Pha, Ko Kha District, Lampang 52130, Thailand",+66 95 685 9525,5,34,Open · Closes 6 PM,ChIJfbAq2gpp2TAREOmlvlO58bA
Lampang,ร้านอุเทนแอร์,"7G7M+V8R, Thanon Vajiravudh Damnoen, Mueang Lampang District, Lampang 52000, Thailand",+66 89 857 2770,4.8,22,Open · Closes 6 PM,ChIJ9zQAdQtr2TAR90177yubFyI
Lampang,ร้านสุรัตน์ แอร์ เซอร์วิสลำปาง,"23/4 ลำปาง-แจ้ห่ม, Ton Thong Chai, เมือง, Lampang 52000, Thailand",+66 89 637 9928,4.9,14,Open · Closes 5 PM,ChIJfd_QECZt2TAR91Ag62nEN5Q
Lampang,บริษัท ชุมพลอินเตอร์กรุ๊ป จำกัด,"357, 49 Bunyawat Rd, Tambon Sop Tui, Mueang Lampang District, Lampang 52100, Thailand",+66 81 169 8518,4.7,6,Open · Closes 6 PM,ChIJ1YBHH-Zr2TARLE5_lQK8KkY
Lampang,เจเจ เซอร์วิสแอร์,"344/1 ม.11, Mae Mo District, Lampang 52220, Thailand",+66 90 326 8586,4.7,18,Open · Closes 6:30 PM,ChIJWzNtCsgW2TARa3_LMCQOa6I
Lampang,ลำปางแอร์รถยนต์,"336 6, อำเภอเมือง, Lampang 52000, Thailand",+66 63 282 1555,4.8,39,Open · Closes 5:30 PM,ChIJy54nG6Jt2TARtMmJu9uTqUk
Lampang,ท. เทคนิคแอร์,"118, 52000 Lampang-Mae Tah Rd, Chomphu, Mueang Lampang District, Lampang 52100, Thailand",+66 89 429 4687,5,4,Open · Closes 5 PM,ChIJ7cmIya9r2TARkswKEEVe6x8
Lampang,แอร์บ้าน ลำปาง,"213 พิชัย, เมือง, Lampang 52000, Thailand",+66 82 762 7150,5,1,Open · Closes 8 PM,ChIJYYBof19t2TAR3KjlVE4Xo9c
Lampang,แอร์บ้านลำปาง / นอร์ทเทิร์นลำปางแอร์,"ซุปเปอร์ไฮเวย์ ลำปาง, 509 Phahonyothin Rd, เมือง, Lampang 52000, Thailand",+66 54 010 421,5,2,Open · Closes 5 PM,ChIJEbp-Z5c72jARurGSGltHuLU
Lampang,ร้านสินเจริญเซอร์วิส (ร้านแอร์ลำปาง),"108, Pong Yang Khok, Hang Chat District, Lampang 52190, Thailand",+66 61 450 9797,5,3,Open · Closes 5 PM,ChIJMZkOccxl2TARQ9Qfo9Hu93M
Lampang,ร้านลิขิตแอร์,"176, 3 ซอยกระทิงชัย, Tambon Wiang Nuea, เมือง, Lampang 52100, Thailand",+66 89 264 1197,5,5,Open · Closes 6 PM,ChIJBdcrTTxt2TARAK3hcAimS88
Lampang,S. Technic Air,"29 Thanon Ruenpare, Mueang Lampang District, Lampang 52000, Thailand",+66 54 224 843,4.8,57,Open · Closes 5 PM,ChIJFX8G6pxs2TAR2XWLnnQmRGs
Lampang,ร้านป๊อดแอร์เซ็นเตอร์ แอนด์ เซอร์วิส,"90, Tambon Bo Haeo, Mueang Lampang District, Lampang 52100, Thailand",+66 89 430 5941,5,3,Open · Closes 5:30 PM,ChIJF3W-dLJt2TARJVSTBEUxldA
Lampang,ร้านตั้มแอร์ แอนด์ เซอร์วิสลำปาง/ร้านแอร์ลำปาง,"9 บ้านแม่ยิ่ง, Nong Lom, Hang Chat District, Lampang 52190, Thailand",+66 81 021 1104,5,8,Open · Closes 6 PM,ChIJBSld-flv2TAR8xw65_V52sQ
Lampang,Houd Air,"69 ถนนป่าขาม, ตำบลหัวเวียง Mueang Lampang District, Lampang 52000, Thailand",+66 81 881 7588,4.3,10,Open · Closes 6 PM,ChIJEf_tAIJs2TARe7fD25jKxmE
Lampang,ล้างแอร์ ซ่อมแอร์ ลำปางวรรณกานต์แอร์,"212/7, Bo Haeo, เมือง, Lampang 52100, Thailand",+66 86 449 0443,5,3,Open · Closes 5 PM,ChIJU-3lLiRt2TARoaM-ZNcKjYo
Lampang,ร้านเพื่อนแอร์,"Tambon Bo Haeo, Mueang Lampang District, Lampang 52100, Thailand",+66 81 387 2888,3.8,5,Open · Closes 5:30 PM,ChIJO1lHtSNs2TARdcD8CDaWB3M
Lampang,สุรสิทธิ์ออโตแอร์,"สุรสิทธิ์​ออ​โต​แอร์, 57 Phaholyothin Rd, Chomphu, Mueang Lampang District, Lampang 52100, Thailand",+66 89 559 3008,4.3,10,Open · Closes 5 PM,ChIJi4oi-O5r2TARfBAx4v3uxr8
Uttaradit,ต้นเจริญแอร์,"2, 2-3 ถนนพาดวารี, Tha It, อ.เมือง, Uttaradit 53000, Thailand",+66 82 919 8888,4.4,29,Open · Closes 5 PM,ChIJmZI09wQw3zARwJ8T75TxK2A
Uttaradit,ร้านเจ้หญิง แอร์,"229, Ban Khung Taphao, อ.เมือง, Uttaradit 53000, Thailand",+66 85 050 4146,4.5,11,Open · Closes 5:30 PM,ChIJK8u1HSwx3zARdyZhsr0bJGk
Uttaradit,ร้านอุดมแอร์แอนด์เซอร์วิส,"122 Injaimee Rd, Tha It, Mueang Uttaradit District, Uttaradit 53000, Thailand",+66 81 324 6932,4.8,6,Open · Closes 5 PM,ChIJ669wpTAw3zARtC5qtbxK9CM
Uttaradit,ร้านช่างหมูแอร์ อุตรดิตถ์(แยกป่าขนุน),"79, Ban Khung Taphao, เมือง, Uttaradit 53000, Thailand",+66 85 638 5830,4.8,26,Open · Closes 6 PM,ChIJv-cifqMx3zARnvzqBjK1iHc
Uttaradit,ไมค์แอร์,"ร้านไมค์เเอร์, Ban Ko, Mueang Uttaradit District, Uttaradit 53000, Thailand",+66 89 907 5954,4.6,11,Open · Closes 5 PM,ChIJfWKYiJA73zAR9z-pxyWFDso
Uttaradit,ร้านออมเเอร์,"113, 5, Ban Ko, Mueang Uttaradit District, Chang Wat Uttaradit 53000, Thailand",+66 87 849 3618,4,1,Open · Closes 8:30 PM,ChIJlx6eSxQ73zARdtJM3zKxN70
Uttaradit,ร้านส.สุรินทร์รุ่งเรืองแอร์,"35บ้าน Soi Tha Thong, ต.วังกะพี้ิ อ.เมือง, Uttaradit 53170, Thailand",+66 80 902 4425,,,Open · Closes 5 PM,ChIJwd_8XwA73zARJUGIypqp33k
Uttaradit,ล้างแอร์-ซ่อมแอร์ เมืองอุตรดิตถ์และใกล้เคียง PM Air,"43, เมือง, Uttaradit 53000, Thailand",+66 94 476 3222,5,12,,ChIJe4tHn2Ex3zARMqdQKtBmed0
Uttaradit,KVT ซัพพลาย,"หมู่บ้านบัวหลวง, Tambon Tha Sao, เมือง, Uttaradit 53000, Thailand",+66 83 265 9736,4,1,Open · Closes 6 PM,ChIJxzQey4Ex3zARzerJrxp8mZ0
Uttaradit,ร้านช่างหมูแอร์บ้าน,"145, Tha Sao, Mueang Uttaradit District, Uttaradit 53000, Thailand",+66 98 456 4528,5,2,Open · Closes 6 PM,ChIJ93u7HPEx3zARrXOs_dYb350
Uttaradit,เย็นเย็นแอร์เซอร์วิส,"282, 21 Injaimee Rd, Tambon Tha It, เมือง, Uttaradit 53000, Thailand",+66 92 516 4148,1,1,Open · Closes 6 PM,ChIJzUEWRbUx3zAR8e_J40RgO3U
Uttaradit,ร้านณรงค์แอร์,"Unnamed Road, Phai Lom, Laplae District, Uttaradit 53210, Thailand",+66 83 814 5981,5,3,Open · Closes 6 PM,ChIJZUXk1m0l3zARu-fZXXqgU2k
Uttaradit,สมจิตรออโต้แอร์ (ซอยประภัสสร),"2, Tha Sao, Mueang Uttaradit District, Uttaradit 53000, Thailand",+66 82 039 9460,5,4,Open · Closes 5 PM,ChIJ42teY-ov3zAR1H9jICDWPdo
Uttaradit,ป้อมแอร์,"M43H+M8W, Tha It, Mueang Uttaradit District, Uttaradit 53000, Thailand",,5,2,,ChIJ29ERTIwx3zARGJM6MQo3tks
Uttaradit,สุนทรเทรดดิ้ง แอร์บ้าน แอร์สำนักงาน,"15/6-7 Samranruen Rd, Tha It, Mueang Uttaradit District, Uttaradit 53000, Thailand",+66 55 411 138,4.5,4,Open · Closes 5:30 PM,ChIJ5yJ5Dkkw3zARYVuEcnnjnK8
Uttaradit,ยงยุทธแอร์ โดยนางสมจิตต์ แสงพานิช,"119 Charoentham Rd, อำเภอเมืองฯ(อุตรดิตถ์) Amphoe Mueang Uttaradit, Uttaradit 53000, Thailand",+66 85 541 1584,4.4,9,,ChIJecUbyQ8w3zARoFoEpMBnKuY
Uttaradit,ร้านพูนทรัพย์แอร์อุตรดิตถ์,"J36R+G34, Tha It, Mueang Uttaradit District, Uttaradit 53000, Thailand",+66 89 267 1152,4.4,8,Open now,ChIJncIheBUx3zAROts1_DR_YAg
Uttaradit,ร้านออยแอร์,"เลขที่ 2, 1, Ngio Ngam, Mueang Uttaradit District, Uttaradit 53000, Thailand",+66 81 036 2028,5,2,Open · Closes 5 PM,ChIJW3kFAg8x3zARBe4_CuLYSbQ
Uttaradit,ร้านแอร์ดี แอนด์เซอร์วิส,"J37W+VF2, Charoentham Rd, Tha It, Mueang Uttaradit District, Uttaradit 53000, Thailand",+66 84 205 3077,,,Open · Closes 5 PM,ChIJAezJbBEw3zARFdNS7VGmwTE
Uttaradit,ร้าน ต.แอร์เซอร์วิส,"H5V8+H6, Pa Sao, Mueang Uttaradit District, Uttaradit 53000, Thailand",+66 91 290 2208,4,1,Open · Closes 5:30 PM,ChIJg46bz1M73zARPjiAfduM9OI
Phrae,ณ แอร์แพร่,"300, Thung Kwao, Mueang Phrae District, Phrae 54000, Thailand",+66 88 291 6974,5,25,Open · Closes 6 PM,ChIJzauh3yVr2TARPVGKVDUlf1c
Phrae,ร้านอ้วนแอร์,"4, Thung Kwao, Mueang Phrae District, Phrae 54000, Thailand",+66 86 193 9876,4.8,43,Open · Closes 5 PM,ChIJYURD6_3p2DAR7JsMuWwDQCo
Phrae,ร้าน เคนแอร์ ซ่อมแอร์รถยนต์,"553F+2MQ, Mueang Mo, Mueang Phrae District, Phrae 54000, Thailand",+66 89 854 7982,4.6,28,Open · Closes 5 PM,ChIJdTNjrO_B2DARFgWFF1QwuMo
Phrae,แพร่แอร์โฮม,"226 ม, 6 Rat-U-Thit Road, Tambon Nai Wiang, Mueang Phrae District, Phrae 54000, Thailand",,5,18,Open · Closes 6 PM,ChIJH4JWGrTD2DARkhW26933WOg
Phrae,ร้าน ทีที แอร์ แอนด์ เซอร์วิส,"400, 482 หมู่9 Namtong Bypass Rd, Na Chak, Mueang Phrae District, Phrae 54000, Thailand",+66 94 464 9443,5,2,Open · Closes 5 PM,ChIJ-xq_UQDD2DARIoLN4bweRjM
Phrae,สูงเม่นแอร์,"188, Tambon Phra Luang, Sung Men District, Phrae 54130, Thailand",+66 86 197 4144,5,4,Open · Closes 6 PM,ChIJbzN7hYTE2DARuxDL3djE5dw
Phrae,เล็กแอร์แพร่,"44JX+V83, Na Chak, Mueang Phrae District, Phrae 54000, Thailand",+66 81 885 0815,5,5,Open · Closes 5 PM,ChIJ7y4rgj_C2DAR0fNP8HGExxo
Phrae,ส.สุวรรณเซอร์วิส(แอร์แพร่),"ร์, 181 Chor Hae Rd, Tambon Nai Wiang, Mueang Phrae District, Phrae 54000, Thailand",,5,1,Open 24 hours,ChIJRTVTz9TD2DARcUQdIPwpy0M
Phrae,ช่างซ่อมแอร์บ้าน ตี๋แอร์ ระบบไฟฟ้า กล้องวงจรปิด ประตูอัตโนมัติ อื่นๆ,"10, Rong Kat, Sung Men District, Phrae 54130, Thailand",+66 80 679 0665,5,27,Open · Closes 6 PM,ChIJOSDpoInD2DARvuwbJpTkM0I
Phrae,Chuchart Air&Sound,"130/6 ช่อแฮ Chor Hae Rd, Nai Wiang, Mueang Phrae District, Phrae 54000, Thailand",+66 54 521 752,4.3,22,Open · Closes 5 PM,ChIJnW8GlxXC2DAR9iOGXTf6NS4
Phrae,ร้าน อ.เจริญทรัพย์ แอร์,"12 ม.7 ซ.2, Tambon Thung Hong, เมือง, Phrae 54000, Thailand",+66 64 396 3282,5,1,Open · Closes 6 PM,ChIJ38Zi5anp2DARlJrdUIVaaxc
Phrae,ร้านอาชาอิเลคทริค@กาดน้ำทอง,"300, 23 Namtong Bypass Rd, Na Chak, Mueang Phrae District, Phrae 54000, Thailand",+66 82 901 7088,,,Open · Closes 5 PM,ChIJsdMg7aDD2DARZPQvmas6rc0
Phrae,"ร้านใหม่อิเลคทริค(ไดนาโม,แอร์รถยนต์)แพร่","219 แม่หล่าย, Tambon Mae Lai, เมือง, Phrae 54000, Thailand",+66 87 359 9578,4.6,14,Open · Closes 10 PM,ChIJ8bfNk5jr2DAR7dKRqfDw4Pw
Phrae,ดีกิจออโต้แอร์,"260/8-9, ถนนยันตรกิจโกศล, ตำบลในเวียง อำเภอเมืองแพร่ จังหวัดแพร่, 54000, 54000, Thailand",+66 54 524 414,4.5,20,Open · Closes 6 PM,ChIJR3QuMRPC2DARvp_fHtLz90o
Phrae,วงศ์ฉายา ไฟฟ้าแอร์ จ.แพร่ 2,"113, ต.วังธง อ.เมือง, Phrae 54000, Thailand",+66 88 050 3536,4.5,2,Open 24 hours,ChIJs8biiUXp2DARVrwfrWpfxWM
Phrae,ร้านฟิวเจอร์แอร์&เซอร์วิส,"12/1 ต.ทุ่งโฮ้ง อ.เมือง, Phrae 54000, Thailand",+66 80 122 3147,4.3,3,Open now,ChIJ0dTcIcHr2DARKc0ijY2ArM0
Phrae,ร้านช่างเปิ้ลแอร์บ้าน,"334F+29C, Ban Pong, Sung Men District, Phrae 54130, Thailand",+66 83 018 7725,4.8,4,Open · Closes 7 PM,ChIJZfO0XADb2DARrGjP1Z--wlM
Phrae,ร้าน พีพีแอร์ แอนด์ เซอร์วิส,"405/482, ตำบลน้ำทอง อำเภอนาจักร จังหวัดแพร่, 54000, 54000, Thailand",+66 54 625 509,4,1,,ChIJvflkPz_C2DARsiBTNibp3WY
Phrae,ร้าน เจริญแอร์เซอร์วิส,"52/3, ถนน Nam Khue, Nai Wiang, Mueang Phrae District, Phrae 54000, Thailand",+66 89 557 8670,1.7,3,,ChIJVY-Mrm3C2DARAsKuPRoJ17M
Phrae,เชียงใหม่แอร์แคร์สาขาแพร่,"45W5+H2F, Nai Wiang, Mueang Phrae District, Phrae 54000, Thailand",,5,1,Open now,ChIJXUJrub7D2DARvVXmevNLDbw
Nan,แอร์บ้านน่าน นคร เซอร์วิส,"หมู่ที่ 6, 90, Pha Sing, Mueang Nan District, Nan 55000, Thailand",+66 95 693 5280,5,8,Open · Closes 9:59 PM,ChIJdxbHZ7CTJzERNjDJ-7ntR6U
Nan,โลมอีเลคทริค,"258, ต.ไชยสถาน อ.เมื่อง, Nan 55000, Thailand",+66 86 773 3471,5,10,Open · Closes 6 PM,ChIJh5F0bCaMJzERNlxvyw2Qt74
Nan,แอร์ดีมีสกุล,"300/94 กาดน้ำทองน่าน ถนน องค์การบริหารส่วนตำบล ดู่ใต้ บ้านดู่เหนือ ดู่ใต้, เมือง, Nan 55000, Thailand",+66 93 308 1527,3.7,3,Open · Closes 7 PM,ChIJR7t-s1KPJzER0f0joCPYxmY
Nan,พิษณุมอเตอร์แอร์,"19, 7 Thanon Mahaphrom Rd ตำบล ใน, Nai Wiang, Mueang Nan District, Nan 55000, Thailand",+66 89 759 4343,4.6,11,Open · Closes 5:30 PM,ChIJ14984nyPJzER1ic_ZCrvXUI
Nan,สยามชัยเซอร์วิส สาขาน่าน,"581, 1, ต.ไชยสถาน Mueang Nan District, Nan 55000, Thailand",+66 65 719 4839,4.9,53,Open · Closes 7 PM,ChIJyf1Sy7SPJzERzVnjTk2gcjc
Nan,ชัยรัตน์มอเตอร์แอร์,"130, Chaiyasathan, Mueang Nan District, Nan 55000, Thailand",+66 89 552 6454,5,3,Open · Closes 5:30 PM,ChIJka82dQCNJzERbzReSzC4gwQ
Nan,โชคอนันต์แอร์,"56 Phakong, Nai Wiang, Mueang Nan District, Nan 55000, Thailand",+66 89 433 1201,3.5,2,Open · Closes 7 PM,ChIJDwg-3t6NJzERTsqMf0ylHV4
Nan,น่านคลีนิคแอร์ โดยนายอดุลย์เดช ต๊ะนา,"หมู่บ้านเอื้ออาทรน่าน, 50/96 หมู่15 ซอย2/2 50/96, 2 Ariyawong Soi 2, Du Tai, อ.เมือง Nan 55000, Thailand",+66 93 291 4228,,,Open · Closes 5:30 PM,ChIJsax2e3WOJzERsK7MdiTL150
Nan,แนนออโต้แอร์,"46, Chaiyasathan, Mueang Nan District, Nan 55000, Thailand",+66 83 302 9205,4,1,Open · Closes 5 PM,ChIJc3-obaSPJzERh5-3GsalmtM
Nan,เก่งแอร์เซอร์วิส,"19, 1 Rat Prasong, Nai Wiang, Mueang Nan District, Nan 55000, Thailand",,,,Open 24 hours,ChIJDTU-BgCNJzERQEXcCJP2foE
Nan,ไฟฟ้าแอร์เซอร์วิส,"QQWM+89M, Nai Wiang, Mueang Nan District, Nan 55000, Thailand",+66 81 287 1681,,,Open · Closes 6:30 PM,ChIJ0eShMcWNJzERUdYIyjneS00
Nan,ร้าน ฅนน่านแอร์ เซอร์วิส,"Chao Fa Rd ตำบล ใน, Nai Wiang, Mueang Nan District, Nan 55000, Thailand",+66 93 642 9522,,,Open · Closes 5 PM,ChIJDx5FQQCPJzERjq5EjRKfV-s
Nan,ร้าน ป.เจริญแอร์,"3, 2 Rangsi Kasem หมู่บ้านดอนแก้ว, ตำบลในเวียง อำเภอเมือง, Nan 55000, Thailand",+66 81 992 6448,,,,ChIJKYZCbuSNJzERZ7au8H8PGUQ
Nan,ไพโรจน์แอร์,"93, 1, Tambon Pha Sing, Mueang Nan District, Nan 55000, Thailand",+66 81 681 1171,,,Open · Closes 8 PM,ChIJN2WkieiNJzERovLC_ar1fS0
Nan,น่านแอร์บ้าน,"เลขที่ 27, Chaiyasathan, Mueang Nan District, Nan 55000, Thailand",,5,2,,ChIJ1fdFMgCNJzERg-FKWiCgC6I
Nan,ร้าน อารีอีเลคทริค,"15/1 Rop Muaeng Thittawantok, Nai Wiang, Mueang Nan District, Nan 55000, Thailand",+66 54 718 368,4.7,20,Open · Closes 5 PM,ChIJOwTMSeSNJzERjmTFf0Whr-E
Nan,M.Air Service,"109, Du Tai, Mueang Nan District, Nan 55000, Thailand",+66 87 583 4493,5,7,Open · Closes 5 PM,ChIJ2R7W0TSPJzER1AyGNJWiiDI
Nan,ติดตั้งแอร์,"288, Chaiyasathan, Mueang Nan District, Nan 55000, Thailand",+66 92 247 7523,,,Open · Closes 7 PM,ChIJ-xoUZWSNJzERMObfG8k5Unc
Nan,รวมชัยมอเตอร์,"2 1091, Chaiyasathan, Mueang Nan District, Nan 55000, Thailand",+66 54 772 906,4.2,25,Open · Closes 6 PM,ChIJmfG0OnaOJzERd6wVK9zSYMU
Nan,ร้านกอบทรัพย์หม้อน้ำแอร์-น่าน,"9, 7 ถนนเปรมประชาราฏษ์, Nai Wiang, เมือง, Nan 55000, Thailand",+66 89 996 1596,4,1,Open now,ChIJJSSzH6GNJzERxkb0kx_RBG4
Phayao,พะเยาวงศ์สุวรรณ ร้านแอร์เมืองพะเยา,"72 Ratchawong Alley, Wiang, Mueang Phayao District, Phayao 56000, Thailand",+66 81 595 8761,5,4,Open · Closes 5 PM,ChIJGUqaUizT2TARCUjsRa2G8GU
Phayao,ร้านแอร์พะเยา S.Tทวีทรัพย์ เซอร์วิส,"164, Tambon Mae Sai, เมือง, Phayao 56000, Thailand",+66 62 528 7153,5,42,Open 24 hours,ChIJv_4MtLgt2DAR2sKqhDJOrWM
Phayao,ร้านทวีทรัพย์ แอร์ แอนด์ เซอร์วิส,"4WH6+G6F, Mae Sai, Mueang Phayao District, Phayao 56000, Thailand",+66 94 839 6644,4.9,8,Open · Closes 5 PM,ChIJTcTPpAUz2DARgCVB1LXHNHI
Phayao,ช่างแอร์พะเยา ช่างแซม แอร์เซอร์วิส,"273, Dong Chen, Phu Kamyao District, Phayao 56000, Thailand",+66 85 864 2701,4.6,10,Open · Closes 6:30 PM,ChIJM1yHq0sr2DARrzyG2AEapks
Phayao,ร้าน ลักษณ์แอร์ พะเยา,"25, 4 Rop Wiang Pratuklong, Wiang, Mueang, Phayao 56000, Thailand",+66 81 288 9395,5,3,Open · Closes 5 PM,ChIJGejbqtEs2DARVfkikQrXlzk
Phayao,จักรการแอร์ เซอร์วิส,"Unnamed Road, San Pa Muang, Mueang Phayao District, Phayao 56000, Thailand",+66 85 040 3405,5,6,Open · Closes 5 PM,ChIJ_VQvSbLT2TARixIeezJCtQI
Phayao,ร้านเกตุแอร์เซอร์วิส,"หมู่ที่ 5, 61, Tha Wang Thong, Mueang Phayao District, Phayao 56000, Thailand",+66 83 473 1040,5,5,Open · Closes 5 PM,ChIJ74J6134t2DAR1QE01Qq2l4o
Phayao,สุริโยแอร์ไดนาโม,"86, 3 Phahonyothin Rd, Mae Tam, Mueang Phayao District, Phayao 56000, Thailand",+66 62 746 4156,5,8,Open · Closes 5 PM,ChIJMcNm57kt2DARD-DS6bTkvKE
Phayao,ร้านมายด์ แอร์เซอร์วิส,"3, Phu Kamyao District, Phayao 56000, Thailand",+66 84 914 2896,5,2,Open · Closes 6 PM,ChIJ-9Kdk9Er2DAREbJW6Mb3GNw
Phayao,ช่างแอร์ บ้าน รถยนต์ พะเยา เชียงราย,"30ม.2 แม่นาเรือ, เมือง, Phayao 56000, Thailand",+66 81 363 4511,5,1,Open · Closes 6 PM,ChIJhRFXhz3N2TARyGGYho5ZxLw
Phayao,สมพรไดนาโม แอร์,"115, 1 Phahonyothin Rd, Mae Tam, Mueang Phayao District, Phayao 56000, Thailand",+66 89 261 9144,4.6,18,Open · Closes 6 PM,ChIJc0cfO0gt2DARgCzCp-WfeiI
Phayao,วังทอง แอร์&ซาวด์,"59 หมู่ 5, Tha Wang Thong, Mueang Phayao District, Phayao 56000, Thailand",+66 90 294 8131,5,1,Open · Closes 5:30 PM,ChIJbbXgzrQt2DARPpKBocwLyK4
Phayao,พรพิพัฒน์แอร์เซอร์วิส,"266/5 Phahonyothin Rd, Tambon Mae Tam, เมือง, Phayao 56000, Thailand",+66 64 293 4949,5,7,Open · Closes 6 PM,ChIJfUD-cS8t2DARxHGClA51w74
Phayao,พะเยาแอร์และเครื่องเย็น,"16 หมู่ 11, Tambon Ban Tam, Mueang Phayao District, Phayao 56000, Thailand",+66 65 594 6438,,,Open 24 hours,ChIJT_dKOS_X2TARSevyOhSDoKU
Phayao,ร้าน วาทีแอร์เซอร์วิส,"6R3F+C4, Ban Tom, Mueang Phayao District, Phayao 56000, Thailand",,,,,ChIJVwiJBADT2TAR9Wchs9ymC8M
Phayao,ร้าน N&M แอร์บ้าน,"165 Phahonyothin Rd, Mae Tam, Mueang Phayao District, Phayao 56000, Thailand",+66 99 629 1388,,,Open · Closes 11 PM,ChIJZ6h3ZQAt2DARw2PZbSHVTVs
Phayao,ร้านทีพี แอร์ เซอร์วิส,"548, Mae Ka, Mueang Phayao District, จ.พะเยา 56000, Thailand",,,,,ChIJdY3-EwAt2DARhYCh1A5hWyA
Phayao,ร้านรัตนแอร์,"Tambon Ban Tom, Amphoe Mueang Phayao, Chang Wat Phayao 56000, Thailand",,,,Open now,ChIJvdvacUTT2TARy1be4Y4QrAU
Phayao,ช่างป๋องแป๋ง แอร์เซอร์วิส,"82/2 ถ. จอมทอง ซ. 2, Wiang, Mueang Phayao District, Phayao 56000, Thailand",+66 88 400 4033,,,Open · Closes 5 PM,ChIJHW0mOjjT2TARvzRwLcY0k28
Phayao,ร้านช่างทัยแอร์และเครื่องเย็นทุกชนิด,"181, Tambon Ban Tham, Dok Khamtai District, Phayao 56120, Thailand",+66 63 781 7910,5,3,Open · Closes 6 PM,ChIJS-mHNUYx2DAR9pNxr0Mt9CQ
Chiang Rai,จำหน่าย ล้าง ซ่อม ย้าย ติดตั้ง แอร์บ้าน พี แอร์เซอร์วิส,"411/41, Mueang Chiang Rai District, Chiang Rai, Thailand",+66 61 854 4813,4.9,47,,ChIJG3WbtoQH1zARbRUoakj2pb8
Chiang Rai,เชียงรายนอร์ทเทิร์นแอร์,"141 หมู่ 9, Ban Du, Mueang Chiang Rai District, Chiang Rai 57100, Thailand",+66 86 912 9345,4.8,4,Open · Closes 5 PM,ChIJ0X3jm2sH1zARahXPhE8KtXY
Chiang Rai,หจก.แอร์บ้านเชียงราย ราคาถูกที่สุด ติดตั้งแอร์ด่วนเชียงราย,"352, 1, Tambon Ban Du, Mueang Chiang Rai District, Chiang Rai 57100, Thailand",+66 89 033 4733,4.7,32,Open · Closes 5:30 PM,ChIJMx_5AS8B1zARIUfCA6N7eQ4
Chiang Rai,ร้าน เชียงรายกิจการแอร์,"133, 1 หมู่ที่ 12 Pao Khun Rd, Tambon Wiang, Mueang Chiang Rai District, Chiang Rai 57000, Thailand",+66 53 712 567,4.9,11,Open · Closes 5 PM,ChIJuThTcUMG1zARFr7BA8-ErHM
Chiang Rai,ล้างแอร์เชียงรายByกูรูแอร์เชียงรายเซอร์วิส,"145, 1 Srivhiang Rd, Rop Wiang Sub-district, เมือง, Chiang Rai 57000, Thailand",+66 93 138 3364,4.8,17,Open · Closes 6 PM,ChIJEwWWLq4H1zARQsyyWlXrxIo
Chiang Rai,ร้านแอร์เชียงราย หจก.วัชระพลแอร์โฮม,"121 695, Ban Du, อ.เมือง, Chiang Rai 57100, Thailand",+66 82 765 1389,5,15,Open · Closes 7 PM,ChIJh9Omad8B1zARgJocgWoFAzM
Chiang Rai,เชียงรายแอร์,"351, 1, Tambon Tha Sai, Mueang Chiang Rai District, Chiang Rai 57000, Thailand",+66 61 270 4555,4.1,7,Open · Closes 5 PM,ChIJ55yxocwJ1zARAsLJpFSIsVU
Chiang Rai,เชียงรายแอร์แคร์,"95, 19 หมู่ 22, Tambon Rop Wiang, Mueang Chiang Rai District, Chiang Rai 57000, Thailand",+66 83 565 4445,4.3,8,Open · Closes 5:30 PM,ChIJHYuTS2sH1zARlc-5UGR0iMc
Chiang Rai,จรัญ ออโต้แอร์,"VRXP+MG3, Tambon Rop Wiang, Mueang Chiang Rai District, Chiang Rai 57000, Thailand",+66 81 021 7694,4.8,55,Open · Closes 6 PM,ChIJAXgUNF4H1zARN9L41npnhI4
Chiang Rai,ชาญชัยแอร์,"ในปั้มน้ำมันเชลล์ขัวเเคร่, เลขที่ 529, Ban Du, Mueang Chiang Rai District, Chiang Rai 57100, Thailand",+66 89 951 9228,4.5,20,Open · Closes 6 PM,ChIJwy_SoXMH1zARlXQ5pzCrOV0
Chiang Rai,บริษัท กรุงเทพ แอร์ ซัพพลาย จำกัด,"847, 7 Nhong Boor Rd, Rop Wiang Sub-district, เมือง, Chiang Rai 57000, Thailand",+66 81 674 5059,5,1,Open · Closes 5:30 PM,ChIJcQml5NIH1zARY3UDwsG6wOM
Chiang Rai,คลังแอร์ภาคเหนือ ราคาส่ง-ติดตั้ง ติดตั้งแอร์ด่วน งานโครงการ,"261, 41, Tambon Rop Wiang, เมือง, Chiang Rai 57000, Thailand",+66 88 284 8655,5,1,Open 24 hours,ChIJN94g3V8F1zARBf3ENFLP7jQ
Chiang Rai,ร้าน24ชม.แอร์แอนด์อีเล็กทริค,"6 สันทราย, 3 Phaholyothin Rd, Tambon Tha Sai, Mueang Chiang Rai District, Chiang Rai 57000, Thailand",+66 87 129 0184,5,1,Open · Closes 5:30 PM,ChIJ-4ExP-IJ1zAR5eD-MIX0eLA
Chiang Rai,ยนต์ชัยออโต้แอร์,"733/5 Phahonyothin Rd, Wiang, เมือง, Chiang Rai 57000, Thailand",+66 53 714 284,4.9,14,Open · Closes 5 PM,ChIJbUIYkj8G1zARuYL2GCRSVQE
Chiang Rai,ห้างหุ้นส่วนจำกัด แสนดีแอร์ เซอร์วิส,"VR7Q+3RX, AH3, Tha Sai, Mueang Chiang Rai District, Chiang Rai 57000, Thailand",+66 53 717 317,5,1,Open · Closes 5 PM,ChIJCwAAAAAQ1zARbXxu9PcPdGE
Chiang Rai,ธีรพลแอร์เซอร์วิส&โซล่าเซลล์ เชียงราย,"407/1 บ้าน Kwae Wai Rd, Rop Wiang Sub-district, Mueang Chiang Rai District, Chiang Rai 57000, Thailand",+66 96 005 6345,5,4,Open · Closes 5 PM,ChIJZUwzOgwH1zAR-NtDKBgYjJg
Chiang Rai,มิสเตอร์แอร์ เชียงราย,"XV74+536, 333, Ban Du, Mueang Chiang Rai District, Chiang Rai 57100, Thailand",+66 62 956 2463,,,Open · Closes 5 PM,ChIJuZ-2rWQB1zAR15YN-wn0A2Y
Chiang Rai,สากล แอร์เซอร์วิส,"393/2 ม.17 Phahonyothin Rd, Ban Du, Mueang Chiang Rai District, Chiang Rai 57100, Thailand",+66 81 992 2593,4.8,12,Open · Closes 5 PM,ChIJIxLqkWcH1zARKKqAoPihv4E
Chiang Rai,ต่ายคาร์ออดิโอ,"153, 1 San Khok Chang Rd, Tambon Rop Wiang, Mueang Chiang Rai District, Chiang Rai 57000, Thailand",+66 85 870 7567,4.8,111,Open · Closes 6 PM,ChIJBTucPUIG1zARZGQZhfob9-I
Chiang Rai,ร้านแอร์บ้านเวียงชัย เชียงราย By.ช่างบอน,"87 Soi 9, Wiang Chai, Wiang Chai District, Chiang Rai 57210, Thailand",+66 62 889 6255,5,1,Open · Closes 5 PM,ChIJYaASDSCp1zARJkvIZv-bVi8
Mae Hong Son,เปลี่ยนถ่ายน้ำมันเครื่อง ล้างแอร์ โปรเช็คปตท.,"110 Khunlumprapas Rd, Chong Kham, Mueang Mae Hong Son District, Chang Wat Mae Hong Son 58000, Thailand",+66 53 611 341,5,20,Open · Closes 5 PM,ChIJL7N3vdWl2jARzoMLcG0l15c
Mae Hong Son,ทีพีดี ทีม(2568) ไฟฟ้า /​ แอร์​เซอร์วิส​,"60/3 Nawa Khotchasan, Chong Kham, เมือง, Mae Hong Son 58000, Thailand",+66 86 345 0439,5,1,Open now,ChIJVWiQcMqv2jARkQVDGKxwcp4
Mae Hong Son,ร้านเชาว์แอร์,"128, 7 Khunlumprapas Rd, Chong Kham, Mueang Mae Hong Son District, Mae Hong Son 58000, Thailand",+66 82 559 8999,,,Open · Closes 6 PM,ChIJ4-4D6wWl2jARVRfvNxuVrSk
Mae Hong Son,ร้านแอร์โอเคโมบายสาขาเมืองแม่ฮ่องสอน,"116 Khunlum Praphat 4, Chong Kham, Mueang Mae Hong Son District, Mae Hong Son 58000, Thailand",+66 63 445 5152,,,Open · Closes 7 PM,ChIJyzMZUnul2jARIfJAJSnGkVE
Mae Hong Son,ร้าน ชัยอิเล็คทริค 2002,"27 Nawa Khotchasan, Chong Kham, Mueang Mae Hong Son District, Mae Hong Son 58000, Thailand",+66 81 288 0812,4.8,5,Open · Closes 5 PM,ChIJX2e5Yfqv2jARS8IsDPBg-rU
Mae Hong Son,ตูลีแอร์ ซ่อมไดชาร์จ ไดสตาร์ท แอร์รถยนต์,"246, Pang Mu, Mueang Mae Hong Son District, Mae Hong Son 58000, Thailand",+66 81 165 7410,5,3,Open · Closes 6 PM,ChIJPz8DlF-v2jAR880o_Pc7wcs
Mae Hong Son,หจก. เฟืองทอง,"8X88+WJX, Tambon Pang Mu, Mueang Mae Hong Son District, Mae Hong Son 58000, Thailand",+66 53 612 358,4.4,15,Open · Closes 5 PM,ChIJsycT_ayo2jAR12of8q-78ok
Mae Hong Son,สารัช แอร์รถยนต์,"412 หมู่ 12 ซอยผู้ช่วยวัฒน์, เมือง, Mae Hong Son 58000, Thailand",+66 98 632 4865,,,Open 24 hours,ChIJtyl4IoGn2jARU3xIDmwbXcI
Mae Hong Son,Chang Pe Dynamo Motor (ช่างเป๋ ไดนาโมมอเตอร์),"13 2, Pang Mu, Mueang Mae Hong Son District, Mae Hong Son 58000, Thailand",+66 89 634 1564,5,7,Open · Closes 5 PM,ChIJwZu9tMen2jAR6H1aK0BEgZU
Mae Hong Son,Saha Panit Company Limited,"109 Khunlumprapas Rd, Chong Kham, Mueang Mae Hong Son District, Mae Hong Son 58000, Thailand",+66 53 620 666,4.5,16,Open · Closes 6 PM,ChIJiTCR4vul2jARClHEYSBixt4
Mae Hong Son,BK AUTOSHOP ถนนเลี่ยงเมือง,"128, Pang Mu, Mueang Mae Hong Son District, Mae Hong Son 58000, Thailand",+66 63 524 6428,5,7,Open · Closes 5 PM,ChIJaYd9Pjmp2jARVs2nD0KajKM
Mae Hong Son,ยุทธเครื่องเย็น,"88 ถ, Singha-nat Barm Rung Rd, Chong Kham, อ.เมือง, Mae Hong Son 58000, Thailand",+66 53 611 590,4.5,6,Open · Closes 5 PM,ChIJp1GKvAem2jAR-uPjRW5NoO0
Mae Hong Son,หจก.สิรดนัยพานิช,"8X29+VJJ, Ratchatham Phithak, Pang Mu, Mueang Mae Hong Son District, Mae Hong Son 58000, Thailand",+66 81 796 9873,4.4,11,,ChIJv36nywem2jAR3I03OmfOCTc
Mae Hong Son,ห้างหุ้นส่วนจำกัด แม่ฮ่องสอนไทยเสรี,"7, 9 Ni-wet Pi-sarn Road, Chong Kham, Mueang Mae Hong Son District, Mae Hong Son 58000, Thailand",+66 53 612 146,4.3,7,Open · Closes 5:30 PM,ChIJWawu2gem2jARuQHQAc2HppQ
Mae Hong Son,ห.จ.ก แซมเต๋อยนต์ เคาะพ่นสี(ช่างโจ),"438/1 หมู่ที่12, Pang Mu, Mueang Mae Hong Son District, Mae Hong Son 58000, Thailand",+66 81 386 9444,4.7,17,Open · Closes 5 PM,ChIJbbTW3hum2jAR0Umru4Lv8gM
Mae Hong Son,พี พี ซาวด์ ประดับยนต์,"99, 8, Tambon Pang Mu, เมือง, Mae Hong Son 58000, Thailand",+66 62 818 6451,1,1,Open · Closes 5 PM,ChIJz2Mfvt6n2jARuDugjNow1dU
Mae Hong Son,แม่ฮ่องสอน แอร์ แทรเวล,"เลขที่ 21/1 Ni-wet Pi-sarn Road, Chong Kham, Mueang Mae Hong Son District, Mae Hong Son 58000, Thailand",+66 53 613 123,,,Open now,ChIJ1ziR0wem2jARSod3NAib8FM
Mae Hong Son,Global House Mae Hong Son,"61 หมู่ 11, Pang Mu, Mueang Mae Hong Son District, Mae Hong Son 58000, Thailand",+66 61 018 4960,4.5,178,Open · Closes 7 PM,ChIJLRssqSGv2jARcLKlT32UbOw
Mae Hong Son,ร้านเย็นเย็น,"124/6 หมู่ที่ 6 ปางหมู, เมือง, Mae Hong Son 58000, Thailand",+66 64 640 0474,4.5,27,Open · Closes 11 PM,ChIJV5b-S1ev2jARVX474n0qtPM
Mae Hong Son,BAAN YAI BON COFFEE,"Khunlum Praphat 1, Pang Mu, Mueang Mae Hong Son District, Mae Hong Son 58000, Thailand",+66 53 611 289,4.6,98,Open · Closes 4:30 PM,ChIJoTj_5AOm2jARPIkolsVHimc
Nakhon Sawan,เอ็ม89 แอร์ คูล นครสวรรค์,"999, 7, Wat Sai Sub-district, เมือง, Nakhon Sawan 60000, Thailand",+66 83 294 1820,5,379,Open · Closes 8 PM,ChIJCykObqtP4DARRrFMSsbu3As
Nakhon Sawan,KANING AIR CONDITION COMPANY LIMITED,"43, 18 หมู่ 9, Tambon Pak Nam Pho, Mueang Nakhon Sawan District, Nakhon Sawan 60000, Thailand",+66 80 286 2485,4.9,283,Open · Closes 7 PM,ChIJ-xTAJYxP4DARb1kt3kRqpIQ
Nakhon Sawan,สหชัยแอร์ (1992),"23, 1 Attakavee, Pak Nam Pho, Mueang Nakhon Sawan District, Nakhon Sawan 60000, Thailand",+66 81 887 9474,4.8,8,Open · Closes 6 PM,ChIJM4hjuRNP4DARAY-U0D0boek
Nakhon Sawan,Charoen Air,"119, 5, Mueang Nakhon Sawan District, Nakhon Sawan 60000, Thailand",+66 86 680 0030,4.5,11,Open · Closes 7 PM,ChIJ_8D2eE5F4DARyCe1eq3nA3A
Nakhon Sawan,วิเศษแอร์ นครสวรรค์,"119/9 หมู่ 5 ถนนไกรลาศ, Nakhon Sawan Tok, Mueang Nakhon Sawan District, Nakhon Sawan 60000, Thailand",+66 56 882 289,4.8,11,Open · Closes 5 PM,ChIJ-11TLzBO4DARV9OlOeM1r80
Nakhon Sawan,ดี.โกดังแอร์ (D.Go-Dang Air),"69, 63 Daowadung rd, Tambon Pak Nam Pho, Mueang Nakhon Sawan District, Nakhon Sawan 60000, Thailand",+66 56 223 394,5,5,Open · Closes 6 PM,ChIJF3gT5bJP4DAR3qm83GHGdNs
Nakhon Sawan,ร้าน บี.ดี.แอร์เซอร์วิส,"P433+CVG, Soi Chon Tawan 15, Tambon Pak Nam Pho, Mueang Nakhon Sawan District, Nakhon Sawan 60000, Thailand",+66 83 262 6394,4.6,7,Open · Closes 5 PM,ChIJrdt47bhP4DAR3VWNcVNMnoM
Nakhon Sawan,ส.เจริญมอเตอร์แอร์,"เลขที่57/1 Wong Sawan, Tambon Pak Nam Pho, Mueang Nakhon Sawan District, Nakhon Sawan 60000, Thailand",+66 86 212 3519,4.9,21,Open · Closes 5 PM,ChIJuXk_09xP4DARdjkb19mpBhg
Nakhon Sawan,คะนิ้ง แอร์ 2,"810/24, หมู่ 7, หนองปลิง, Mueang Nakhon Sawan District, Nakhon Sawan 60000, Thailand",+66 86 383 2523,5,2,Open · Closes 5 PM,ChIJ7ZTwQ8dO4DARG3pzfGLCqx8
Nakhon Sawan,วิทยาเอเชียแอร์ ตรงข้ามบิ๊กซี1 นครสวรรค์ ติดรพ.ปากน้ำโพ,"96/4-7 หมู่ 9 ถนนสายเอเชีย นครสวรรค์ตก, Mueang Nakhon Sawan District, Nakhon Sawan 60000, Thailand",+66 56 222 123,4.6,45,Open · Closes 6 PM,ChIJ4d5xTnVP4DAR9T-xAHNuLmc
Nakhon Sawan,หจก.อินเตอร์แอร์คูลลิ่ง,"1002 ซอย 3, Tambon Pak Nam Pho, เมือง, Nakhon Sawan 60000, Thailand",+66 56 233 455,4.3,7,Open · Closes 6 PM,ChIJXZHHN3VP4DARTfegvgsGVME
Nakhon Sawan,อมรชัยแอร์(มารุต),"558 ต, 198, Nakhon Sawan Tok, Mueang Nakhon Sawan District, Nakhon Sawan 60000, Thailand",+66 82 881 8851,5,1,Open · Closes 7 PM,ChIJDR9TwI5KHTERnhvi-a-sbZ8
Nakhon Sawan,ศรีไชยแอร์,"17, 393, Tambon Wat Sai, เมือง, Nakhon Sawan 60000, Thailand",+66 89 436 2001,5,1,Open · Closes 6 PM,ChIJoX17MltP4DARReKWMEpiOBY
Nakhon Sawan,พีเค เซอร์วิสแอร์บ้าน ช่างโอ,"บ้านเลขที่ 4/9 หนองปลิง-เขาทอง, ซอย.9, Tambon Nong Pling, เมือง, Nakhon Sawan 60000, Thailand",+66 64 594 4973,5,5,Open · Closes 5 PM,ChIJ-SQqkP1P4DAR6Kp3TDZbWWg
Nakhon Sawan,ร้าน ซิตี้แอร์ นครสวรรค์,"ถ. พรหมนิมิตร, Tambon Wat Sai, Mueang Nakhon Sawan District, Nakhon Sawan 60000, Thailand",+66 93 892 0344,,,Open · Closes 5:30 PM,ChIJbcwekmRP4DAREq-JqHuloh4
Nakhon Sawan,ปิยพงษ์แอร์,"999, Phahonyothin Rd, Nong Krot, Mueang Nakhon Sawan District, Nakhon Sawan 60240, Thailand",+66 89 270 5667,4.5,13,Open · Closes 5 PM,ChIJJ2_-6Etb4DAR2WENya8qZ6M
Nakhon Sawan,ร้านปริญญาแอร์,"164 หมู่2, Nakhon Sawan Tok, Mueang Nakhon Sawan District, Nakhon Sawan 60000, Thailand",+66 87 201 9973,4.5,4,Open · Closes 6 PM,ChIJf2gG4MVP4DAR8PXA55zTMCg
Nakhon Sawan,"Phitsanuair Continuous Co., Ltd.","187, 18 Matulee Rd, Tambon Pak Nam Pho, เมือง, Nakhon Sawan 60000, Thailand",+66 85 666 4559,5,9,Open · Closes 6 PM,ChIJG2df_59P4DARBMbMuyCLFnc
Nakhon Sawan,สุชาติ แอร์,"P4JF+MGM, Bang Muang, Mueang Nakhon Sawan District, Nakhon Sawan 60000, Thailand",+66 89 193 7501,5,3,Open · Closes 6 PM,ChIJQXWpxfJP4DARtlEzC0iN_B0
Nakhon Sawan,ร้านนครแอร์ (2015) ขายแอร์มือสอง แอร์บ้าน แอร์ถูก ล้าง ซ่อม,"67 ม.9 ซอย8, Nakhon Sawan Tok, เมือง, Nakhon Sawan 60000, Thailand",+66 92 795 3083,5,1,Open · Closes 6 PM,ChIJc99XvhJP4DARaZpvQ7-h3-Q
Uthai Thani,ร้าน ทีเอ็นไล้น์ติ้ง แอร์เชอร์วิส,"75WM+CH8, Hang Nam Sakhon, Manorom District, Chai Nat 17170, Thailand",+66 83 447 6117,5,1,Open · Closes 6 PM,ChIJyWofM3W54TAR9DjEGIFlqZ0
Uthai Thani,ร้านอนันต์ แอร์ เซอร์วิส,"5, 85 ถนนรักการดี, Uthai Mai, อำเภอ เมืองอุทัยธานี, Uthai Thani 61000, Thailand",+66 65 493 2978,4.9,30,Open · Closes 5 PM,ChIJq6qqqm-v4TARs3OFYyo_MCA
Uthai Thani,ช.อุทัยเอ็นจิเนียริ่ง,"119 ถนน Toep Siri, Uthai Mai, Mueang Uthai Thani District, Uthai Thani 61000, Thailand",+66 56 525 051,4,5,,ChIJry_1lm2v4TARBnH0xq3nyHk
Uthai Thani,ร้านกาญจะนะชัยแอร์,"125 Si Phayuha Rd, Phayuha, Phayuha Khiri District, Nakhon Sawan 60130, Thailand",+66 80 999 0802,5,1,Open · Closes 5 PM,ChIJAcwlXRGz4TARY8Zspu3md30
Uthai Thani,เซ็นเตอร์ แอร์ เซอร์วิส,"119 Toep Siri, Uthai Mai, Mueang Uthai Thani District, Uthai Thani 61000, Thailand",+66 56 525 051,1.7,3,Open · Closes 6 PM,ChIJhysW8Gyv4TARHG8-JmUCRxA
Uthai Thani,รัตนออโต้แอร์,"14 8, Uthai Mai, เมือง, Uthai Thani 61000, Thailand",+66 84 608 7284,5,2,Open · Closes 6 PM,ChIJwf_gbT6v4TARjeRGjxROZB8
Uthai Thani,ร้านสุวัฒน์แอร์&เซอร์วิส ต.เนินมะกอก อ.พยุหะคีรี จ.นครสวรรค์,"45 ม 6, Noen Makok, Phayuha Khiri District, Nakhon Sawan 60130, Thailand",+66 92 096 1095,4.3,17,Open · Closes 5 PM,ChIJt73UHw204TARxjMclL4slK0
Uthai Thani,ร้านบิ๊กแอร์ เซอร์วิส,"89/2 Maha Rat Alley, Uthai Mai, Mueang Uthai Thani District, Uthai Thani 61000, Thailand",,5,1,Open · Closes 5 PM,ChIJX8_Wqy2v4TARps39ow090kU
Uthai Thani,ร้านตุ้ม ไดนาโม-แอร์,"58, 58/3, Nam Suem, Mueang Uthai Thani District, Uthai Thani 61000, Thailand",+66 81 973 3920,4.7,30,Open · Closes 5 PM,ChIJvVIudfal4TARtZRncA-lX-8
Uthai Thani,จำหน่ายแอร์ กล้องวงจรปิด อะไหล่แอร์,"180, เมือง, Uthai Thani 61000, Thailand",+66 82 226 7538,5,2,Open · Closes 5 PM,ChIJf4t-EbKl4TARj3Ec3fiXOXA
Uthai Thani,หจก.สหรัฐแอร์เซลส์แอนด์เซอร์วิส,"40 Boriruk Rd, Uthai Mai, Amphoe Mueang Uthai Thani, Uthai Thani 61000, Thailand",+66 81 888 2535,5,2,Open · Closes 5 PM,ChIJUYWtwASv4TARhqNuFDiIbIw
Uthai Thani,สมชายแอร์,"80, Phayuha, Phayuha Khiri District, Nakhon Sawan 60130, Thailand",+66 84 491 6606,4.3,16,Open · Closes 5 PM,ChIJjXOPdF-x4TARG6uHTm7NLZg
Uthai Thani,Uthai Auto Air And Sound,"26, 22 ถนน รักกันดี, Uthai Mai, Mueang Uthai Thani District, Uthai Thani 61000, Thailand",+66 56 512 317,4.3,19,Open · Closes 5 PM,ChIJq6qqqm-v4TARUJNQtq15DMQ
Uthai Thani,ร้าน ช่างเอ้อุทัยแอร์,"20/2 Phra-Prang-Leuang Rd, Tha Nam Oi, Phayuha Khiri District, Nakhon Sawan 60130, Thailand",+66 89 481 6538,5,2,Open · Closes 5 PM,ChIJO1a2PaSx4TARytipI5ZO_qk
Uthai Thani,ร้านเทคนิคแอร์,"Don Khwang, Mueang Uthai Thani District, Uthai Thani 61000, Thailand",+66 81 994 7639,5,1,Open · Closes 5 PM,ChIJ0ytaI5Cv4TAR_W_SkQCpEzw
Uthai Thani,ร้านภูชัชแอร์,"100​ หมู่​ 1, Thap Than District, Uthai Thani 61120, Thailand",+66 84 495 9032,5,1,Open now,ChIJ5SRdzJAH4TARjDqS6hzCqQs
Uthai Thani,DD แอร์ เซอร์วิส,"92FH+WF4, Wong Sarot, Uthai Mai, Mueang Uthai Thani District, Uthai Thani 61000, Thailand",+66 82 565 6658,3,2,Open · Closes 6 PM,ChIJRZBCvnuv4TARITEsWI9LGqs
Uthai Thani,ร้านพรศาล ไดนาโมแอร์อุทัยธานี,"8, 28 3, Uthai Mai, Mueang Uthai Thani District, Uthai Thani 61000, Thailand",+66 85 728 5354,3.9,7,Open · Closes 5 PM,ChIJ99DPGfCv4TARIhmfKaFC8DE
Uthai Thani,แชมป์แอร์ - จานดาวเทียม,"92QF+94V, Uthai Mai, Mueang Uthai Thani District, Uthai Thani 61000, Thailand",+66 89 959 6458,4.8,4,Open · Closes 7 PM,ChIJ7yk5nlGv4TARzHTWBQj9L-8
Uthai Thani,ร้านช่างเอ แอร์ ฟิล์ม ทัพทัน,"CWQF+HQM, Unnamed Road, Thung Na Thai, Thap Than District, Uthai Thani 61120, Thailand",+66 98 776 2693,5,6,Open · Closes 9 PM,ChIJpY3GLz6p4TARFRJjUklBwVE
Kamphaeng Phet,หจก. กำแพงเพชรแอร์,"325, 327 Vijit 2, Nai Mueang, Mueang Kamphaeng Phet District, Kamphaeng Phet 62000, Thailand",+66 55 714 184,4.6,7,Open · Closes 6:30 PM,ChIJ1_csAm8Y3jARHse-vFBnd4o
Kamphaeng Phet,ชัยวัฒน์แอร์ กำแพงเพชร,"10 Ratruamchi Road, Nai Mueang, ในเมือง, Kamphaeng Phet 62000, Thailand",+66 88 153 5249,4.5,2,Open · Closes 5 PM,ChIJGV_ulWEY3jARSTQVQg6jSJ0
Kamphaeng Phet,อั้มแอร์เซอร์วิส กำแพงเพชร (อั้มแอร์เซอร์วิส ล้างแอร์บ้าน ซ่อมแอร์ด่วน กำแพงเพชร),"ในมือง, 29 Prachahansa Soi 18, Tambon Nai Mueang, เมือง, Kamphaeng Phet 62000, Thailand",,3.7,19,Open · Closes 6 PM,ChIJzfq_5-UZ3jARhTkL-KO6T6I
Kamphaeng Phet,นิยมเย็น จำหน่ายแอร์,"บ้านกุลสิงห์, 14 Ratchawithi soi 1, ในเมือง เมือง, Kamphaeng Phet 62000, Thailand",+66 61 773 2883,5,4,Open · Closes 5 PM,ChIJg_LrYjkZ3jARVNZJrFO3SMg
Kamphaeng Phet,เจ แอร์ เซอร์วิส,"116 Ratruamchi Road, Nai Mueang, Mueang Kamphaeng Phet District, Kamphaeng Phet 62000, Thailand",+66 82 407 1262,5,1,Open · Closes 5 PM,ChIJy4BBtjcf3jARKesB8uxcSYA
Kamphaeng Phet,กำแพงทองแอร์,"FGHF+4PJ, Nai Mueang, Mueang Kamphaeng Phet District, Kamphaeng Phet 62000, Thailand",,5,1,Open · Closes 5 PM,ChIJXxHcDDgZ3jARXflBhCtGkjQ
Kamphaeng Phet,คลินิกแอร์กำแพงเพชร,"99/2 หมู่ 12 บ้านใหม่บ่อทอง, Nikhom Thung Pho Thale, Mueang Kamphaeng Phet District, Kamphaeng Phet 62000, Thailand",+66 83 787 1480,4.5,8,Open · Closes 5:30 PM,ChIJQ6WCQjQl3jAR5rNAZXCJZWQ
Kamphaeng Phet,ภุชงค์แอร์,"48 Wungkang Soi 8, Nai Mueang, Mueang Kamphaeng Phet District, Kamphaeng Phet 62000, Thailand",+66 61 741 5595,4,1,Open · Closes 6 PM,ChIJa0axAj4Z3jARO5ENVlA-Igs
Kamphaeng Phet,วีระชัยออโต้แอร์,"387, 385 Charoensuk Rd, Nai Mueang, Mueang Kamphaeng Phet District, Kamphaeng Phet 62000, Thailand",+66 55 713 281,4.6,43,Open · Closes 5:30 PM,ChIJ-9cILnEY3jARHGRPk2TQLOY
Kamphaeng Phet,พรเจริญแอร์รถยนต์ แบตเตอรี่,"397 8, Nakhon Chum, Mueang Kamphaeng Phet District, Kamphaeng Phet 62000, Thailand",+66 86 105 5591,4.3,15,Open · Closes 5:30 PM,ChIJ3_qwycsZ3jARD6QLAQpWrsE
Kamphaeng Phet,ร้านเย็นเจี๊ยบแอร์,"FFHW+89F, Nakhon Chum, Mueang Kamphaeng Phet District, Kamphaeng Phet 62000, Thailand",+66 81 534 0276,5,3,Open · Closes 8 PM,ChIJDSVDDrQZ3jARJz_waVS_Bog
Kamphaeng Phet,ธวัชชัยออโต้แอร์ จังหวัด กำแพงเพชร (ร้านเครื่องเสียงรถยนต์และร้านประดับยนต์),"536 Charoensuk Rd, ในเมือง, เมือง, Kamphaeng Phet 62000, Thailand",+66 55 711 701,4.5,258,Open · Closes 6 PM,ChIJo8tuqnEY3jARE7HP5eA_KAE
Kamphaeng Phet,หจก.พลอยแอร์ซัพพลาย,"111/1 ถนน กำแพงเพชร ต.ในเมอง อ.เมือง, ในเมือง เมือง, Kamphaeng Phet 62000, Thailand",+66 98 749 3435,,,Open · Closes 5 PM,ChIJyWRpQ-0Z3jAR8zqC_rf239o
Kamphaeng Phet,ร้านแซ้งแอร์ เซอร์วิส,"5 ต บ้านใหม่สุวรรณภูมิ ม, 12, 1 O Bo To Tha Khun Ram Rd, เมือง Kamphaeng Phet 62000, Thailand",+66 81 340 9550,,,Open · Closes 6 PM,ChIJp18Pq70Z3jARzqpC9tySLAg
Kamphaeng Phet,ร้านเนเจอร์แอร์,"76 Chakungrao, Sa Kaeo, Mueang Kamphaeng Phet District, Kamphaeng Phet 62000, Thailand",+66 80 514 4959,,,Open · Closes 5:38 PM,ChIJjYEDOgAZ3jARmkLqVHqfxJQ
Kamphaeng Phet,เจริญทรัพย์เครื่องเย็น,"FGFV+PQW, Charoensuk Rd, Nai Mueang, Mueang Kamphaeng Phet District, Kamphaeng Phet 62000, Thailand",+66 55 773 211,4.5,6,Open · Closes 6 PM,ChIJRXPwGXYY3jARfexyQF9Bl8Q
Kamphaeng Phet,กอล์ฟแอร์เซอร์วิส,"บ้าน, เลขที่ 35, Nong Pling, Mueang Kamphaeng Phet District, Kamphaeng Phet 62000, Thailand",+66 96 274 7424,5,1,Open · Closes 5 PM,ChIJB33vobMZ3jAR_BKA1zMpiVQ
Kamphaeng Phet,อู่ช่างตี๋รุ่งเรืองแอร์,"บ้านเลขที่290, Sa Kaeo, Mueang Kamphaeng Phet District, Chang Wat Kamphaeng Phet 62000, Thailand",+66 93 213 1078,4.5,2,Open · Closes 5 PM,ChIJY3F7pEs93jART8UygWXicQQ
Kamphaeng Phet,ร้านเชียรดาวเทียมแอร์,"132, 1 Ban Mae Nari Rd, Thailand",+66 95 631 4594,2,1,Open · Closes 6 PM,ChIJ-TSwEnkD3jARrPzUoPUp9j0
Kamphaeng Phet,สยามคอม-แอร์ แอนด์ เซอร์วิส,"28/2 Ratruamchi Road, Nai Mueang, Mueang Kamphaeng Phet District, Kamphaeng Phet 62000, Thailand",+66 55 717 771,3.9,9,Open · Closes 6 PM,ChIJ6cWvBnEY3jAR5XApYBvWn74
Tak,ช่างแอร์ตาก ท็อปแอร์แอนด์เซอร์วิส ตาก,"1, 6 Chomphon, Nong Luang, อำเภอเมือง, Tak 63000, Thailand",+66 98 004 8163,5,11,Open 24 hours,ChIJs_86hsHZ3TARA-m2uHhhjmk
Tak,ร้านอมรเดชแอร์ ( ห้างหุ้นส่วนจำกัด ตากแอร์เย็น ),"309 ระแหง, 6 Mahatthai Bamrung Alley, Tambon Rahaeng, เมือง, Tak 63000, Thailand",+66 81 785 8148,5,3,Open · Closes 6 PM,ChIJi3JHuhL5r2wR0q3h8MdC0EQ
Tak,วีระแอร์จ.ตาก,"วีระ​ แอร์, Rahaeng, Mueang Tak District, Tak 63000, Thailand",+66 81 046 5487,4.2,10,Open · Closes 6 PM,ChIJK0MhFLjZ3TARDqOVcESJcRw
Tak,วีระแอร์2,"Mae Tho, Mueang Tak District, Tak 63000, Thailand",+66 81 046 5487,5,2,Open · Closes 6 PM,ChIJxce_fWPZ3TARsSYbo4CHMc8
Tak,ร้านแอลพีแอร์แอนด์เซอร์วิส,"273, 16 Thai Chana Rd, Chiang Ngoen, เมือง, Tak 63000, Thailand",+66 86 441 4261,4.8,4,Open · Closes 5 PM,ChIJS-PZqKbZ3TAR7yoalMoEerg
Tak,ร้านเจริญแอร์ ตาก,"Tambon Rahaeng, Amphoe Mueang Tak, Chang Wat Tak 63000, Thailand",+66 96 663 1115,4.7,15,Open · Closes 5 PM,ChIJ2bWVh8fZ3TARE-LEA-8UnWU
Tak,ร้านไฟฟ้าท็อปแอร์แอนด์เซอร์วิส,"1, 6 Chomphon, Tambon Chiang Ngoen, เมือง, Tak 63000, Thailand",+66 95 087 7444,5,1,Open · Closes 8:30 PM,ChIJ271RRwDZ3TARwHlxNKEXGX8
Tak,ร้านแอร์ช่างเต้ย อ.เมืองตาก จ.ตาก,"1, 9, Tambon Mai Ngam, เมือง, Tak 63000, Thailand",+66 64 553 1280,5,1,Open 24 hours,ChIJyaMprxjZ3TAROExENibjIA0
Tak,เอ็นเคที ตาก ไฟฟ้า แอร์,"67 Chomphon, Rahaeng, Mueang Tak District, Tak 63000, Thailand",+66 80 507 2752,5,1,Open · Closes 8 PM,ChIJk33PIt3Z3TARUlziCCFoiaQ
Tak,ถาวรแซทเทลไลท์แอร์แอนด์เซอร์วิส,"เลขที่ 406/5 Mahatthai Bamrung Alley, Tambon Chiang Ngoen, Mueang Tak District, Tak 63000, Thailand",+66 91 837 4650,5,1,Open 24 hours,ChIJ6e4GuAHZ3TARwTFyLleodqU
Tak,ร้านประไพแอร์,"3 5, Chiang Ngoen, เมือง, Tak 63000, Thailand",+66 92 858 8859,4.8,11,Open · Closes 8 PM,ChIJAx-YbZ3Z3TARdJxbo04JJSU
Tak,ห้างหุ้นส่วนจำกัดกานต์กวินแอร์,"99/99, Nam Ruem, Mueang Tak District, Tak 63000, Thailand",+66 86 449 7466,5,2,Open · Closes 5:30 PM,ChIJJR48AsjZ3TARWsck7pSrMy0
Tak,ร้านอมรเดชแอร์ ( ห้างหุ้นส่วนจำกัด ตากแอร์เย็น ),"เลขที่ 309/6 Mahatthai Bamrung Alley, Rahaeng, Mueang Tak District, Tak 63000, Thailand",+66 81 785 8148,5,4,Open · Closes 5:30 PM,ChIJiVDIXpbZ3TARH3bVHXEZkWc
Tak,อะไหล่แอร์ สินทรัพย์เครื่องเย็น,"Tambon Rahaeng, Amphoe Mueang Tak, Chang Wat Tak 63000, Thailand",+66 87 573 3276,5,4,Open · Closes 5 PM,ChIJQSSFGrjZ3TARA36cIr6JKEQ
Tak,สยามชัยเซอร์วิส สาขาตาก,"6/136,6, 137 Phahonyothin Rd, ต.ระแหง Mueang Tak District, Tak 63000, Thailand",+66 65 717 3347,4.9,51,Open · Closes 7 PM,ChIJyQeW_VzZ3TARKwR5OL81lXc
Tak,ร้านเบสท์คูล,"209 หมู่2, น้ำรืม Mueang Tak District, Tak 63000, Thailand",+66 89 642 9011,4.7,6,Open · Closes 5:18 PM,ChIJZbpahAbY3TAR1obHgbdAEtc
Tak,ตากสินหม้อน้ำ/แอร์,"V49M+GRR, Rahaeng, Mueang Tak District, Tak 63000, Thailand",+66 65 848 1748,4.5,21,Open · Closes 10 PM,ChIJ45eJX7fZ3TARlrmi8CUN0AA
Tak,BT ฉัตรชัยรุ่งเรือง,"150/40, Mueang Tak District, Tak 63000, Thailand",+66 97 040 5448,5,2,Open · Closes 5 PM,ChIJ69qcYqvZ3TARZGKYFmiwtgM
Tak,ไฟฟ้าแอร์ ร้านดีเคเซอร์วิสยินดีให้บริการ,"Taluk Klang Thung, Mueang Tak District, Tak 63000, Thailand",+66 63 786 5655,5,3,Open 24 hours,ChIJEUOWeQB33jARCbCJZYbFt4g
Tak,ร้านแอร์ ตากสองล้านยานยนต์,"น้ำรึม, เลขที่25/3 หมู่ที่ 9 ถนน พหลโยธินต.น้ำรึม อ.เมืองตาก, เมือง, Tak 63000, Thailand",+66 85 725 2322,4.5,8,Open · Closes 6 PM,ChIJL0_O9uDZ3TARMXP5AgUagVw
Sukhothai,Kraiwit Air Conditioner,"385 ม, 9 Damrong Alley, Pak Khwae, Mueang Sukhothai District, Sukhothai 64000, Thailand",+66 90 693 5262,4.5,2,Open · Closes 6 PM,ChIJiwKM_MVV3jAR0dpc_EANH0I
Sukhothai,ร้านช่างขาว​ สี่แยกแอร์,"30​ หมู่​4​ ตำบลบ้านหลุม​ อำเภอเมืองสุโขทัย จังหวัด​, Sukhothai ​64000, Thailand",+66 81 280 9204,5,14,Open · Closes 5 PM,ChIJMQVni1xV3jARdCRZIUL4TSc
Sukhothai,ช่างเป้ไฟฟ้า&แอร์ (ช่างเป้),"258/2 ม.๘, Ban Suan, อำเภอเมือง, Sukhothai 64220, Thailand",+66 96 894 5035,5,1,Open 24 hours,ChIJZfS9fN2q3zARSlGViyYKsu0
Sukhothai,แก้วการไฟฟ้าแอร์,"232/2-3 Jarodvithi Thong, Ban Kluai, Mueang Sukhothai District, Sukhothai 64000, Thailand",+66 55 636 099,5,1,Open · Closes 5 PM,ChIJ11pjWNBV3jARp2o3iLSDORw
Sukhothai,ร้าน บพิศแอร์,"2R6G+H94, Thanon Banmueang, Thani, Mueang Sukhothai District, Sukhothai 64000, Thailand",+66 55 610 612,4.8,6,Open · Closes 5 PM,ChIJ11pjWNBV3jAROBMewvpoFBQ
Sukhothai,ป.การไฟฟ้า-แอร์,"335, 1, Tambon Ban Suan, เมือง, Sukhothai 64220, Thailand",+66 87 311 3917,5,1,Open 24 hours,ChIJHxz42bZV3jARsUYr7k-fQSo
Sukhothai,ร้านปูแอร์แอนด์ซาวด์,"อำเภอกง, 78/103, Ban Krang, Kong Krailat District, Sukhothai, Thailand",+66 85 407 9822,4.8,10,Open · Closes 5 PM,ChIJs-tSVNit3zARhGa0hGZRyY4
Sukhothai,สยามชัยเซอร์วิส สาขาสุโขทัย,"ธานี, 19/8-10 Singhawat Rd, Tambon Thani, Mueang Sukhothai District, Sukhothai 64000, Thailand",+66 65 717 7517,4.9,214,Open · Closes 7 PM,ChIJX_vpyn9V3jAR54lxH959qnE
Sukhothai,ลภัสแอร์สุโขทัยเซอร์วิส,"Pak Khwae, Mueang Sukhothai District, Sukhothai 64000, Thailand",+66 85 536 5649,5,1,Open · Closes 5 PM,ChIJga4ALAFV3jARjEM6pzfcOB4
Sukhothai,ร้านกมลวรรณ อะไหล่แอร์ สุโขทัย,"60/15, เมือง, Sukhothai 64000, Thailand",+66 85 052 8330,,,Open · Closes 5 PM,ChIJnU3GNaZX3jARomzXjqvMoj0
Sukhothai,ร้านพรเจริญไฟฟ้าแอร์,"ม 1Unnamed Road, Ban Lum, Mueang Sukhothai District, Sukhothai 64000, Thailand",+66 82 942 1696,5,1,Open now,ChIJP6CO1-RU3jARxlYR0dJWjbA
Sukhothai,เบิ้มคาร์แคร์ วิทยาแอร์เซอร์วิส,"2R7M+GJJ, 101, Pak Khwae, Mueang Sukhothai District, Sukhothai 64000, Thailand",+66 95 640 7891,5,1,Open · Closes 8 PM,ChIJ3TolCvpV3jARFi--UZJhSXk
Sukhothai,อู่ช่างตู่การไฟฟ้าแอร์,"22/2 ม.1 Singhawat Rd, ต.บ้านสวน อ.เมือง, Sukhothai 64220, Thailand",+66 88 144 7383,5,2,Open · Closes 5 PM,ChIJYf2cTV1V3jARbkanvgcAeUk
Sukhothai,ร้าน อ๊อดเบสท์แอร์,"3 230, Pak Khwae, Mueang Sukhothai District, Sukhothai 64000, Thailand",+66 55 621 361,5,1,,ChIJpRwBqPZV3jARLZyblJhHOGQ
Sukhothai,หนึ่งหม้อน้ำ- แอร์รถยนต์,"17, 28, Pak Khwae, Mueang Sukhothai District, Sukhothai 64000, Thailand",+66 81 953 5095,3.3,10,Open · Closes 6 PM,ChIJcRT6L2NV3jARH8tALSvO1bs
Sukhothai,ธนากรแอร์แอนด์ซาวด์,"2RRC+VJX, Unnamed Road, Pak Khwae, Mueang Sukhothai District, Sukhothai 64000, Thailand",,4.6,5,Open now,ChIJCZHHsnlV3jARTtHop-WDIVo
Sukhothai,วิทยาการไฟฟ้าแอร์,"382, 3, Tambon Thani, เมือง, Sukhothai 64000, Thailand",+66 85 533 3425,,,Open · Closes 7 PM,ChIJoxhYi_VV3jARfgEu8YFZC00
Sukhothai,ร้านเอสดับบลิว เซอร์วิส,"39, 9, Yang Sai, Mueang Sukhothai District, Sukhothai 64000, Thailand",+66 85 977 1081,5,1,Open · Closes 5 PM,ChIJa4e8oitX3jARPscMcPWhbKY
Sukhothai,ติดตั้งแอร์,"หมู่ที่ 6, 88, Ban Kluai, Mueang Sukhothai District, Sukhothai 64000, Thailand",+66 92 247 7524,,,Open · Closes 7 PM,ChIJTfauhOBX3jARu2OCOkkLis4
Sukhothai,ร้านล้างแอร์สุโขทัย2 By ช่างเบิร์ด,"166/2, Mueang Sukhothai District, Sukhothai 64000, Thailand",+66 96 496 2274,,,Open · Closes 6 PM,ChIJQVfZW_FX3jARLfpgCWmeMos
Phitsanulok,ร้านพิษณุโลกแอร์ แอนด์ เซอร์วิส จำหน่ายแอร์-อะไหล่แอร์ (Phitsanulok Air and Service),"98, 1 Mittraphap Rd Soi 27, Aranyik, Mueang Phitsanulok District, Phitsanulok 65000, Thailand",+66 55 220 303,4.8,30,Open · Closes 5 PM,ChIJKaVxcqKX3zARdlrHZjtTouQ
Phitsanulok,แอร์มือสองราคาถูก พิษณุโลก ย้ายซ่อม ล้าง ติดตั้ง บ้านแฝดเซอร์วิส,"Bueng Phrachan, Wat Chan, Mueang Phitsanulok District, Phitsanulok 65000, Thailand",+66 97 918 1837,4.6,14,Open 24 hours,ChIJf-9B_bi93zARSaDBVBe6lm0
Phitsanulok,มาร์คแอร์ พิษณุโลก,"10, 1, Hua Ro, Mueang Phitsanulok District, Phitsanulok 65000, Thailand",+66 95 976 4180,5,11,Open 24 hours,ChIJZ_1Li-SZ3zARL3WMwdIrS8M
Phitsanulok,ร้านแอร์&อะไหล่แอร์ บริษัท แอร์ซิตี้ จำกัด โทร.055212677,"564, 16 ถ.มิตรภาพ, Tambon Nai Mueang, Mueang Phitsanulok District, Phitsanulok 65000, Thailand",+66 55 212 677,4.4,45,Open · Closes 7 PM,ChIJ9YN8p0eX3zAREk1G4IK8bcM
Phitsanulok,ห้างหุ้นส่วนจำกัด พีแอล เซ็นเตอร์ แอร์ เซอร์วิส,"9 72, Wang Phikun, Wang Thong District, Phitsanulok 65130, Thailand",+66 99 945 9771,5,2,Open · Closes 5 PM,ChIJja22x8KX3zAREv1E8DRFeM4
Phitsanulok,หจก.บี.ซี.เซอร์วิส พิษณุโลก,"912/2 Baromtrilokanart Road, Wat Chan, Mueang Phitsanulok District, Phitsanulok 65000, Thailand",+66 81 887 1688,4.8,15,Open · Closes 6 PM,ChIJsVG9w6G93zARip1BdimNV7o
Phitsanulok,นัชแอร์รถยนต์ ซ่อม-ล้างแอร์รถยนต์ไม่ถอดตู้ เริ่มต้น 500 บาท พิษณุโลก,"119, ม.11, Tha Thong, เมือง, Phitsanulok 65000, Thailand",+66 65 092 4259,4.8,51,Open · Closes 5:30 PM,ChIJryGniLa93zARboLtP9bMNfg
Phitsanulok,ธนัตถ์ แอร์ เซอร์วิส,"Singhawat Rd, ในเมือง เมือง, Phitsanulok 65000, Thailand",+66 93 182 9979,4.7,6,Open · Closes 8 PM,ChIJSSqpzUW93zARXYHLQhY3C04
Phitsanulok,ร้านแอร์พิษณุโลกอาร์.พี. เซอร์วิส แอร์พิษณุโลก,"99, 38 Pra Ong Dam Rd, Tambon Nai Mueang, Mueang Phitsanulok District, Phitsanulok 65000, Thailand",+66 94 365 6528,5,4,Open · Closes 6 PM,ChIJWe0H8-eX3zARxSGXOc5SAB0
Phitsanulok,ร้านแอร์เมคเกอร์,"105, 12 Singhawat Rd, Tambon Nai Mueang, Mueang Phitsanulok District, Phitsanulok 65000, Thailand",+66 55 247 311,5,6,Open · Closes 6 PM,ChIJVVVVVdmX3zARO7AIlFeMZRg
Phitsanulok,ร้านพงษ์เครื่องเย็น,"เครื่องเย็น, 19/293 พงษ์, Wisut Kasat, Mueang Phitsanulok District, Phitsanulok 65000, Thailand",+66 95 840 5536,4.4,77,Open · Closes 5 PM,ChIJxcCD7NCX3zAROoMll03SzFY
Phitsanulok,ร้าน ประวิทย์แอร์-ไฟฟ้า,"99/97 หมู่7, ตำบลบึงพระ อำเภอเมือง, บึงพระ Mueang Phitsanulok District, Phitsanulok 65000, Thailand",+66 86 212 1759,5,2,,ChIJM4qaVeGV3zAR1NAztT5a8UQ
Phitsanulok,ห้างหุ้นส่วนจำกัด ส.การแอร์ พิษณุโลก,"273/3-4 ม .3 ต อ ด มือ ง, Samo Khae, Mueang Phitsanulok District, Phitsanulok, Thailand",+66 94 839 5828,4.5,10,Open · Closes 5:30 PM,ChIJT6mbB_yZ3zARyt3nRdEUx3Q
Phitsanulok,มงคลแอร์ รถยนต์ พิษณุโลก,"Q5FC+583, 1065, Tha Pho, Mueang Phitsanulok District, Phitsanulok 65000, Thailand",+66 88 176 9822,4.7,11,Open · Closes 5 PM,ChIJ-4u1DNS93zARyY9i9yXvHXA
Phitsanulok,ช่างแอร์พิษณุโลก by อินเตอร์แอร์ ช่างมาร์ค แอร์ไม่เย็น แอร์น้ำหยด แอร์เปิดไม่ติด ซ่อมบอร์ดแอร์,"999, 59 ถ.มิตรภาพ, Tambon Nai Mueang, อ.เมือง, Phitsanulok 65000, Thailand",+66 64 174 5529,5,53,Open 24 hours,ChIJmQyjJnKX3zAReResPUmuX3g
Phitsanulok,ร้านซันแอร์เซอร์วิส,"31/1-2 Road Moo 7, Bang Rakam, Bang Rakam District, Phitsanulok 65140, Thailand",+66 62 273 9093,5,4,Open · Closes 5 PM,ChIJU00UFgC53zARUffX41Tubxw
Phitsanulok,รุ่งเรืองแอร์ พิษณุโลก (แอร์รถยนต์),"289, Tha Thong, Mueang Phitsanulok District, Phitsanulok 65000, Thailand",+66 98 465 2923,4.7,22,Open · Closes 6 PM,ChIJ5UE1hLK93zARYABKwjN5Lk8
Phitsanulok,ร้านโอห์มแอร์,"92, 2 หมู่ 4, Don Thong, Mueang Phitsanulok District, Phitsanulok 65000, Thailand",+66 91 407 5612,5,1,Open · Closes 5:30 PM,ChIJi5BqTI6Z3zARliIq59rDT-4
Phitsanulok,ศุภาวรรณ อะไหล่แอร์ พิษณุโลก,"83, 279 Phra Ruang Rd, Tambon Nai Mueang, เมือง, Phitsanulok 65000, Thailand",+66 81 604 8264,4,11,Open · Closes 9 PM,ChIJ_8o0Yye93zARusSGx3nbSx4
Phitsanulok,แก้วการไฟฟ้าแอร์พิษณุโลก,"449 12, 179 Soi Mu Ban Hatsanan 7, Ban Khlong, เมือง, Phitsanulok 65000, Thailand",+66 81 786 7399,3,2,Open now,ChIJcSU0J0W93zAR8aX4yNgoG2M
Phichit,สมยศ บริการ ร้านแอร์บ้านพิจิตร ขายแอร์ ล้างแอร์ ซ่อมแอร์ ติดตั้งแอร์,"เมืองพิจิตร, ในเมือง เมือง, Phichit 66000, Thailand",+66 97 921 3226,5,17,Open 24 hours,ChIJzRY1OLrn3zARodWBb7I_3eA
Phichit,ร้าน ส.เจริญแอร์ พิจิตร,"ติดนิสสันใหม่, ถนน สระหลวง, Nai Mueang, Mueang Phichit District, Phichit 66000, Thailand",+66 82 887 8909,4.7,15,Open · Closes 5 PM,ChIJ91qfpmfn3zAROwnUXf6XKYc
Phichit,กรวิชญ์ แอร์ พิจิตร,"8, 3 ถนน สระหลวง, Nai Mueang, Mueang Phichit District, Phichit 66000, Thailand",+66 97 980 4132,5,10,Open 24 hours,ChIJW6Nudm7n3zARmBLMARWwCX0
Phichit,ไทย คูลลิ่ง แอร์บ้าน,"Tha Luang, อำเภอเมือง, Phichit 66000, Thailand",+66 89 707 0513,5,1,Open · Closes 5 PM,ChIJP6enganl3zARHMKFFGvKURA
Phichit,ชาติไดนาโมแอร์,"80, 28 ถ. ศรีมาลา, Tambon Nai Mueang, Mueang Phichit District, Phichit 66000, Thailand",+66 87 739 0254,4.3,23,Open · Closes 5 PM,ChIJ8-Gz5tvl3zARHY1qLPBQip8
Phichit,ธนพลแอร์ ทีมงานช่างส้ม,"34, 6, Sak Lek District, Phichit 66160, Thailand",+66 87 424 9423,4.5,4,Open · Closes 10 PM,ChIJkQqQgyTw3zARDQN-QcXJ_8Y
Phichit,ร้าน หัวหินแอร์,"2/78-9 ศรีมาลา, Tambon Nai Mueang, Mueang Phichit District, Phichit 66000, Thailand",+66 56 611 442,5,1,,ChIJ5ZhYr3Tm3zARYqZ-Bc1oRZA
Phichit,นิวแอร์ เซอร์วิส - ล้างแอร์ ติดตั้งแอร์ สากเหล็กพิจิตร,"270/46, Sak Lek District, Phichit 66160, Thailand",+66 64 646 4939,5,4,Open · Closes 8 PM,ChIJl-plFQDx3zARX7x_LuwPloY
Phichit,ร้าน นกแอร์ เซอร์วิซ,"Pak Thang, Mueang Phichit District, Phichit 66000, Thailand",+66 81 688 5926,5,4,Open · Closes 5 PM,ChIJxaCkKQDn3zARRKc1iSDbB4o
Phichit,ชาติไดนาโมแอร์ สาขา 2,"73/11 หมู่8, ท่าหลวง เมือง, Phichit 66000, Thailand",+66 87 527 2451,4.9,12,Open · Closes 6 PM,ChIJG_Rx69rl3zAR09KjjR5QrbE
Phichit,ร้านกบแอร์&เซอร์วิส,"86 124, ในเมือง เมือง, Phichit 66000, Thailand",+66 82 398 7893,5,6,Open · Closes 5 PM,ChIJCbDIqbLn3zARIAAq24wigBQ
Phichit,ร้านช่างพงษ์แอร์รถยนต์,"115, Khlong Khachen, Mueang Phichit District, Phichit 66000, Thailand",+66 82 398 5153,4.9,12,Open · Closes 6 PM,ChIJfeUIhZ_n3zARqgU5Crz4WO8
Phichit,ช่างเดช แอร์,"99HC+8P9, Kha Mang, Mueang Phichit District, Phichit 66000, Thailand",+66 81 805 9890,4.2,9,Open · Closes 6 PM,ChIJ3VxfQKHl3zARzWHNs_nqk6U
Phichit,เค เค แอร์ แอนด์ ซาวด์,"2, 215 ถ. ศรีมาลา, Nai Mueang, Mueang Phichit District, Phichit 66000, Thailand",+66 94 719 7336,3.7,3,Open · Closes 5 PM,ChIJ5ZhYr3Tm3zARvTKXrRmcOKk
Phichit,ร้านอุดมเซอร์วิส,"C8WR+7PQ, Nai Mueang, Mueang Phichit District, Phichit 66000, Thailand",+66 87 524 4908,5,4,Open · Closes 6 PM,ChIJBQ4H-wzm3zARTBP-yP6PebE
Phichit,ร้านแอร์พิจิตรอาร์พี(ห้างหุ้นส่วนจำกัด พิจิตร อาร์.พี. เซอร์วิส),"2, 296 ถ. ศรีมาลา, Tambon Nai Mueang, เมือง, Phichit 66000, Thailand",+66 56 614 829,,,Open · Closes 6 PM,ChIJxYM6qHTm3zAREdN2b7U4Ppg
Phichit,ดีดีแอร์,"259, 3, Tambon Mueang Kao, เมือง, Phichit 66000, Thailand",+66 65 876 5850,,,Open · Closes 5 PM,ChIJP3OUPADn3zARoXV3ub8wgfo
Phichit,ร้านจอมอะไหล่แอร์บ้านและรถยนต์ทุกชนิด,"20, 74 ถนน คลองคะเชนทร์, Nai Mueang, Mueang Phichit District, Phichit 66000, Thailand",+66 89 727 9998,4.4,9,,ChIJAwIJGOzn3zARk6tOfAANq9U
Phichit,ร้านคะเชนทร์แอร์,"C8R7+C67, 1068, Khlong Khachen, Mueang Phichit District, Phichit 66000, Thailand",+66 89 839 8197,,,Open now,ChIJXw2DpFPn3zARcyeJpsx7HmU
Phichit,ช่างแดงล้างแอร์พิจิตร,"112, Tambon Khlong Khachen, เมือง, Phichit 66000, Thailand",+66 89 885 1171,,,,ChIJLQ4Hyc3n3zARbtl_mVVl64w
Phetchabun,นพเก้าแอร์&โชล่าเซลล์ เซอร์วิส. กรุงเทพฯ@เพชรบูรณ์,"37, 9 Pechabura Alley, ต. ในเมือง Mueang Phetchabun District, Phetchabun 67000, Thailand",+66 61 782 8199,5,57,Open 24 hours,ChIJ7T0wu6EvIDERJhjXSi6if_U
Phetchabun,อั้มออโต้แอร์ เพชรบูรณ์ ล้างแอร์รถยนต์ ซ่อมแอร์รถยนต์เพชรบูรณ์,"187หมู่10, เมือง, Phetchabun 67000, Thailand",+66 64 114 1440,5,36,Open · Closes 5:30 PM,ChIJPYXIDgAlIDERWj9n-TNOMUo
Phetchabun,TR-AIR Phetchabun,"1, 1 Thanon Lak Muang, Tambon Nai Mueang, Amphoe Mueang Phetchabun, Phetchabun 67000, Thailand",+66 62 629 6545,4.7,28,Open · Closes 5:30 PM,ChIJ2XaGVFYlIDERCR0h_lt-DS8
Phetchabun,ช่างแอร์บ้านเพชรบูรณ์,"125 ดงมูลเหล็ก, Tambon Dong Mun Lek, เมือง, Phetchabun 67000, Thailand",+66 86 376 2808,5,40,Open 24 hours,ChIJEfBFGnkvIDERJoCrvGbik5k
Phetchabun,456 เจริญยนต์ แอร์รถยนต์ กระจก ช่วงล่าง หม้อน้ำ,"7 10, Sadiang, เมือง, Phetchabun 67000, Thailand",+66 80 514 5546,4.7,65,Open · Closes 5:30 PM,ChIJHSR5FHslIDERqSxiv0QNcRM
Phetchabun,โปรคลูอะไหล่แอร์ เพชรบูรณ์,"19, 11-13 Thanon Taepha Pattana, ในเมือง, Mueang Phetchabun District, Phetchabun 67000, Thailand",+66 56 748 075,4.7,10,Open · Closes 5 PM,ChIJbSuzDJs6IDERvZBBqTf_DTQ
Phetchabun,หจก.บี.ซี.เซอร์วิส เพชรบูรณ์,"466, 77 ถนน เพชรเจริญ, Nai Mueang, Mueang Phetchabun District, Phetchabun 67000, Thailand",+66 81 887 1688,4.8,4,Open · Closes 6 PM,ChIJ20dKHIEvIDERCCklOGjdzxc
Phetchabun,ช.ออโต้แอร์,"35, 20 Thanon Taepha Pattana, Nai Mueang, Mueang Phetchabun District, Phetchabun 67000, Thailand",,4.5,10,Open · Closes 5 PM,ChIJ__9aE-gvIDERY7_QLLhhdi8
Phetchabun,โฟกัสแอร์ ดงมูลเหล็ก,"1 3, Dong Mun Lek, อ.เมือง, Phetchabun 67000, Thailand",+66 84 143 9701,4.6,5,Open · Closes 5 PM,ChIJI4DkVcUxIDERnKYwKTlBRKQ
Phetchabun,ร้านซ่อมรถต์เย็นเจี๊ยบแอร์ ไฟฟ้า แบต ได ในรถยนต์,"37, Tambon Na Ngua, เมือง, Phetchabun 67000, Thailand",+66 80 998 1190,5,16,Open · Closes 6 PM,ChIJyYVuSgY7IDERE5A31iKoPNM
Phetchabun,ร้านอินดี้แอร์,"199, 22, Tambon Na Ngua, เมือง, Phetchabun 67000, Thailand",+66 81 754 5857,,,Open · Closes 5:30 PM,ChIJFbjWlmclIDEReICYsYBSkhY
Phetchabun,สยามชัยเซอร์วิส สาขา มินิ เพชรบูรณ์,"3, 48 Samakkhichai Rd, Tambon Nai Mueang, Mueang Phetchabun District, Phetchabun 67000, Thailand",+66 81 139 0053,4.8,41,Open · Closes 6 PM,ChIJB7TaFc0lIDERINONdTrwGcc
Phetchabun,ร้านจ.แอร์แอนด์ซาวด์ สาขาเพชรบูรณ์,"66 3, Tambon Ban Tok, เมือง, Phetchabun 67000, Thailand",+66 63 313 4308,,,Open · Closes 6 PM,ChIJbzQy4LcvIDERtjS3RF5ZSuU
Phetchabun,ปกรณ์ แอร์ซิ่งฯ,"C5M9+P5V, 2326, Sadiang, Mueang Phetchabun District, Phetchabun 67000, Thailand",,5,2,,ChIJ-xw_bgAxIDERT_clEzXtX98
Phetchabun,ร้านสวัสดิ์แอร์เซอร์วิส,"C4CX+42G, Burakarm Kovit Rd, Nai Mueang, Mueang Phetchabun District, Phetchabun 67000, Thailand",,5,1,Open now,ChIJEWWyzE0lIDERk_ltvoCNF2I
Phetchabun,M.Clean ร้าน แอร์รถยนต์ เพรชบูรณ์,"C5F4+J3G, Nai Mueang, Mueang Phetchabun District, Phetchabun 67000, Thailand",+66 82 583 3095,,,Open · Closes 5 PM,ChIJ9Vtd7u0lIDERYTkKFeOk6Vo
Phetchabun,SY Electric System,"7, 17 Thanon Saeaburi - Lomsak, ในเมือง เมือง, Phetchabun 67000, Thailand",+66 89 641 6425,4.3,12,Open · Closes 5:30 PM,ChIJheqVV30vIDER1YSDgtuNg3s
Phetchabun,ร้านลาบติดแอร์เพชรบูรณ์,"13, 4 หนองนารี, Sadiang, Mueang Phetchabun District, Phetchabun 67000, Thailand",+66 64 893 6546,4.5,70,Open · Closes 9 PM,ChIJ6UTa8NslIDERMtN7OjMNjfM
Phetchabun,ร้าน ซ่อมแอร์ ไดนาโม แบตเตอรี่,"100, 3, Ban Khok, Mueang Phetchabun District, Chang Wat Phetchabun 67000, Thailand",+66 84 235 2417,4,1,Open · Closes 5 PM,ChIJCfOP7WsxIDER38bP2WFrjE0
Phetchabun,วาณิชแอร์แอนซาวด์,"191/1 หมู่ 9 ถนน ทางไปปากน้ำ ใกล้ปั้ม ปตท, Sadiang, เมือง, Phetchabun 67000, Thailand",+66 81 887 8463,4,5,Open · Closes 6:30 PM,ChIJpXc-d1klIDERo-esnMhBwAA
Nakhon Si Thammarat,ชัยเจริญ ออโตเซ็นเตอร์,"ถนนเทวราช, Tambon Tha Wang, Mueang Nakhon Si Thammarat District, Nakhon Si Thammarat 80000, Thailand",+66 75 356 532,4.3,31,Open · Closes 5:30 PM,ChIJIZtvWDIBUzARwyrWEZQ0J1k
Nakhon Si Thammarat,ช่างแอร์บ้าน,"594, 1 Thanon Om Kai Wachirawuth, Pak Phun, เมือง, Nakhon Si Thammarat 80000, Thailand",+66 64 924 6357,4.8,16,Open · Closes 9:30 PM,ChIJI65LB_IGUzARfT7ROfCwCfo
Nakhon Si Thammarat,ร้านแอร์ นครศรีธรรมราช ล้างแอร์ ช่างแอร์ ติดแอร์ - ยาซีนแอร์ ตู้เย็น เครื่องใช้ไฟฟ้า,"94, 12 ม.1 Thanon Om Kai Wachirawuth, Pak Phun, Mueang Nakhon Si Thammarat District, Nakhon Si Thammarat 80000, Thailand",+66 88 761 3421,4.8,8,Open · Closes 5 PM,ChIJUbfGujUHUzARYif33QqHW5Q
Nakhon Si Thammarat,บริษัท อาร์ เอช แว็ค ซิสเต็ม เอ็นจิเนียริ่ง จำกัด,"416, 418 ถ Tewaburi, Pho Sadet, Mueang Nakhon Si Thammarat District, Nakhon Si Thammarat 80000, Thailand",+66 75 310 504,4.9,11,Open · Closes 5:30 PM,ChIJIeBlFUgBUzARv7Lls0M6F2k
Nakhon Si Thammarat,ร้านชัยยันต์แอร์&วิศวกรรมนครศรีฯ,"ร้านชัยยันต์ แอร์&วิศวกรรม 180/19, ถนนเทวราช, Mueang Nakhon Si Thammarat District, Nakhon Si Thammarat 80000, Thailand",+66 84 690 0033,4.5,6,Open · Closes 5 PM,ChIJtWnoos8AUzARWNiLJObCJvw
Nakhon Si Thammarat,หนึ่งแอร์แอนด์เซอร์วิส,"30, 3, Tambon Tha Ngio, เมือง, Nakhon Si Thammarat 80280, Thailand",+66 95 417 7491,5,1,Open · Closes 6 PM,ChIJB2XKse4HUzAR4E64074HmW8
Nakhon Si Thammarat,ร้านแบงค์แอร์ เซอร์วิส,"32/1, เมือง, Nakhon Si Thammarat 80000, Thailand",+66 61 138 1237,5,14,Open · Closes 5 PM,ChIJ8QSU_cMBUzARJnmGFrkexOs
Nakhon Si Thammarat,แอร์คูลขวาง Air Cool Khwang,"40, 168 Phatthanakan Khukwang Rd, Tambon Tha Wang, Mueang Nakhon Si Thammarat District, Nakhon Si Thammarat 80000, Thailand",+66 96 669 2606,5,1,Open · Closes 6 PM,ChIJcfU93cUBUzARrC93VdDGrno
Nakhon Si Thammarat,จูนแอร์,"27, 21 ถนนกะโรม, Tambon Pho Sadet, Mueang Nakhon Si Thammarat District, Nakhon Si Thammarat 80000, Thailand",+66 89 589 8209,5,24,Open · Closes 6 PM,ChIJQc1q_CUBUzARyhzkmn12a4c
Nakhon Si Thammarat,กวางแอร์เซอร์วิส,"190/8, Tha Wang, เมือง, Nakhon Si Thammarat 80000, Thailand",+66 93 636 2489,4.8,14,Open · Closes 5 PM,ChIJr90U_GgHUzARcIMg0B7YBN8
Nakhon Si Thammarat,ร้านมานะแอร์แอนด์เซอร์วิส,"167, 53 ถ. สะพานยาว, Tambon Na Khian, Mueang Nakhon Si Thammarat District, Nakhon Si Thammarat 80000, Thailand",+66 87 463 7902,5,5,Open · Closes 5:30 PM,ChIJq43iISkBUzARi83DLpt3ti8
Nakhon Si Thammarat,NB มอเตอร์แอร์,"516, 1 ถนนกระโรม, Pho Sadet, Mueang Nakhon Si Thammarat District, Nakhon Si Thammarat 80000, Thailand",+66 86 350 1044,5,2,Open · Closes 5 PM,ChIJaQ0V1Y4BUzAR8WB2oESfcd4
Nakhon Si Thammarat,นรสิงห์แอร์ เซอร์วิส,"68 32, Tha Sak, เมือง, Nakhon Si Thammarat 80000, Thailand",+66 84 851 3012,5,1,Open · Closes 5:30 PM,ChIJFUyyhqoBUzARIWPweDVFrs0
Nakhon Si Thammarat,ร้านแอร์,"9XVR+GWG, Pak Nakhon, Mueang Nakhon Si Thammarat District, Nakhon Si Thammarat 80000, Thailand",,5,1,Open · Closes 5:30 PM,ChIJJ4XrkVMDUzARt_1J-xQ10ZI
Nakhon Si Thammarat,บริษัท ไทยธรรมแอร์จำกัด,"100 Thanon Om Kai Wachirawuth, Tambon Pak Phun, Mueang Nakhon Si Thammarat District, Nakhon Si Thammarat 80000, Thailand",+66 93 565 5672,5,3,Open · Closes 6 PM,ChIJH1EyUpQBUzARCqkCmz6FUlc
Nakhon Si Thammarat,ร้านแอร์พรหมคีรี,"44/2, Phrom Khiri District, Nakhon Si Thammarat 80320, Thailand",+66 85 474 1686,5,4,Open · Closes 5 PM,ChIJ3X7sBXSpUzARpYYzeOKH4Bc
Nakhon Si Thammarat,สุชาติออโต้แอร์ นครศรีธรรมราช,"132, 3 นครศรีธรรมราช - ปากพนัง, Tambon Nai Mueang, Mueang Nakhon Si Thammarat District, Chang Wat Nakhon Si Thammarat 80000, Thailand",+66 99 265 5359,4.9,31,Open · Closes 5 PM,ChIJ6Z4nLtIBUzARSjc8caJmLQU
Nakhon Si Thammarat,โอ๋ ออโต้แอร์,"335/16, Pak Phun, เมือง, Nakhon Si Thammarat 80000, Thailand",+66 95 272 7744,4.9,15,Open · Closes 5 PM,ChIJIZwbIBMHUzARCwZig5Yrlh8
Nakhon Si Thammarat,ร้านส.จิตตพันแอร์,"2, 10 Big Te Alley, Tambon Nai Mueang, Mueang Nakhon Si Thammarat District, Nakhon Si Thammarat 80000, Thailand",+66 82 776 0484,5,1,Open · Closes 5 PM,ChIJ0Sn8P5ABUzARmDaObQqaE3Q
Nakhon Si Thammarat,ร้านท่าโพธิ์แอร์,"1762 คลอง, 8-9 ถนน ท่าโพธิ์, Tambon Tha Wang, Mueang Nakhon Si Thammarat District, Nakhon Si Thammarat 80000, Thailand",+66 89 875 9377,4.3,35,Open · Closes 5:15 PM,ChIJW3JiU8sGUzARIDKecmaUrMM
Krabi,Arun Air,"44/8 ถนน กระบี่ Krabi, Pak Nam, Mueang Krabi District, Krabi 81000, Thailand",+66 75 632 128,4,15,Open · Closes 5 PM,ChIJ3a538ZCUUTAR9-kwM3NDgeo
Krabi,Nop charean air,"103/6 Maharaj Rd Krabi, Krabi Yai, เมือง, Krabi 81000, Thailand",+66 94 595 9698,5,2,Open · Closes 5:30 PM,ChIJZUT7-ZuVUTARTgejkqYC5DE
Krabi,Smile Air,"89 Hemthanon Krabi, Sai Thai, Mueang Krabi District, Krabi 81000, Thailand",+66 75 612 559,4.6,15,Open · Closes 5 PM,ChIJ0a538ZCUUTARcvmD6hD3M64
Krabi,นครไฟฟ้า&แอร์ เซอร์วิส,"247/9 ถนนสาย 4203 หมู่5 (เยื้องกับการไฟฟ้าอ่าวนาง), Ao Nang, อำเภอ เมือง, Krabi 81180, Thailand",+66 98 092 5110,5,11,Open · Closes 8 PM,ChIJNTlT_uy_UTARmE3uLdYb5Y0
Krabi,กระบี่อรุณแอร์ สาขาตลาดเก่า,"19/5 ถนนศรีพังงา กระบี่ใหญ่, เมือง, Krabi 81000, Thailand",+66 81 476 7301,3.8,12,Open · Closes 5:30 PM,ChIJO3jaOyiVUTARLlYr1DY8FAc
Krabi,ร้านแอร์ แอร์เหนือคลอง,"4037, Nuea Khlong, Nuea Khlong District, Krabi 81130, Thailand",+66 87 650 6018,5,1,Open · Closes 6 PM,ChIJsckisVyTUTAR9LaKFheyK24
Krabi,ร้านกระบี่บ้านแอร์,"4V3X+98W, Phet Kasem Rd Krabi, Krabi Yai, Mueang Krabi District, Krabi 81000, Thailand",+66 89 873 2927,5,6,Open · Closes 6 PM,ChIJI53VpxqVUTARfljlkHjB9CY
Krabi,เป็นหนึ่งกระบี่แอร์เซอร์วิสแอนด์โซลูชั่น,"1, 69 Vatchara Rd Krabi, ตำบล กระบี่ใหญ่ Mueang Krabi District, Krabi 81000, Thailand",+66 87 891 0133,5,5,Open · Closes 6 PM,ChIJXTKRTwCVUTARfyYzkEuD2q4
Krabi,ปฏิญาแอร์แอนด์เซอร์วิส กระบี่,"268, Pakasai, Nuea Khlong District, Krabi 81130, Thailand",+66 95 025 9592,5,3,Open 24 hours,ChIJnWtdcWCNUTARC7tgUcXqzlI
Krabi,Tawatchai auto air,"101/1 Vatchara Rd Krabi, Tambon Pak Nam, เมือง, Krabi 81000, Thailand",+66 87 890 3871,4.8,44,Open · Closes 5 PM,ChIJwzwcoLKVUTAR1Xee6iWRM6Y
Krabi,อ่าวนาง แอร์,"2RRP+HQ4, 4203, Ao Nang, Mueang Krabi District, Krabi 81000, Thailand",,5,1,Open now,ChIJ2_XLglWVUTARb6SCuuCdd8U
Krabi,สยามชัยเซอร์วิส สาขากระบี่,"5 Maharaj Rd Krabi, Tambon Pak Nam, Mueang Krabi District, Krabi 81000, Thailand",+66 61 386 3812,4.7,44,Open · Closes 7 PM,ChIJqXSrOlCVUTARB6cJJobV2DQ
Krabi,ร้านอาณาจักรแอร์ แอนด์ เซอร์วิส,"เลขที่ 558, Sai Thai, Mueang Krabi District, Krabi 81000, Thailand",+66 64 602 9511,5,1,Open · Closes 5 PM,ChIJB-m3q2SVUTAR4nYndVAX1Bw
Krabi,ร้านแอร์วิทยเซอร์วิส,"3RPC+49W, Nong Thale, Mueang Krabi District, Krabi 81000, Thailand",+66 98 079 1308,5,2,Open now,ChIJV7_dcDS_UTARGlueB9VeGBA
Krabi,ร้านปกาสัยแอร์ แอนด์เซอร์วิส จ.กระบี่,"90 Vatchara Rd Krabi, Pak Nam, Mueang Krabi District, Krabi 81000, Thailand",+66 89 212 3311,4.3,3,Open · Closes 5:30 PM,ChIJ_eOkae6TUTARicUzMcPWn48
Krabi,บริษัท อาร์ม แอร์ กระบี่ จำกัด Arm air,"177, 77 Krabi Rd Krabi, Pak Nam, Mueang Krabi District, Krabi 81000, Thailand",+66 83 969 0473,4.7,9,Open · Closes 5 PM,ChIJKwe3ZrWVUTARsu_9xWNaR_0
Krabi,ร้านประเสริฐแอร์@เซอร์วิสกระบี่,"63, Pakasai, Nuea Khlong District, Krabi 81130, Thailand",+66 85 799 8393,4.5,4,Open · Closes 8:21 PM,ChIJTWzq5ArzUTARisVYUUwM_0w
Krabi,เอสแอล แอร์เซอร์วิส กระบี่,"259/10หมู่11, Mueang Krabi District, Krabi 81000, Thailand",+66 82 279 0919,5,7,Closed · Opens 2 PM,ChIJLchWcQSVUTAR56Kjz2Ab8pg
Krabi,กระบี่ คลินิค แอร์,"215, Sai Thai, เมือง, Krabi 81000, Thailand",+66 81 415 0876,4.9,31,Open · Closes 5 PM,ChIJN3d_3PGVUTAR7pwezty3Fq4
Krabi,บอลแอร์ แอนด์เซอร์วิส,"56/4 อ่าวนาง, เมือง, Krabi 81000, Thailand",+66 61 272 8739,5,2,Open · Closes 5 PM,ChIJhf56h0-_UTARRcG0K_3OZWY
Phang Nga,ล้างแอร์ พังงา-ภูเก็ต,"Phet Kasem Rd, Krasom, Takua Thung District, Phang Nga 82130, Thailand",+66 95 029 9714,5,1,Open · Closes 8 PM,ChIJMabkie7_UDAR8AL5JrI2SzA
Phang Nga,บจก.อมรินทร์ แอร์ ทับปุด จำกัด (สำนักงานใหญ่),"Bo Saen, Thap Put District, Phang Nga 82180, Thailand",+66 94 987 1932,4.5,13,Open · Closes 5 PM,ChIJK_cMZ98FUTARjoHZLjaQTeU
Phang Nga,บริษัท อมรินทร์แอร์ แอนด์ ซัพพลาย จำกัด,"ร้านอมรินทร์เครื่องเย็น, 63 12, Tham Nam Phut, Mueang Phang-nga District, Phang Nga 82000, Thailand",+66 88 785 0087,5,2,Open · Closes 5 PM,ChIJ6yWZhxABUTARpjMD-IpWav0
Phang Nga,สยามชัยเซอร์วิส สาขาพังงา,"136, 138 Phet Kasem Rd, Tambon Tham Nam Phut, เมือง, Phang Nga 82000, Thailand",+66 65 717 3326,4.9,94,Open · Closes 7 PM,ChIJiUwAyuUBUTARAYq9IizSk8U
Phang Nga,ร้าน ดี.เอ็น.แอร์,"CC6J+C6F, บ้านทุ่งขี้เหล็ก ต.ถ้ำ, Tham, Takua Thung District, Phang Nga, Thailand",+66 81 597 2761,5,2,Open · Closes 5:30 PM,ChIJH_cs0_n_UDARirktYj7Z5kI
Phang Nga,แอร์&ไฟฟ้า เซอร์วิจ พังงา,"21 7, Bang Thong, Thai Mueang District, Phang Nga 82120, Thailand",+66 81 058 5638,5,1,Open · Closes 5 PM,ChIJB8nxDgBXUDARoqDS4rVT5y0
Phang Nga,ทับปุดซาวด์ แอร์ ประดับยนต์,"เลขที่ 89 หมู่ 1, Thap Put District, Phang Nga 82180, Thailand",+66 91 040 8003,4.8,6,Open · Closes 5 PM,ChIJK7Ptn6cFUTARbUsHb2FNUzQ
Phang Nga,พี-เอ็มออร์โต้แอร์แอนด์ฟิล์ม,"9, 62 Phet Kasem Rd, Tham Nam Phut, Mueang Phang-nga District, Phang Nga 82000, Thailand",+66 93 648 6963,5,4,Open · Closes 5:30 PM,ChIJGwfhFQABUTARJSsYx_U9m_s
Phang Nga,บริการแอร์บ้าน จอมแอร์ เซอร์วิส,"46, 10 หมู่ที่1 ซอยนบปริง1, Tambon Noppring, Mueang Phang-nga District, Phang Nga 82000, Thailand",+66 86 940 6346,5,8,Open 24 hours,ChIJ1-qd-FkDUTAR5at48PLVg4s
Phang Nga,ศิริวรรณการไฟฟ้า,"288/1 Phet Kasem Rd, Thai Chang, Mueang Phang-nga District, Chang Wat Phang-nga 82000, Thailand",+66 76 414 012,4.4,10,Open · Closes 5 PM,ChIJg-QPpAsBUTARxPnC2fD1xlo
Phang Nga,N.Put - Service ช่างแอร์พังงา,"2, 9 ชอย ราษอุทิศ, Tham Nam Phut, Mueang Phang-nga District, Phang Nga 82000, Thailand",+66 64 238 8056,,,Open · Closes 7 PM,ChIJE0KnrbQBUTAR9Z9xbo0qJ7Q
Phang Nga,DLshop ดีแอลช็อป,"CJ7Q+V8F, มะรุ่ย, Tambon Marui, Thap Put District, Phang Nga 82180, Thailand",+66 84 841 2019,5,1,Open now,ChIJ_z91OOkHUTAR3f6GLufZYp4
Phang Nga,ร้านอาร์ม แอร์ เซอร์วิส,,+66 91 825 4416,5,3,Open 24 hours,ChIJuTQyznMBUTARGExPunV4oPs
Phang Nga,"ร้าน ขนานพงศ์การไฟฟ้า ""แบงก์ไดนาโม""ระบบไฟฟ้ารถยนต์","106/12 ถ.มนตรี ต.ท้ายช้าง อ.เมือง จ, Phang Nga 82000, Thailand",+66 85 867 1892,4.8,12,Open 24 hours,ChIJh-urNXUBUTARTDgOXDVNnH8
Phang Nga,Krasom Service,"104, 6 Phet Kasem Rd, Krasom, Takua Thung District, Phang Nga 82130, Thailand",+66 98 046 9416,4.8,12,Open · Closes 5 PM,ChIJy3w8RnxVUDARHmQn5Za-AgM
Phang Nga,A.Tแอร์อิเล็กทรอนิกส์,"45 ก่อนถึงสี่แยกโรงเรียนอนุบาลพังงา เยื้องร้านลาบร้อยเอ็ด, 41 ถนนบายพาส, Tambon Tham Nam Phut, Mueang Phang-nga District, Phang Nga 82000, Thailand",+66 80 746 1883,,,Open · Closes 6 PM,ChIJacq-_f4BUTARRzpM-piKs8A
Phang Nga,ร้านอ.เจริญยนต์,"FJPF+3QC, Unnamed Road, Bo Saen, Thap Put District, Phang Nga 82180, Thailand",+66 87 883 3559,3,1,Open · Closes 6 PM,ChIJ4UoLfrAFUTARG5C-WZjp5uU
Phang Nga,พังงาซาวด์,"292 Phet Kasem Rd, Thai Chang, Mueang Phang-nga District, Phang Nga 82000, Thailand",+66 81 607 0508,4.2,5,Open · Closes 6 PM,ChIJT1ij3_wBUTAR1eARNV0G_8M
Phang Nga,บ้านปริง แอร์รถยนต์,"FGW8+V2M, Noppring, Mueang Phang-nga District, Phang Nga 82000, Thailand",,,,,ChIJ9aUiCgADUTARNPOuO2UIxl0
Phang Nga,อู่จักรินทร์การช่าง,"FGW8+V2M, Noppring, Mueang Phang-nga District, Phang Nga 82000, Thailand",+66 80 040 4322,4.6,9,Open · Closes 6 PM,ChIJT0X4evUDUTAREzPrnA3tUL4
Phuket,Jakkapan air conditioner service,"35 การ์เด้นโฮม, 290 E Chaofah Rd, Wichit, Mueang Phuket District, Phuket 83000, Thailand",+66 89 726 4691,4.9,138,Open · Closes 6 PM,ChIJd4rTxK0vUDARylQUGMcto4I
Phuket,ธนวัชร แอร์,"58, 23 Mae Luan Rd, Talat Nuea, Mueang Phuket District, Phuket 83000, Thailand",+66 81 536 1771,5,10,Open · Closes 5 PM,ChIJq8aIzugxUDARY5SlbPNxhV4
Phuket,ร้านขายแอร์ใกล้ฉัน,"139 ภูเก็ตวิลล่าสวนหลวง ซ.10, Wichit, Mueang Phuket District, Phuket 83000, Thailand",+66 61 276 5022,5,1,Open 24 hours,ChIJiT8OcQAvUDARol87jfMTeqo
Phuket,90 AIR - บริการล้างแอร์ 350 บาท,"132 กะทู้, 75, Soi Sai Thong, Kathu, Kathu District, Phuket 83120, Thailand",+66 89 123 5689,5,2,Open · Closes 6:30 PM,ChIJWbZygckxUDARBhN-ErEyULY
Phuket,ณัฐวัศ แอร์ ซัพพลาย จำกัด,"Pracha-Uthit Rd 1, Ratsada, Mueang Phuket District, Phuket 83000, Thailand",+66 86 476 5586,5,3,Open · Closes 5:30 PM,ChIJ5WUJz7wxUDAR5NRYLB-FWFI
Phuket,ทรัพย์สุวรรณแอร์ ภูเก็ต,"เลขที่ 52/1 Chao Fah Tawan Tok Rd, Wichit, Mueang Phuket District, Phuket 83000, Thailand",+66 94 582 4502,3.3,16,Open · Closes 6:30 PM,ChIJleLvOjExUDARxv-e1I5cqOc
Phuket,โชคชัยแอร์,"Thanon Chao Fah Tawan Ok, Wichit, Mueang Phuket District, Phuket 83000, Thailand",+66 76 525 050,4.3,11,Open · Closes 5:30 PM,ChIJAeZuEjcuUDARQ1qgv_60-Es
Phuket,ทีแอนด์พีการไฟฟ้า ซ่อมแอร์แบตเตอร์รี่,"26, 6 E Chaofah Rd, Tambon Chalong, เมือง, Phuket 83000, Thailand",+66 81 691 3141,4.9,48,Open · Closes 6 PM,ChIJJ3orYMsvUDARVtl4B7UIPlY
Phuket,Asia Air Engineering,"12, 502 Chao Fah Tawan Tok Rd, Wichit, Mueang Phuket District, Phuket 83000, Thailand",+66 81 353 6936,3.7,6,Open · Closes 5:30 PM,ChIJbZKB4c0vUDAR9Lz5aiZYJzs
Phuket,24 Hrs. แอร์ คอนส์ เซอร์วิส ซ่อมแอร์ ล้างแอร์ ติดตั้งแอร์,"319, 8 ซอย หมู่ที่1, Chalong, Mueang Phuket District, Phuket 83130, Thailand",+66 98 504 2638,4.8,21,Open 24 hours,ChIJyV8x_g4vUDARARjEyJexPBI
Phuket,ร้านสามกองเอ็นจิเนียริ่ง,"100, 62 หมู่ที่ 5 Chalermprakiat Ratchakan Thi 9 Road, ตำบลรัษฎา Mueang Phuket District, Phuket 83000, Thailand",+66 76 261 107,4.3,15,Open · Closes 5 PM,ChIJcaGtXQ8yUDARFXYCPvQHYLo
Phuket,ห้าแยกแอร์. / Hayaek Air Sale And Service,"18, 45 ม.8 E Chaofah Rd, Chalong, Mueang Phuket District, Phuket 83000, Thailand",+66 89 593 1955,5,1,Open · Closes 6 PM,ChIJv1BfIaYvUDAR_CZZnyJpJ80
Phuket,ร้าน วิทยาแอร์ แอนด์เซอร์วิส,"5, 6 Soi Prijarern 3, Tambon Rawai, เมือง, Phuket 83130, Thailand",+66 83 107 3878,5,27,Open 24 hours,ChIJCwz6UPovUDARC64EcG-LoFc
Phuket,Mana Air,"44-46 สุรินทร์ ซ. 2, Tambon Talat Yai, Mueang Phuket District, Phuket 83000, Thailand",+66 97 447 9999,4,31,Open · Closes 6 PM,ChIJRRs8xgQyUDARCNcFdE_oxvY
Phuket,ร้านโชกุนอิเล็คทริค,"94, 387 หมู่ 7 Vichitsongkram Rd, Kathu, Kathu District, Phuket 83120, Thailand",+66 83 102 8584,4,3,Open · Closes 5 PM,ChIJGUwDoe8xUDARl88FJV9Uwic
Phuket,ร้านดีดีแอร์ เซลล์ แอนด์ เซอร์วิส,"W97V+XG3, Thep Krasattri Rd, Ratsada, Mueang Phuket District, Phuket 83000, Thailand",+66 83 645 1395,5,1,Open · Closes 6 PM,ChIJF3tS_YAxUDARDJF9VuwJptE
Phuket,หจก. ดวงมณี แอร์,"78/258 หมู่ที่ 6, Wichit, Mueang Phuket District, Phuket 83000, Thailand",+66 81 970 2102,3,4,Open · Closes 6 PM,ChIJzUX-w24uUDARtLS4AW1m_00
Phuket,ไอคูลแอร์,"42/8 ถนน รัษฎา, ตำบลตลาดเหนือ Mueang Phuket District, Phuket 83000, Thailand",+66 76 685 203,4.3,6,Open · Closes 6 PM,ChIJLzPvMPMxUDARzJxn_UPAPuY
Phuket,ช่างแอร์ ภูเก็ต,"59, 306 Kathu Business St, Tambon Kathu, Amphoe Kathu, Phuket 83120, Thailand",+66 82 820 7861,4.6,32,Open · Closes 6 PM,ChIJB71mjegwUDARXTpFcw2Gao4
Phuket,ชีวินอะไหล่แอร์ ขายส่งแอร์และอะไหล่ ภูเก็ต,"9, 20 Thep Krasattri Rd, Tambon Ratsada, Mueang Phuket District, Phuket 83000, Thailand",+66 65 631 4999,5,18,Open · Closes 5:30 PM,ChIJ6ygQPo8xUDAR7-Mi3hi6ep8
Surat Thani,ร้านขุนทะเลแอร์,"26, 455 ซอย17, Tambon Makham Tia, Mueang Surat Thani District, Surat Thani 84000, Thailand",+66 77 203 106,5,47,Open · Closes 6 PM,ChIJu4HksyUHVDAR9ZXYf2ocrSg
Surat Thani,ศรีเมืองแอร์ ร้านแอร์ สุราษฎร์ธานี,"250, 34 Chonkasem Rd Yaowarat, Tambon Makham Tia, Mueang Surat Thani District, Surat Thani 84000, Thailand",+66 83 109 0600,4.5,17,Open · Closes 5 PM,ChIJMzeqE4YHVDARAGYzcLjgPjI
Surat Thani,ช่างล้างแอร์สุราษฎร์,"87 /116ม.5, เมือง, Surat Thani 84000, Thailand",+66 80 855 8209,4.7,13,Open 24 hours,ChIJU92fVE8HVDARzdcwYG2AcW0
Surat Thani,ร้านแอร์สุราษฎร์byช่างหลุยส์,"36/1 ตำบล วัดประดู่, วัดประดู่ Mueang Surat Thani District, Surat Thani 84000, Thailand",+66 98 714 7391,4.8,16,Open · Closes 8 PM,ChIJ5ZH-CycHVDARNjSVVSS7bHk
Surat Thani,แอร์บ้านสุราษฎร์ธานี,"97/21 หมู่6, 42 Chonkasem Rd, Mueang Surat Thani District, Surat Thani 84000, Thailand",+66 86 473 2497,5,12,Open · Closes 5 PM,ChIJZ7WrNAUHVDAR3oWobcauuTk
Surat Thani,ช่างแอร์สุราษฎร์ฯ ร้านแอร์สุราษฎร์ BY ช่างนุ,"7, หอทานตะวัน, 42 ม.1 ซอย โรงสี, ขุนทะเล เมือง, Surat Thani 84100, Thailand",+66 93 720 8393,4.7,15,Open · Closes 5 PM,ChIJAUspnicHVDARkTQxg_oPozM
Surat Thani,ส.เจริญทรัพย์แอร์บ้าน สุราษฎร์ธานี,"196, 18, Tambon Makham Tia, อ.เมือง, Surat Thani 84000, Thailand",+66 86 682 0332,5,10,Open · Closes 5 PM,ChIJDUH7LAAHVDARNTndJVRfXw4
Surat Thani,ล้างแอร์รถยนต์ สุราษฎร์ธานี,"ในลึก, 260/1, 24 ซอยวัดโพธิ์, เมือง Surat Thani 84000, Thailand",+66 89 646 2447,5,35,Open · Closes 6 PM,ChIJ44TnXiwHVDARMSQLOBxoKJY
Surat Thani,ร้าน ST แอร์ & เซอร์วิส ( สาขา 2 ),"102/21, เมือง, Surat Thani 84000, Thailand",+66 95 420 9015,5,13,,ChIJAznFOHEHVDAR9M_McR66vd0
Surat Thani,ช่างแอร์สุราษฎร์byช่างบูม,"9. ม.2 บางไทร, เมือง, Surat Thani 84000, Thailand",+66 88 033 1127,5,15,Open · Closes 5 PM,ChIJ2yEQRoEFVDARq3jf57Jck5o
Surat Thani,ร้านสุวิทย์แอร์ แอร์บ้านสุราษฎร์ธานี,"26, 460 หมู่ 3 ถนน ซ. พ่อขุนทะเล, Makham Tia, Mueang Surat Thani District, Surat Thani 84000, Thailand",+66 83 102 3118,4.6,11,Open · Closes 6 PM,ChIJx0FR2YsHVDARoXYhkAAlmNQ
Surat Thani,ช่างแอร์สุราษฎร์ธานีช่างกัน,"134, 195 ถนน ค่าย อ.ส.5 ม.บ้าน​ศรี​ทอง, Bang Kung, เมื่อง, Surat Thani 84000, Thailand",+66 80 145 7983,5,9,Open 24 hours,ChIJ9aFUPTQHVDARJmD98P1THHs
Surat Thani,ช่างแอร์สุราษ ล้างแอร์เซอร์วิส แอร์บ้านสุราษโดย ช่างแอร์ในตำนาน,"112, 32ม.1 Sri Kasem Road, Tambon Makham Tia, เมือง, Surat Thani 84000, Thailand",+66 95 427 8629,4.7,26,Open 24 hours,ChIJaY26uDgHVDAR6BY4cNpvVj0
Surat Thani,ช่างเเอร์สุราษฎร์ธานี ร้านอัพเกรดเเอร์ เซอร์วิส แอนด์ ไฟฟ้า เเอร์บ้าน,"6, Wat Pradu, Mueang Surat Thani District, Surat Thani 84000, Thailand",+66 95 005 1225,5,9,Open · Closes 5 PM,ChIJaSFx9VQHVDARfBKtOXsUOwo
Surat Thani,ช่างแอร์สุราษฎร์ธานี ช่างเป้,"248/74, มะขามเตี้ย เมือง, Surat Thani, Thailand",+66 61 230 2107,4.8,52,Open · Closes 6 PM,ChIJ27GEBkwHVDAR7HlQknrGxnw
Surat Thani,ร้านแอร์สุราษฎร์ธานี ล้างแอร์ ซ่อมแอร์ ช่างเตี้ย,"6/26, Bang Bai Mai, เมือง, Surat Thani 84000, Thailand",+66 61 042 4123,4.6,13,Open 24 hours,ChIJbTd0wfgHVDARTJegLvY4nRI
Surat Thani,ช่างแอร์สุราษฎร์byร้านสังข์ทองแอร์เซอร์วิส,"ศรีเกษม 27, Makham Tia, Mueang Surat Thani District, Surat Thani 84000, Thailand",+66 98 047 0377,5,11,Open · Closes 6:30 PM,ChIJxezpcwAHVDARRKZ-M0R8RZA
Surat Thani,บริษัท นิวกี่เอ็นจิเนียริ่ง สุราษฎร์ จำกัด,"4, 19 หมู่ที่ 1 สี่แยกบางกุ้ง, Bang Kung, Mueang Surat Thani District, Surat Thani 84000, Thailand",+66 77 212 999,4.6,8,Open · Closes 5 PM,ChIJdYzkEQkGVDARfradxO2VKdE
Surat Thani,รุ่งเพ็ชรแอร์เซอร์วิส&cctv,"103, 525 ม.3 ถ.นาเนียน, Tambon Makham Tia, เมือง, Surat Thani 84000, Thailand",+66 80 535 6456,5,3,Open · Closes 6 PM,ChIJkUfqA2UHVDARplC-dSU2N3I
Surat Thani,เค.พี.แอร์,"24, ตลาด, 21-20 ถ Karunrat, Tambon Talat, Amphoe Mueang Surat Thani, Surat Thani 84000, Thailand",+66 86 475 8994,5,2,Open · Closes 6:30 PM,ChIJFT2GPlcHVDARRtZ5u5fbfro
Ranong,ร้านแอร์ระนอง,"XJ8H+RF6, Tambon Bang Non, Mueang Ranong District, Ranong 85000, Thailand",+66 64 027 9612,5,1,Open · Closes 5 PM,ChIJRQFYSgBRVjARuhkL37UC3dI
Ranong,ร้านไดมอนด์ แอร์,"15/66 หมู่ 6 ถนนรัตนโกสินทร์ 200 ปี, ตำบลบางริ้น Mueang Ranong District, Ranong 85000, Thailand",+66 77 823 623,4.5,4,Open · Closes 6 PM,ChIJxf9dWOJPVjARGzgXbuK7my4
Ranong,ทรัพย์เจริญแอร์,"29, 3, Bang Non, Mueang Ranong District, Ranong 85000, Thailand",+66 87 280 0029,4.3,4,Open · Closes 6 PM,ChIJpY_UzohPVjARapymiheSXNY
Ranong,ร้านธเนตรแอร์,"หมู่ที่ 2 ถนน Thaweesinkha, Bang Non, Mueang Ranong District, Ranong 85000, Thailand",+66 83 692 3956,4.8,8,Open · Closes 5 PM,ChIJb_LghdhPVjAR3GZ-wSMCOb0
Ranong,ร้าน กิจเจริญแอร์ ระนอง,"83 174, Bang Non, เมือง, Ranong 85000, Thailand",+66 89 290 2525,5,8,Open · Closes 5 PM,ChIJEw3JIydQVjARYigCX1Ap-YE
Ranong,ร้าน อันดามันแอร์ (DENSO),"291, 72-73 หมู่ 3 Phet Kasem Rd, Bang Non, Mueang Ranong District, Ranong 85000, Thailand",+66 81 979 6893,4.9,8,Open · Closes 5:30 PM,ChIJpa5UIw9PVjARRcn37gTmVgE
Ranong,ร้านระนองเครื่องเย็น,"15/103, Bang Rin, เมือง, Ranong 85000, Thailand",+66 81 892 8211,4.1,7,Open · Closes 5:30 PM,ChIJKebZazdQVjARMZo55jLfJ-I
Ranong,สยามชัยเซอร์วิส สาขาระนอง,"121/2-4 Thamuang Rd, Tambon Khao Niwet, เมือง, Ranong 85000, Thailand",+66 65 717 3345,4.9,176,Open · Closes 7 PM,ChIJE4ktRfxRVjARF3Tx676OYAE
Ranong,ร้าน สุรพันธุ์แอร์,"83/178 หมู่ 2, ตำบลบางนอน อำเภอเมืองระนอง จังหวัดระนอง, 85000, Thailand",+66 77 811 180,5,1,Open now,ChIJzelQVYVPVjAR8xckSGf30zU
Ranong,ร้านทรัพย์อนันต์แอร์,"เลขที่ 192/36, Bang Rin, Mueang Ranong District, Ranong 85000, Thailand",+66 83 893 9539,,,Open · Closes 5:30 PM,ChIJSZZijVdRVjARpTU_7hLdWII
Ranong,สุรพันธุ์แอร์,"13, เลขที่ 32, Khao Niwet, Mueang Ranong District, Ranong 85000, Thailand",+66 80 696 8861,,,Open · Closes 5:30 PM,ChIJaQ2fysRRVjARRvB1w3F61iE
Ranong,ก๊อตแอร์,"32, 19, Tambon Khao Niwet, เมือง, Ranong 85000, Thailand",+66 86 954 4534,,,Open · Closes 5 PM,ChIJ4YDQYIFPVjARz4lUeDzPjA4
Ranong,Ranong Grandprix Air and Sound,"23, 10 จัดสรรพัฒนา, Tambon Bang Rin, Mueang Ranong District, Ranong 85000, Thailand",+66 86 344 3848,4.6,21,Open · Closes 5 PM,ChIJUWPXwz5QVjAR27LzYxgjnqE
Ranong,พงศกรแอร์,"Chaloem Phrakiat, Bang Rin, Mueang Ranong District, Ranong 85000, Thailand",+66 81 979 3477,,,Open · Closes 5 PM,ChIJA_TGvsxRVjARzTRI3CPBVrE
Ranong,หนุ่ม แอร์ รถยนต์,"Tambon Khao Niwet, Amphoe Mueang Ranong, Chang Wat Ranong 85000, Thailand",+66 84 629 1222,4.4,5,Open now,ChIJR_sf2i1QVjARY_KLXzyBQPY
Ranong,ร้าน บอยแอร์,"13, 293, Khao Niwet, Mueang Ranong District, Ranong 85000, Thailand",+66 77 811 725,,,Open · Closes 5:30 PM,ChIJ46SjqodPVjARFJaoSJY7jgU
Ranong,เฮงแอร์,"เลขที่ 306/8, ถนน ท่าเมือง, Khao Niwet, Mueang Ranong District, Ranong 85000, Thailand",+66 64 398 9235,,,Open now,ChIJ8a_fgFhRVjAR07vXPwh_IJA
Ranong,ภักดีเครื่องเย็น(เจ๊ต้อย),"86/160 ม.2, ต.บางนอน อ.เมือง, Mueang, Ranong 85000, Thailand",+66 89 866 3469,4.2,9,Open · Closes 5:30 PM,ChIJcZS_AH9PVjARO3QJ51kaj0A
Ranong,ยงยุทธใดนาโมระนอง,"ใต้สะพานลอยโลตัสระนอง, Phet Kasem Rd, Bang Rin, Mueang Ranong District, Ranong 85000, Thailand",+66 88 294 1639,3,2,Open · Closes 5 PM,ChIJN7Mi9xtRVjARrJulzySHT24
Ranong,A.One ประดับยนต์ ระนอง,"72, 37 หมู่5 ถ. สะพานปลา, Bang Rin, เมือง, Ranong 85000, Thailand",+66 81 537 9578,4.7,6,Open · Closes 5 PM,ChIJ40q6P8BRVjAR_4s5HcXLcEY
Chumphon,ล้างแอร์​ชุมพร​ 499,"Unnamed Road, Khun Krathing, Mueang Chumphon District, Chumphon 86190, Thailand",+66 93 715 1664,5,2,Open · Closes 5 PM,ChIJ7_jMOx8BVjARntBFO1mWRfM
Chumphon,ร้านอภิชาติการไฟฟ้าแอนด์แอร์สาขา2 แอร์บ้านราคาถูกสุด,"107/8 หมู่ ถ.ชุมพร-ปากน้ำ, Bang Mak, เมือง, Chumphon 86000, Thailand",+66 85 797 2870,5,4,Open · Closes 5 PM,ChIJz0LdDlNV_zARearLoT8FCJo
Chumphon,JS-ONE Air and Sound (เจเอสวัน แอร์แอนด์ซาวด์),"Wang Phai, Mueang Chumphon District, Chumphon 86000, Thailand",+66 83 969 7789,5,6,Open · Closes 5 PM,ChIJT1VVVZWq-DARAhbbnWHgTOE
Chumphon,ล้างแอร์ชุมพรวารินทร์แอร์,"วังไผ่, 124/7 (บ้านสวยพาโชค, เมือง, Chumphon 86000, Thailand",+66 65 550 8935,5,3,Open · Closes 6:30 PM,ChIJD_IRbEur-DARGm8ymDs5I-k
Chumphon,ดรุณออโต้แอร์,"66 98, Wang Phai, เมือง, Chumphon 86190, Thailand",+66 87 104 6705,5,2,Open · Closes 5 PM,ChIJd-NPol-r-DAR1Lhs5M-Up_M
Chumphon,ร้านช่างดิวแอร์บ้าน,"1, เมือง, Chumphon 86000, Thailand",+66 83 437 4512,5,2,Open · Closes 7 PM,ChIJ-7LJQgABVjAR4dDReCvgDAA
Chumphon,สมเกียรติแอร์ โดยช่างต้น แอร์บ้านชุมพรถูกที่สุด,"28, 3, Tambon Saphli, Pathio District, Chumphon 86230, Thailand",+66 93 760 0438,4.9,48,Open 24 hours,ChIJw6lDItNT_zARvY0VfHV9rgE
Chumphon,ร้านธนพัตแอร์ ปากน้ำชุมพร,"385/8 ถนนนรทุษฐ์มรรคา, Pak Nam, Mueang Chumphon District, Chumphon 86120, Thailand",+66 62 098 2669,4.8,4,Open · Closes 7 PM,ChIJ1WwpYQD_VTARlMOk0Jhn_Ws
Chumphon,ร้าน ทองอยู่เซอร์วิส รับซ่อมแอร์ ล้างแอร์ ติดตั้งแอร์ทุกชนิด,"G4GG+FR, Wang Phai, Mueang Chumphon District, Chumphon 86000, Thailand",+66 64 269 3952,5,18,Open · Closes 8 PM,ChIJ4YVlRwCr-DAR4GhkKQQZHGc
Chumphon,จำหน่าย-ซ่อม แอร์ เครื่องทำความเย็น ทรัพย์ธนวิบูลย์,"Na Cha-ang, Mueang Chumphon District, Chumphon 86000, Thailand",,5,1,Open 24 hours,ChIJSVxcXgBV_zARAslVYIX99-I
Chumphon,เมืองแอร์หนองใหญ่,"G5RQ+PFR, Bang Luek, Mueang Chumphon District, Chumphon 86000, Thailand",+66 99 801 1641,4.4,8,Open · Closes 5 PM,ChIJp-hZXi2r-DAR2bEUkDZ8c3k
Chumphon,ร้าน ท.ทรัพย์แอนด์เซอร์วิส,"99 23, Na Cha-ang, Mueang Chumphon District, Chumphon 86000, Thailand",+66 83 644 4307,5,1,Open · Closes 6 PM,ChIJ5Smu57RV_zARu819Vj5s5ao
Chumphon,บจก.กรกนกแอร์,"224, 13 ม.5ต, Na Thung, อ.เมือง, Chumphon 86000, Thailand",+66 81 632 7919,5,1,Open · Closes 6 PM,ChIJn04PDV-r-DARrmOhisaOJeg
Chumphon,ศรีโรจน์อะไหล่แอร์ รถยนต์ (ชุมพร),"235, 17 ม.1 ถ.ชุมพร - ระนอง, Wang Phai, Mueang Chumphon District, Chumphon 86000, Thailand",+66 81 438 4539,5,1,Open · Closes 6 PM,ChIJIccL7lyr-DAR7J_-TpVllUk
Chumphon,ร้านสุรินทร์แอร์ ซ่อมแอร์รถยนต์,"G43M+989, 327, Wang Phai, Mueang Chumphon District, Chumphon 86000, Thailand",+66 62 964 4456,5,19,,ChIJw_fNQW-q-DARj7PljPzGiH4
Chumphon,ร้านจารุแอร์ โดยนายจารุ รุโจปการ,"247, 23 ถนนชุมพร-ระนอง, Tambon Wang Phai, อำเภอเมือง, Chumphon 86000, Thailand",+66 77 501 780,5,3,Open · Closes 5 PM,ChIJd5TAB4-q-DARAxe0mqE6ZZk
Chumphon,ร้านบีเอ็มแอร์เซอร์วิส,"G5JC+4W8, Bang Luek, Mueang Chumphon District, Chumphon 86000, Thailand",+66 95 038 8339,,,Open · Closes 8 PM,ChIJYYyAfbOr-DARY57h7AssBfA
Chumphon,มิตร​ แอร์รถบนต์,"177 วังไผ่, Tambon Wang Phai, เมือง, Chumphon 86000, Thailand",+66 93 661 5681,5,4,Open · Closes 5 PM,ChIJx1cHYQCr-DARo9zHVrGPYVI
Chumphon,วุฒิแอร์ หม้อน้ำ,"1 28, Tha Yang, Mueang Chumphon District, Chumphon 86120, Thailand",+66 87 099 9679,4.9,12,Open · Closes 5 PM,ChIJgdIwhz__VTARGXIYXu7ThWQ
Chumphon,Narin Air,"Tambon Ban Na, Amphoe Mueang Chumphon, Chang Wat Chumphon 86190, Thailand",+66 81 477 2479,4.8,4,Open · Closes 5:30 PM,ChIJU79t_hOq-DAR_dVpnG2pp7w
Songkhla,ร้านชาติเจริญเเอร์สงขลา,"224/1 ม.3 ต.เกาะเเต้ว อ.เมือง เกาะเเต้ว, เมือง, Songkhla 90000, Thailand",+66 89 462 1357,4.8,13,Open · Closes 6 PM,ChIJXSZzeNzTsjERnF3YV_WoIrA
Songkhla,พุฒิชัยแอร์ แอนด์ เซอร์วิส,"92, 92 หมู่ 10 Kanjanavanich Rd, Khao Rup Chang, Mueang Songkhla District, Songkhla 90000, Thailand",+66 74 558 320,4.3,7,Open · Closes 5 PM,ChIJkcN90LwyTTAR8-h8R1kG1oY
Songkhla,ร้านรุ่งเรืองทรัพย์แอร์แอนด์เซอร์วิส,"Mosque, 160 46 Soi Santi Suk, Phawong, Mueang Songkhla District, Songkhla 90100, Thailand",+66 93 578 3642,5,15,Open · Closes 7 PM,ChIJ389qfLktTTARJgh8zeAqQNs
Songkhla,ไชยชนะแอร์ อิเล็คทริคส์,"18, 2 สถิตย์พัฒนา, Tambon Sathing Mo, Singhanakhon District, Songkhla 90280, Thailand",+66 74 331 844,5,1,Open · Closes 5 PM,ChIJDwPeno4zTTARfCVxYWuefD8
Songkhla,ร้านทวีทรัพย์แอร์,"43, บ่อยาง, 2 ถ Rat-Uthis 1, Tambon Bo Yang, เมือง, Songkhla 90000, Thailand",+66 62 919 5986,5,1,Open · Closes 5 PM,ChIJ3693od4yTTAR9X4Rhu03PiI
Songkhla,ร้านชัยเจริญแอร์บ้าน,"144/13, Phawong, Mueang Songkhla District, Songkhla 90100, Thailand",+66 80 053 0322,4,4,Open · Closes 8 PM,ChIJo27vjdYzTTAR7mmP57Hdq0c
Songkhla,สงขลาแอร์แอนด์อิเล็คทริกเซอร์วิส,"491 Nakhonnok St, Tambon Bo Yang, Mueang Songkhla District, Songkhla 90000, Thailand",+66 94 587 3795,,,Open · Closes 6 PM,ChIJOwWj7R4zTTARBygeC3yOmwI
Songkhla,นนท์ เซอร์วิส สงขลา,"63, 225 หมู่ 10, Khao Rup Chang, เมือง, Songkhla 90000, Thailand",+66 84 212 2178,5,8,Open · Closes 5:30 PM,ChIJ0ykYJi8zTTAR0RKdq4IiARg
Songkhla,แอร์ สงขลาอิเจียเนียริ่ง,"5J59+F56, Khao Rup Chang, Mueang Songkhla District, Songkhla 90000, Thailand",,5,1,Open · Closes 6 PM,ChIJ5xcnmrQyTTARqPYtRLzpUnM
Songkhla,พีเอสแอร์ ซัพพลาย แอนด์ เซอร์วิส,"เลขที่ 621 Saiburi Rd, Tambon Bo Yang, Mueang Songkhla District, Songkhla 90000, Thailand",+66 81 099 1163,4,2,Open · Closes 5 PM,ChIJJ_YUo_czTTAREhL6uOKghbo
Songkhla,ร้านอภิสิทธิ์แอร์ แอนด์ เซอร์วิส,"82 101, Khao Rup Chang, Mueang Songkhla District, Songkhla 90000, Thailand",+66 80 540 4161,3.9,9,Open · Closes 5 PM,ChIJKxUKbKkyTTARvTTotGne8jQ
Songkhla,เจเจเจ แอร์ยนต์ ระบบแอร์รถยนต์,"541, 1 Nakhonnok St, Bo Yang, Mueang Songkhla District, Songkhla 90000, Thailand",+66 85 355 3591,5,12,Open · Closes 5:30 PM,ChIJ-05Vx9YzTTARcnkDC45h_jU
Songkhla,ร้านเบิร์ด อิเล็คทริค แอร์,"39/29, Mueang Songkhla District, Songkhla 90000, Thailand",+66 62 091 5356,,,Open · Closes 6 PM,ChIJvV-0k5YzTTARxnmKEPTaBzY
Songkhla,Kao Saen Air,"513 Saiburi Rd, Tambon Bo Yang, Mueang Songkhla District, Songkhla 90330, Thailand",+66 83 538 8112,4.8,4,Open · Closes 5 PM,ChIJu4G-zSEzTTARzJiyagWQdk4
Songkhla,นันทศักดิ์ แอร์,"388 Rat-Uthis 1, Tambon Bo Yang, Mueang Songkhla District, Songkhla 90000, Thailand",+66 74 322 468,4.8,5,,ChIJCygIbdsyTTARgRcuWLCPKiU
Songkhla,เอเซอร์วิส ล้างแอร์ ซ่อมเครื่องใช้ไฟฟ้า,"49, 1, Tambon Nam Noi, Hat Yai District, Songkhla 90110, Thailand",+66 99 918 4368,5,2,Open · Closes 5 PM,ChIJ9yUQMIctTTARxoNvP4inR2A
Songkhla,หจก อุทัยแอร์ การช่าง,"242/10 ม.1 เขารูปช้าง, เมือง, Songkhla 90000, Thailand",+66 89 876 6976,4,2,Open · Closes 5 PM,ChIJWRHLVUIzTTARqggn0o3zuws
Songkhla,ร้าน สุรินทร์แอร์,"143/105, ตำบลเขารูปช้าง อำเภอเมือง จังหวัดสงขลา, 90000, 90000, Thailand",+66 81 272 7518,5,1,,ChIJ-XA-qLoyTTAR7q64fifK7U8
Songkhla,ทองทิพย์แอร์ไฟฟ้าเซอร์วิส สงขลา,"145, 79 หมู่ที่ 8 ถนนสามสิบเมตร, Khao Rup Chang, Mueang Songkhla District, Songkhla 90000, Thailand",+66 74 437 869,3.8,24,Open · Closes 6 PM,ChIJxVE-AVPNsjERTLIECrLJbkc
Songkhla,ร้านเป็นเอกแอร์,"148/30​ ม.3​, Kanjanavanich Rd, Phawong, อำเภอ เมือง, Songkhla 90100, Thailand",+66 81 436 5487,5,5,Open · Closes 6 PM,ChIJMzEwaOYvTTARQ6FyPk6HqkI
Satun,ร้านสมาร์ทคอล แอร์ซัพพลาย,"30/15, Phiman, Satun 91000, Thailand",+66 89 733 5657,5,1,Open · Closes 6 PM,ChIJucHhAg6NTDARu2EgVRZn2Jo
Satun,เจ.เอ็น.แอร์,"Unnamed Road, Khuan Khan, Mueang Satun District, Satun 91000, Thailand",+66 95 001 8071,5,1,Open 24 hours,ChIJk-rtOsCNTDARrGmG-PNgEcs
Satun,สตูลแอร์ Satun Air,"J3XF+5VH, 1136, Khlong Khut, Mueang Satun District, Satun 91000, Thailand",+66 89 736 0025,4.5,8,Open · Closes 5 PM,ChIJwfG0nqzyTDARGaMGrpe19oE
Satun,ร้านเอสทีอะไหล่แอร์,"29 ม .4 ต เก ตรี อ เมือง, Satun 91140, Thailand",+66 93 582 8179,4.9,13,Open 24 hours,ChIJIWsqs5vyTDAR-3yD5knVon0
Satun,แอร์สตูล,"พิมาน​, 143 / 3 Ruangritjaroon Rd, Tambon Phiman, เมือง​, Satun 91000, Thailand",+66 87 468 2151,5,6,Open · Closes 5 PM,ChIJDV_CC-2NTDARjggxXFY9Tdw
Satun,TPM Air,"716 หมู่ 7 ถนนยนตรการกำธร, Khlong Khut, Mueang Satun District, Satun 91000, Thailand",+66 80 257 5654,4.6,11,Open · Closes 5:30 PM,ChIJe6u5KVuNTDARf4feKMewL5g
Satun,รายาการแอร์,"302, 30, Tambon Ban Khuan, เมือง, Satun 91140, Thailand",+66 88 755 3008,4.8,5,Open · Closes 5 PM,ChIJi1jO5GTzTDARzZMPa3Mykso
Satun,ร้านนันธวัฒน์แอร์ แอนด์ เซอร์วิส สตูล BY ช่างอัน,"เลขที่ 321 หมู่ 6 หมู่บ้าน หน้าเมือง, ถนน ยนตรการกำธร, Khlong Khut, Mueang Satun District, Satun 91000, Thailand",+66 99 359 3055,4.5,8,Open 24 hours,ChIJfb3Y1OnzTDAR3eH3KScZay8
Satun,ศรชัยแอร์,"15 พิมาน, Tambon Phiman, เมือง, Satun 91000, Thailand",+66 80 059 3215,5,1,Open · Closes 6 PM,ChIJW5mkUACNTDARZicO-mHt_tc
Satun,เอสทีอะไหล่แอร์ แอนด์ พาร์ท 2008,"1, Ban Khuan, Mueang Satun District, Satun 91140, Thailand",+66 81 277 4159,5,7,Open · Closes 5 PM,ChIJKSxSHQDzTDAR9bquXKoBpsI
Satun,"โกอู๋ การไฟฟ้า ช่างแอร์ ช่างไฟฟ้า ซ่อมเครื่องใช้ไฟฟ้า ติดตั้ง,ล้าง,ซ่อมแอร์ครบวงจร","38 Sulakanukoon 1 Alley, Tambon Phiman, Mueang Satun District, Satun 91000, Thailand",+66 62 018 3885,5,1,Open · Closes 6:30 PM,ChIJvx7xDZCNTDAR7FEkOzhQuk4
Satun,สยามชัยเซอร์วิส สาขาสตูล,"30, 22-25 Satun Thani Rd, ต.พิมาน Mueang Satun District, Satun 91000, Thailand",+66 65 719 4840,5,57,Open · Closes 8 PM,ChIJr-z3K5ONTDARFn8hpmAqBWY
Satun,หจก.ซีเค แอร์เซ็นเตอร์,"657/1, เมือง, Satun 91000, Thailand",,,,Open · Closes 5 PM,ChIJEU1ayjyNTDARtIJwyQ-qUrs
Satun,ร้านปาวีรา มินิมาร์ท,"122 หมู่ 3, Ban Khuan, Mueang Satun District, Satun 91140, Thailand",+66 82 820 9113,3.7,19,Open · Closes 9 PM,ChIJLbFX7GfyTDARviAs7TpAuxI
Satun,รับติดตั้งแอร์ ซ่อมแอร์ ซ่อมเครื่องใช้ไฟฟ้า บริษัท ทรัพย์แอร์เซอร์วิส,"325 หมู่8 Rat Uthit Alley, Phiman, เมือง, Satun 91000, Thailand",+66 83 824 8490,,,Open · Closes 6 PM,ChIJQclA-xONTDARYcWlv-k3iTY
Satun,รายาการแอร์ โดยนางสาวฝาตีม๊ะ ระโซะโซะ,"128 ถนนยนตรการกำธร, อำเภอเมือง Amphoe Mueang Satun, Satun 91140, Thailand",+66 74 736 413,,,,ChIJ78JBLm_yTDAREiS45hYtDdI
Satun,(engineering เครื่องเย็น).รับซ่อมอุปกรณ์.ตู้เย็น.ตู้แช่.ตู้ฟิต.ปั๊มน้ำ.เครื่องซักผ้า.ไมโครเวฟ.ซ่อมแอร์,"สำนักสงฆ์, 243 หมู่ 4 ซอย. สนามยิงปืนเก่า ก่อนถึง, Khuan Khan, เมือง, Satun 91000, Thailand",+66 86 334 2988,5,4,Open 24 hours,ChIJM5XlUomNTDARx5AJO9la8Tc
Satun,P.S อะไหล่แอร์รถยนต์,"บ้านเลขที่ 1017 หมู่ที่ 7, Khlong Khut, Mueang Satun District, Satun 91000, Thailand",+66 82 429 2262,,,Open · Closes 8 PM,ChIJAbo-WACNTDAR--mxzk2xumA
Satun,ณรงค์แอร์สตูล แอร์รถยนต์ ทุกชนิด,"บ้านโคกประดู่(ทางเข้าปอดเนาะแสงประทีป)ร้าน, อยู่ฝั่งตะวันออก, Tambon Chalung, เมือง, Satun 91140, Thailand",+66 92 991 3267,5,1,Open · Closes 5 AM Sat,ChIJ3Tf1pu_xTDARg1Mmck24D0o
Satun,Premsuk Garage,"พิมาน, 79/17 Sulakanukoon, Mueang Satun District, Satun 91000, Thailand",+66 90 074 9581,5,4,Open · Closes 5 PM,ChIJkTifLgCNTDARB9Z3iWvmqoY
Trang,ร้านแอร์ตรัง ล้างแอร์ ช่างทิตย์,"165, 1, Tambon Ban Pho, เมือง, Trang 92000, Thailand",+66 99 081 8530,5,28,Open 24 hours,ChIJjQTOjpq2NAoRGz-RWG72Fss
Trang,ช่างแอม แอร์บ้าน จ.ตรัง,"บางรัก, 5/39, Mueang Trang District, Trang 92000, Thailand",+66 89 978 7364,5,46,Open 24 hours,ChIJw-lBU3yNTTAR9WDbdMdznKc
Trang,ไฮ-ไฟ แอร์ แอนด์ เซอร์วิส,"433/2 ถ.กันตัง, 7 Kantang Rd, ทับเที่ยง Mueang Trang District, Trang 92000, Thailand",+66 99 313 6208,5,4,Open · Closes 5:30 PM,ChIJtWLgB6mNTTARAYRU0FOqpwY
Trang,ร้านตรังไพศาลแอร์เซ็นเตอร์,"143, 1-2 Hwy 4046, Tambon Thap Thiang, Mueang Trang District, Trang 92000, Thailand",+66 75 216 991,4.2,15,Open · Closes 6:30 PM,ChIJLbiQUUWMTTARspL-kTLaF7Q
Trang,ตรังอะไหล่แอร์,"419, 5 Kantang Rd, Tambon Thap Thiang, เมือง, Trang 92000, Thailand",+66 86 593 3727,5,20,Open · Closes 5:30 PM,ChIJrRbwAzKNTTARyoIKIIctL6s
Trang,D.D. แอร์ & เซอร์วิส บริการซ่อมและล้างแอร์,"16 Hwy 4046, Tambon Thap Thiang, Mueang Trang District, Trang 92000, Thailand",+66 91 529 3469,4,2,Open · Closes 6 PM,ChIJMY83jk-MTTARWoiMu7y1P4Y
Trang,SV. แอร์,"Wang Tor Rd, Tambon Thap Thiang, Mueang Trang District, Trang 92000, Thailand",+66 94 282 7997,4.7,28,Open · Closes 6 PM,ChIJiZsInkyMTTAROd7nitDd_MQ
Trang,Quick Air ตรัง,"99, 125 Ratsada Road, Tambon Thap Thiang, Mueang Trang District, Trang 92000, Thailand",+66 86 476 3364,5,11,Open · Closes 5 PM,ChIJb_T0T_qNTTARJJ5LqRVF5cY
Trang,ร้านเอกสิทธิ์ตรังแอร์ ร้านขายเครื่องปรับอากาศ,"เลขที่ 254, 256 ถนน ห้วยยอด 19, Tambon Na Ta Luang, Mueang Trang District, Trang 92000, Thailand",+66 75 222 455,5,3,Open · Closes 5 PM,ChIJC4PRqWONTTARBm_QKHY4Yq0
Trang,ร้านทับเที่ยงแอร์,"GJR3+VJ3, Thap Thiang, Mueang Trang District, Trang 92000, Thailand",+66 89 648 9993,5,3,Open · Closes 5:30 PM,ChIJ__9rcrGNTTARzqvg3GeCuBY
Trang,ร้านไซเคิลแอร์แอนด์เซอร์วิส,"GJWF+RJQ, Tambon Thap Thiang, Mueang Trang District, Trang 92000, Thailand",+66 61 242 1674,5,1,Open · Closes 6 PM,ChIJ3WhmvtKNTTARGKbylf_fRGs
Trang,ร้าน วิชัยแอร์,"98 ถนนพระรามหกซอย, Tambon Thap Thiang, Mueang Trang District, Chang Wat Trang 92000, Thailand",+66 75 219 035,1,1,Open · Closes 6 PM,ChIJNZjFFkmMTTAR7gpKasHX_6s
Trang,อุดมเซอร์วิสแอร์,"Phloen Phithak, Na Ta Luang, Mueang Trang District, Trang 92000, Thailand",+66 81 085 0469,5,2,Open · Closes 5 PM,ChIJbbZTCmqMTTARipnuMDqwu74
Trang,ห้างหุ้นส่วนจำกัด ทีพีแอร์ ซัพพลาย,"43/12 ซอย 9 ถนนรัษฎา, Mueang Trang District, Trang 92000, Thailand",+66 75 218 199,,,Open · Closes 6:30 PM,ChIJwd0DsjWMTTAR1jcTTgTlcNw
Trang,รัตนศิลป์ตรัง ร้านแอร์รถยนต์ตรัง,"30, Ban Khuan, เมือง, Trang 92000, Thailand",+66 89 474 2711,4.8,13,Open · Closes 5 PM,ChIJi_WTzVSPTTARXWIbrjrUhYw
Trang,ตรังอุปกรณ์แอร์ จำหน่ายอะไหล่แอร์รถยนต์ ทุกชนิด ทุกยี่ห้อ,"65 Visadekul Alley, Tambon Thap Thiang, เมือง, Trang 92000, Thailand",+66 89 724 5070,5,1,Open · Closes 5 PM,ChIJrd2BnmuMTTARanv_Ng8fo_M
Trang,ประดิษฐ์ออโต้เเอร์,"Thap Thiang, Mueang Trang District, Trang 92000, Thailand",+66 87 272 0696,4.6,13,Open · Closes 5 PM,ChIJy3xd57aNTTARarPb61lgsEY
Trang,บจก.ตรังสุนทรแอร์เทรดดิ้ง กรุ๊ป,"230 Phet Kasem Rd, Tambon Na Ta Luang, เมือง, Trang 92000, Thailand",+66 75 219 301,4.5,6,Open · Closes 6 PM,ChIJU_2PZGuMTTAR57r3iwoLRLo
Trang,วาสินตรัง ค้าส่งแอร์,"1/50, Mueang Trang District, Trang 92000, Thailand",,,,Open · Closes 5 PM,ChIJ4-q4AXaNTTAReU6BVNcBBVc
Trang,ณัฐพลแอร์,"HM7W+86Q, Phet Kasem Rd, Na Yong Nuea, Na Yong District, Trang 92170, Thailand",+66 83 522 1661,5,2,Open · Closes 5 PM,ChIJC8fDKpePTTARZEBt9UQUazY
Phatthalung,หจก.เอ็น​ เจ​ แอร์​ ซัพพลาย,"252/3, เมือง, Phatthalung 93000, Thailand",+66 86 554 8872,4.5,2,Open · Closes 6 PM,ChIJGfGngN59TTAR9hRMPWVAb4k
Phatthalung,ขายแอร์พร้อมติดตั้ง พัทลุง - ร้านอายออมแอร์,"24, 3 5, Tha Miram, Mueang Phatthalung District, Phatthalung 93000, Thailand",+66 88 363 3671,4.1,14,Open · Closes 6 PM,ChIJSfD2W7h9TTAR47Slg6JvUa0
Phatthalung,ร้านนุกูลแอร์ สาขาใหม่,"202, Tha Miram, อ.เมือง, Phatthalung 93000, Thailand",+66 89 878 0436,4.8,13,Open · Closes 5 PM,ChIJfSsH-Ch9TTARByM8vonbWF0
Phatthalung,ปิยพงษ์แอร์&เซอร์วิส,"J349+9W8, Khuha Sawan, Mueang Phatthalung District, Phatthalung 93000, Thailand",+66 98 032 2648,4,4,Open · Closes 5:30 PM,ChIJxf2OnMh8TTARGXQ-aFZon4U
Phatthalung,อรุณแอร์,"20 เอเซียพัทลุง-นครฯ, Khuha Sawan, Mueang Phatthalung District, Phatthalung 93000, Thailand",+66 75 623 175,,,Open · Closes 6 PM,ChIJVVVVVdF8TTAR_bE_eOOreDE
Phatthalung,ร้านเอสทีอะไหล่แอร์ สาขาพัทลุง,"J338+RCJ, Unnamed Road, Khuha Sawan, Mueang Phatthalung District, Phatthalung 93000, Thailand",+66 94 565 8315,5,3,Open · Closes 5 PM,ChIJb1wBJW59TTARrWE8pEOwlMQ
Phatthalung,ร้านปิยเดชแอร์,"47 หมู่ 7, ถนนเอเชีย, ตำบลโตนดด้วน อำเภอควนขนุน จังหวัดพัทลุง, 93110, Thailand",+66 81 609 3234,5,1,Open · Closes 5 PM,ChIJg1sdALSDUjARDc4-3XuNZmg
Phatthalung,ร้าน บ.การช่าง ร้านแอร์ควนขนุน,"52, Tambon Phanom Wang, Khuan Khanun District, Phatthalung 93110, Thailand",+66 84 631 7127,4.7,6,,ChIJAW7I4l-DUjARmjl28AnzQhY
Phatthalung,ร้านนายช่างบี แอร์ 1992,"1 Rames Rd, Khuha Sawan, Mueang Phatthalung District, Phatthalung 93000, Thailand",+66 83 399 3980,5,1,Open · Closes 5 PM,ChIJSSo5maZ9TTARQDm3SFUvVOU
Phatthalung,สยามเครื่องเย็น ซ่อมแอร์รถยนต์,"35 คูหาสวรรค์, Tambon Khuha Sawan, เมือง, Phatthalung 93000, Thailand",+66 81 478 3641,4.4,13,Open · Closes 5 PM,ChIJJW7DGuF9TTAR9B6UVVZZhPg
Phatthalung,ส.เครื่องเย็นพัทลุง ซ่อมแอร์รถทุกชนิด,"98 คูหาสวรรค์, Tambon Khuha Sawan, เมือง, Phatthalung 93000, Thailand",+66 81 990 1500,4.5,13,Open · Closes 5 PM,ChIJjTE8ruh8TTARKUWtcvkS9qY
Phatthalung,ไกจิน ซ่อมแอร์รถยนต์ พัทลุง,"188 ชุมพล, 4, Tambon Chumphon, Srinagarindra District, Phatthalung 93000, Thailand",+66 92 843 2778,4.9,7,Open · Closes 8 PM,ChIJN9BsaNh5TTARwprJjx4z44E
Phatthalung,ร้านอรุณแอร์ โดยนายอรุณ มุขตา,"50, อำเภอเมือง Mueang Phatthalung District, Phatthalung 93000, Thailand",+66 74 613 920,4.5,2,,ChIJeSW8p8R8TTARB9381iTGUnc
Phatthalung,ร้านบายพาสแอร์,"301, Tambon Khuan Maphrao, อ.เมือง, Phatthalung 93000, Thailand",,,,Open · Closes 6 PM,ChIJGd_kUgBjTTARHxf6sQqAl6g
Phatthalung,ร้าน ช.เจริญเครื่องเย็น,"81 ม.4 ต, Na Thom, อ.เมือง, Phatthalung 93000, Thailand",+66 74 610 599,4.4,10,Open · Closes 5 PM,ChIJJ5gVMEV9TTAR4tgVpw-9q-k
Phatthalung,พัทลุง T.P. แอร์,"148 ม.4, Phraek Ha, Khuan Khanun District, Phatthalung 93110, Thailand",+66 85 671 1848,,,Open · Closes 8 PM,ChIJ8TaJMX19TTARBRBbc3GT5Uw
Phatthalung,สำแดง ไดนาโม แอร์,"Tambon Khao Chiak, Amphoe Muang Phatthalung, Chang Wat Phatthalung 93000, Thailand",,5,2,Open · Closes 5 PM,ChIJh0GTMe98TTAREffAx0Q79vg
Phatthalung,ร้านทักษิณแอร์,"22/2, ถนนช่วยทุกขราษฎร์, ตำบลคูหาสวรรค์ อำเภอเมืองพัทลุง จังหวัดพัทลุง, 93000, 93000, Thailand",+66 74 612 500,1,1,Open · Closes 6 PM,ChIJ1y6FEtd8TTAR9wG1NPH34PE
Phatthalung,กล้องวงจรปิดพัทลุง หจก.เอ็มที เอ็นจิเนียร์ริ่งแอนด์เซอร์วิส 2019,"405, 2, Tamnan, Mueang Phatthalung District, Phatthalung 93000, Thailand",+66 96 261 6949,5,3,Open · Closes 5:30 PM,ChIJ3Wgyw7l9TTARxHqyl5v5w58
Phatthalung,ช่างคง ไดนาโมแอร์,"194/5 ม.6 Phet Kasem Rd, Tha Miram, Mueang Phatthalung District, Phatthalung 93000, Thailand",+66 63 085 6580,5,1,Open 24 hours,ChIJf5sHCIN7TTARfdUXWQmtZuM
Pattani,อรุณแอร์ ปัตตานี,"288, 13 ถนนปากน้ำ ซอย 23, Rusamilae, เมือง, Pattani 94000, Thailand",+66 81 541 7335,4,16,Open · Closes 5 PM,ChIJ2_qealgBszERMrhAjvj8q30
Pattani,ร้านแอร์ปัตตานี พีทีเอ็น แอร์เซอร์วิส,"98, 2 ถ. นาเกลือ, Bana, Mueang Pattani District, Pattani 94000, Thailand",+66 84 999 9703,5,3,Open · Closes 5 PM,ChIJtcSYjY4BszERHgXV6oBmTEk
Pattani,ร้านพลเจริญแอร์,"V6JW+HC8, Rusamilae, Mueang Pattani District, Pattani 94000, Thailand",+66 83 186 6091,5,7,Open · Closes 6 PM,ChIJDz2Ld_sDszERFwOYKCM0wHU
Pattani,จีแอนด์จีเจริญแอร์เซอร์วิส,"21, Yaring District, Pattani 94150, Thailand",+66 61 364 0573,5,1,Open · Closes 6:30 PM,ChIJV7Qi_FWpszERLpUhmF5xF-0
Pattani,ร้านแอร์บ้าน อิคลาส ปัตตานี,"R675+MXQ, Ko Po, Nong Chik District, Pattani 94170, Thailand",+66 93 645 1217,5,1,Open 24 hours,ChIJZWRcSQAFszERKiqYhI93bTU
Pattani,วีระแอร์ปัตตานี - ซ่อมรถยนต์ ซ่อมแอร์รถยนต์,"Ramkomut Rd, Anoru, Mueang Pattani District, Pattani 94000, Thailand",+66 81 478 7325,4.4,45,Open · Closes 5 PM,ChIJN-cMPxIHszER0YADU2-Bfxo
Pattani,อาร์ท ช่างแอร์ปัตตานี,"11, 1, Sano, Yarang District, Pattani 94160, Thailand",+66 93 273 9886,4.8,12,Closed · Opens 8:30 AM Sat,ChIJe_bLNSYHszERhiQXwlX_swE
Pattani,ร้านโจ้เจริญกิจแอร์,"21/3 ถนนปากน้ำ(หน้าปากน้ำซอย1, ถนน สะบารัง, เมือง, Pattani 94000, Thailand",+66 89 296 6908,4.5,4,Open · Closes 5 PM,ChIJ9fDXIiwBszERTEuI2VuiDIM
Pattani,ร้านแอร์บัณฑิตย์ฯ,"148, 240 ถนนสามัคคีสาย ข, Rusamilae, Mueang Pattani District, Pattani 94000, Thailand",+66 61 725 4363,5,2,Open · Closes 5 PM,ChIJp30yG_wDszERC-XKGwyp9hY
Pattani,ช่างแอร์ปัตตานี ต้อมแอร์เซอร์วิสปัตตานี,"6, I, 38, Rusamilae, Mueang Pattani District, Pattani 94000, Thailand",+66 99 309 0740,5,7,Open · Closes 6 PM,ChIJOzu7Ox8HszERRK1p9-Qw0d0
Pattani,ร้านบ่อทองแอร์ ไฟฟ้า,"171, 1, Tambon Bo Thong, Nong Chik District, Pattani 94170, Thailand",+66 61 619 4451,5,2,Open · Closes 5 PM,ChIJNaXlKyQbszERLvNmCnMKTio
Pattani,ร้านไสวแอร์แอนด์เซอร์วิส,"165, 1, Bana, Mueang Pattani District, Pattani 94000, Thailand",+66 93 774 7981,4,2,Open · Closes 5 PM,ChIJw1g73WMBszER89iMBOabszs
Pattani,ช่างแอร์ปัตตานีริฟเซอร์วิส,"V7R6+7GC, Bana, Mueang Pattani District, Pattani 94000, Thailand",,4.5,2,,ChIJEfU-6JIBszERIclTNCWF2G8
Pattani,ร้านแอร์ ปัตตานี(หนูนา),"13 2, Rusamilae, เมือง, Pattani 94000, Thailand",+66 98 679 9071,,,Open · Closes 5 PM,ChIJn8Mvi8AFszERyfX2naStuXQ
Pattani,ช่างแอร์ปัตตานี มะ เซอร์วิส,"43/3, เมือง, Pattani 94000, Thailand",+66 93 000 6013,5,5,Closed · Opens 8:30 AM Sat,ChIJV3w4wYQFszERCsNovfjleC8
Pattani,ร้านจาน​ดาวเทียม​ปัตตานี​ ไฟบ้าน แอร์​ กล้อง​วงจรปิด,"66, Lipasango, Nong Chik District, Pattani 94170, Thailand",+66 65 358 8007,5,32,Open · Closes 5 PM,ChIJMdz_OAAFszERfei4W2mw5gs
Pattani,เติมหัวเชื้อแอร์รถยนต์ (auto-aircon oil additive service),"ถนนสามัคคีสาย ข ซอย 5, Rusamilae, Mueang Pattani District, Pattani 94000, Thailand",+66 81 839 1626,4.7,14,Open · Closes 5 PM,ChIJn2nHVK4DszERdeQXsKGHHos
Pattani,ไฮเรศเครื่องเย็น - ซ่อมแอร์รถยนต์,"54/6 ถนนกะลาพอ, Tambon Anoru, อำเภอเมือง, Pattani 94000, Thailand",+66 73 349 746,4.5,2,Open · Closes 5 PM,ChIJs_7BjKAGszERKPysWYiGbM4
Pattani,เทคนิคแอร์เชอร์วิสปัตตานี,"162/59, เมือง, Pattani 94000, Thailand",+66 93 582 2764,5,1,Open · Closes 5 PM,ChIJQTXeQaYBszERQm2_pbELfNw
Pattani,เขย แอร์เซอร์วิส,"ถนนปากน้ำ ซอย 21, Sabarang, Mueang Pattani District, Pattani 94000, Thailand",+66 98 085 1958,,,Open · Closes 6 PM,ChIJGwjXFgABszERcgnJ6V_pfCg
Yala,ร้านปัญญาแอร์ยะลา,"H72H+9W9, 239 Siroros Rd, Tambon Sateng, Mueang Yala District, Yala 95000, Thailand",+66 73 214 360,4.7,23,Open · Closes 5:30 PM,ChIJOxa6Ezx0szERVFB52q8FI0I
Yala,ร้านแอร์ยะลา เดอะลีเจ้นท์,"ตือเบาะ, ซอยแยนาบริหาร, Tambon Sateng, Mueang Yala District, Yala 95000, Thailand",+66 83 903 7035,5,8,Open 24 hours,ChIJ-8gsyqt1szERserMNl1CGmg
Yala,ร้าน ธีระออโต้แอร์-ไฟฟ้า,"52 Chaicharat Rd, Tambon Sateng, Mueang Yala District, Yala 95000, Thailand",+66 73 214 101,5,1,Open · Closes 7:15 PM,ChIJAQAAACR0szERFttQ-Cn5H7s
Yala,ร้านยะลาแอร์ YALA AIR,"257, 32 Sukhayang Rd, Tambon Sateng, Mueang Yala District, Yala 95000, Thailand",+66 80 546 7636,5,7,Open · Closes 5 PM,ChIJFfbGOrN3szERGUBZT2HkXIc
Yala,ปิ่นแก้วแอร์เซอร์วิส,"990 ถนน ผังเมือง 4, Tambon Sateng, Mueang Yala District, Yala 95000, Thailand",+66 73 222 043,4.8,11,Open · Closes 6 PM,ChIJ0aSar_t1szERtKad7Dvb0NM
Yala,Prajuab Air,"144, 73 ถนนผังเมือง 4 ซอย 12, Tambon Sateng, Mueang Yala District, Yala 95000, Thailand",+66 73 212 684,4.8,4,Closed · Opens 1 PM,ChIJffvcwSl0szERsC_5Zeo96CI
Yala,ร้าน บ้านแอร์,"G7PP+9P9, ถนน ผังเมือง 4, Tambon Sateng, Mueang Yala District, Yala 95000, Thailand",+66 81 599 7595,3,1,Open · Closes 5:30 PM,ChIJtTSlqYJ2szERZ_0HRVL_zxA
Yala,ร้านเชตเตอร์แอร์ ยะลา,"79/4 ถนน มุสลิมบำรุง, Tambon Sateng, เมือง, Yala 95000, Thailand",+66 81 133 4014,4.6,5,Closed · Opens 9 AM Sat,ChIJV9-IGCR1szERsoPVh3UpE3M
Yala,ตู่ 108 air ยะลา,"15 ซ, 4 ถ.เทศบาล1, Tambon Sateng, เมือง, Yala 95000, Thailand",+66 95 040 3997,5,1,Open now,ChIJ-bnxviJ0szER8qGMQ2fg0jQ
Yala,ร้าน คเชนทร์แอร์ แอนด์ เซอร์วิส,"ค่ายสิรินธร, Tambon Khao Tum, Yarang District, Pattani 94160, Thailand",+66 80 705 6407,,,Open · Closes 7 PM,ChIJaWwgDUZ1szERgoDxCEh7QRQ
Yala,ช่างแอร์ยะลา,"54, 172, Sateng Nok, Mueang Yala District, Yala 95000, Thailand",+66 80 615 2941,5,1,Open · Closes 5 PM,ChIJ0znmXQB3szERSENvi-w_Ukk
Yala,255 แอร์,"427/1 Siroros Rd, Sateng, Mueang Yala District, Yala 95000, Thailand",+66 73 255 255,,,Open · Closes 5 PM,ChIJjUQtWzx0szER6GXhgldoi0U
Yala,ร้าน ลุตฟี แอร์เซอร์วิส​ ช่างแอร์​ยะลา,"243, 101 ม.12, Tambon Sateng, Mueang Yala District, Yala 95000, Thailand",+66 89 975 4151,4.7,3,Closed · Opens 8 AM Sat,ChIJW-3Fywh3szERg4L0xxwbuuw
Yala,ร้าน เอ เอ แอร์ ห้าแยก ยะลา,"48 ถนน ผังเมือง 2, Tambon Sateng, Mueang Yala District, Yala 95000, Thailand",+66 89 466 8142,4.6,8,Closed · Opens 8:30 AM Sat,ChIJLylsqm11szERoebk4Pxo9xs
Yala,ร้านสันติแอร์ จ.ยะลา,"33 Siroros Rd, Tambon Sateng, Mueang Yala District, Yala 95000, Thailand",+66 88 505 3144,4.3,26,Open · Closes 5 PM,ChIJXyYdkUB1szERVNgyVXceXgI
Yala,รุจดีแอร์,"F9CV+6QJ, 4066, Kayuboko, Raman District, Yala 95140, Thailand",+66 85 722 2488,4.6,13,Closed · Opens 9 AM Sat,ChIJ0anomvidszERkR0BopZpLvw
Yala,ร้านแอร์เซอร์วิสยะลา,"Tambon Sateng, Amphoe Mueang Yala, Chang Wat Yala 95000, Thailand",+66 95 315 2619,5,1,Closed · Opens 8 AM Sat,ChIJscYSKSl0szERSyLruYnaNo4
Yala,ร้าน Slow Service Air ช่างแอร์ยะลา,"18 ซ. แสนสุข, Sateng, เมือง, Yala 95009, Thailand",+66 65 482 5855,5,3,Closed · Opens 8:30 AM Sat,ChIJkYyoyoh1szERbJNn7TAvNQA
Yala,เกรียงไกร แอร์,"H72F+962, 409, Sateng, Mueang Yala District, Yala 95000, Thailand",+66 81 990 3221,5,1,Open · Closes 6 PM,ChIJOchqaBZ0szERUjtH1J5jLTA
Yala,ยศวินแอร์เซอร์วิส,"51 ถนน ผังเมือง 4 ซอย 24, Sateng, Mueang Yala District, Yala 95000, Thailand",+66 88 264 3528,5,3,Open · Closes 5 PM,ChIJ_R_gjZJ1szERls5ybn2CtTU
Narathiwat,ร้าน ฟิตแอร์ เซอร์วิส นราธิวาส,"183 Rangaemunka Rd, Bang Nak, Mueang Narathiwat District, Narathiwat 96000, Thailand",+66 98 027 7784,4.7,33,Open 24 hours,ChIJFVVVVRXxszER2GlK5cCz6Fw
Narathiwat,ร้านเพื่อนแอร์ เซอร์วิส​​ นราธิวาส,"16 Sopapisai Rd, Bang Nak, Mueang Narathiwat District, Narathiwat 96000, Thailand",+66 73 511 113,4.5,11,Open · Closes 5 PM,ChIJaxC3xt_xszERhEPGloeDu00
Narathiwat,ร้าน บีเอฟแอร์ ช่างลี,"260, 2, Lahan, Yi-ngo District, Narathiwat 96180, Thailand",+66 91 849 9076,4.8,6,Open · Closes 5 PM,ChIJMw1q_BzzszERRIYgAvDSjK4
Narathiwat,FD แอร์รถยนต์,"35 6, Lam Phu, Mueang Narathiwat District, Narathiwat 96000, Thailand",+66 63 596 6377,5,17,Open · Closes 6 PM,ChIJfRrFsIjxszERK-6VLuvYwqs
Narathiwat,ร้านชุมแอร์ นราธิวาส,"300, 27 ม.7 Sopapisai Rd, Tambon Khok Khian, Mueang Narathiwat District, Narathiwat 96000, Thailand",+66 90 290 9454,4.5,16,Open · Closes 5 PM,ChIJ20T1gRvuszERXlqtiF1P2Zk
Narathiwat,หจก.แกรนด์อีเล็คทริค แอร์เซอร์วิส,"2/2 1, ซอย อดุลตานนท์ 6, Bang Nak, Narathiwat, Thailand",+66 73 514 908,5,1,Open · Closes 6 PM,ChIJdykVIerxszER4LoELMaRn1E
Narathiwat,คลังแอร์ เซอร์วิส นราธิวาส,"CRFH+R56, Bang Nak, Mueang Narathiwat District, Narathiwat 96000, Thailand",+66 89 656 3586,4.3,14,Open · Closes 5 PM,ChIJ1aJ-LW7xszERrUXaWzWw7qI
Narathiwat,ห้างหุ้นส่วนจำกัด พี.เอ็ม.ที.เซ็นเตอร์,"4, 10 ซอยอดุลตานนท์ 1, Bang Nak, Mueang Narathiwat District, Narathiwat 96000, Thailand",+66 73 516 188,,,Open · Closes 5 PM,ChIJN7atT8LxszERFL28MGAO5TY
Narathiwat,บริษัท นราแอร์ เซ็นเตอร์ จำกัด,"197, 2 Sopapisai Rd, Bang Nak, Mueang Narathiwat District, Narathiwat 96000, Thailand",,5,1,,ChIJESJ9KQDvszER_PwZC8epP_w
Narathiwat,บางนราแอร์ - Bangnara Air,"CRH8+P67, Bang Nak, Mueang Narathiwat District, Narathiwat 96000, Thailand",+66 85 232 4133,5,1,Closed · Opens 8 AM Sat,ChIJX9YdZTPxszERcPOdHx1WyyU
Narathiwat,ร้านแกรนด์อีเล็คทริค,"91/25 ถ.ระแงะมรรคา ตำบลบางนาค อำเภอเมือง, Bang Nak, Mueang Narathiwat District, Narathiwat 96000, Thailand",+66 84 748 9417,,,Open · Closes 7 PM,ChIJE2WjJV7xszERnW_V-0Fh0D4
Narathiwat,ร้านครูช่างแอร์รถยนต์นราธิวาส,"3 ถนนบายพาส ตรงข้าม อบ, 8, Kaluwo, Mueang Narathiwat District, Narathiwat 96000, Thailand",+66 97 351 5980,5,28,Open · Closes 5:30 PM,ChIJqxhAgX3xszERKjKj-Iro-_A
Narathiwat,บ้านแอร์เซอร์วิส (สำนักงาน),"1 ถนนบายพาส, Bang Nak, Mueang Narathiwat District, Narathiwat 96000, Thailand",+66 80 710 6961,4,1,Open · Closes 5 PM,ChIJofocUifxszERy-bTM1Y31m8
Narathiwat,ร้านดลนพชัย บริการแอร์ (รถ) เซอร์วิส,"แยกปลักปลา, ร้านดลนพชัย บริการแอร์ (รถ) เซอร์วิส, Suriya Pradit Rd, Lam Phu, Mueang Narathiwat District, Narathiwat 96000, Thailand",+66 83 191 6887,5,2,Open · Closes 6 PM,ChIJdwUI2mLxszERH59MqGmiXgY
Narathiwat,P.M.T.แอร์เซ็นเตอร์,"33/1 ถนนจำรูญนรา, Bang Nak, Mueang Narathiwat District, Narathiwat 96000, Thailand",,,,Open · Closes 5 PM,ChIJZQMKvubxszERJ6WqNPiFNKg
Narathiwat,ร้านประสิทธิ์แอร์,"23 ถ.ระแงะมังคา, Tambon Bang Nak, เมือง, Narathiwat 96000, Thailand",+66 90 179 7881,,,,ChIJO6jVO5nxszERsNvpyDoLnBQ
Narathiwat,ซัน แอร์ & อิเล็กทริคส์ เซอร์วิส,"100, 1, Lubosawo, Bacho District, Narathiwat 96170, Thailand",+66 86 968 6286,,,Closed · Opens 8 AM Sat,ChIJ2fLVHAWTszEReORBKc-aPK0
Narathiwat,ไทร์พลัส เอส.วี.ประดับยนต์,"2/12 ซอยชาญอุทิศ, ถนนชาญอุทิศ, Narathiwat 96000, Thailand",+66 73 516 111,4.9,508,Open · Closes 5 PM,ChIJVVVVVenxszERCiJJqNIvGC0
Narathiwat,นราออโต้แอร์ โดยนายสมพงษ์ จันทรวิศรุต,"319 Phichitbumrung Rd, Bang Nak, Mueang Narathiwat District, Narathiwat 96000, Thailand",+66 73 511 901,3.5,2,,ChIJ4dOzx93xszERN0SdYFZ3kSs
Narathiwat,ร้านยะกังเซอร์วิส(ยะกังแอร์),"200 Rangaemunka Rd, Tambon Bang Nak, เมือง, Narathiwat 96000, Thailand",+66 81 275 3756,,,Open · Closes 5 PM,ChIJ2XURL0fxszERANXNQPHWvLQ