จังหวัด,ชื่อร้าน,เบอร์โทร,ที่อยู่,คะแนน,จำนวนรีวิว,สถานะเปิด-ปิด,โทรแล้ว,หมายเหตุ
Amnat Charoen,ร้านธนทรัพย์แอร์&อิเลคทริค,+66 81 065 2331,"VJPC+CG8, Bung, Mueang Amnat Charoen District, Amnat Charoen 37000, Thailand",5,6,Open · Closes 5:20 PM,,
Amnat Charoen,ไพศาลอำนาจอิเล็คทริค,+66 85 027 1188,"418 Chayangkun Rd, Bung, Mueang Amnat Charoen District, Amnat Charoen 37000, Thailand",5,7,Open · Closes 7 PM,,
Amnat Charoen,ช่างธีร์ แอร์อำนาจเจริญเซอร์วิส,+66 96 394 3999,"9849, Ang Yai, Tambon Non Nam Thaeng, เมือง, Amnat Charoen 37000, Thailand",5,3,Open · Closes 5:30 PM,,
Amnat Charoen,MP.แอร์,+66 88 115 0599,"123 หมู่9, Tambon Bung, Muang Sam Sip District, Ubon Ratchathani 34140, Thailand",5,4,,,
Amnat Charoen,ร้าน เค.เอส.ที่ แอร์บ้าน,+66 84 477 8494,"116 ม.5 Chayangkun Rd, Tambon Bung, อ.เมือง, Amnat Charoen 37000, Thailand",5,2,Open now,,
Amnat Charoen,ยิ้มแอร์แอนด์เซอร์วิส,+66 85 498 6189,"เลขที่ 76/1 หมู่ 4 หมู่บ้าน บุ่ง บุ่ง, Mueang Amnat Charoen District, Amnat Charoen 37000, Thailand",5,1,,,
Amnat Charoen,มงคลเซอร์วิส ช่างแอร์อำนาจเจริญ,+66 86 586 8445,"444 ม.8 บุ่ง, Mueang Amnat Charoen District, Amnat Charoen, Thailand",5,1,Open · Closes 5 PM,,
Amnat Charoen,ร้านดี-คูลซิสเตร็ม,+66 93 559 6597,"801 ม.19 บุ่ง, เมือง, Amnat Charoen 37000, Thailand",4.8,4,Open · Closes 5 PM,,
Amnat Charoen,ร้าน เออาร์ ออโต้แอร์,+66 90 902 1777,"38หมู่8 Chayangkun Rd, Bung, อำเภอ เมือง, Amnat Charoen 37000, Thailand",4.8,5,Open · Closes 5 PM,,
Amnat Charoen,สยามชัยเซอร์วิส สาขาอำนาจเจริญ,+66 63 474 9620,"บุ่ง, 309/16-17, เมือง, Amnat Charoen 37000, Thailand",4.8,69,Open · Closes 7 PM,,
Amnat Charoen,ร้านช่างแป๊ะ ไดนาโม แอร์ แบตเตอรี่,+66 89 630 9997,"201 หมู่15 บุ่ง, เมือง, Amnat Charoen 37000, Thailand",4.7,6,Open · Closes 5 PM,,
Amnat Charoen,เจริญรัตน์ออโต้แอร์ โดยนายเจริญรัตน์ โกศัลวิตร,+66 45 450 136,"337 Chayangkun Rd, Bung, Mueang Amnat Charoen District, Amnat Charoen 37000, Thailand",4.6,8,Open now,,
Amnat Charoen,ร้าน อำนาจเจริญแอร์ 2,+66 85 610 6172,"21 หมู่9 Arunprasert Rd, ตำบลบุ่ง อำเภอเมือง, Amnat Charoen 37210, Thailand",3.7,3,,,
Amnat Charoen,อำนาจเจริญแอร์เซอร์วิส,+66 99 232 3545,"456, Tambon Bung, Mueang Amnat Charoen District, Amnat Charoen 37000, Thailand",,,Open 24 hours,,
Amnat Charoen,ร้านพียิ่งเจริญแอร์ อำนาจเจริญ,+66 89 718 3031,"VMG4+8X2, Bung, Mueang Amnat Charoen District, Amnat Charoen 37000, Thailand",,,Open · Closes 5 PM,,
Amnat Charoen,ล้างแอร์อยุธยา ย้ายและติดตั้ง By Mr.CooL,+66 85 900 7106,"จ.พระนครศรีอยูธยา, 33 หมู่ 9 ต, Tambon Bang Pradaeng, Amphoe Bang Pa-in, 13160, Thailand",,,Open 24 hours,,
Amnat Charoen,โกดังแอร์เซอร์วิส ร้านขายแอร์อำนาจเจริญ,+66 97 330 0690,"37, เมือง, Amnat Charoen 37000, Thailand",,,Open 24 hours,,
Amnat Charoen,ร้านค้านาโศก บริการล้างแอร์ ติดตั้งแอร์บ้าน มือ1 มือ2,+66 61 959 1669,"บ้าน, 171 ม6, Huai Rai, Mueang Amnat Charoen District, Amnat Charoen 37000, Thailand",,,Open · Closes 5:30 PM,,
Ang Thong,ร้าน PT แอร์ แอนด์ เซอร์วิส,+66 86 126 1636,"51, 118, Don Phut, Don Phut District, Saraburi 18210, Thailand",5,1,Open · Closes 9:30 PM,,
Ang Thong,อภิชาติ แอร์ แอนด์ เซอร์วิส,+66 83 880 5846,"43 ม.4, Hua Taphan, Wiset Chai Chan District, Ang Thong 14110, Thailand",5,1,Open · Closes 5:30 PM,,
Ang Thong,ร้านตั้มแม็กแอร์บ้าน,+66 92 906 5634,"70 2, Pa Ngiu, Mueang Ang Thong District, Ang Thong 14000, Thailand",5,1,Open · Closes 5 PM,,
Ang Thong,กุลกิตติ์แอร์,+66 35 611 499,"9/54 หมู่ 2 ตรง ข้าม เรือจำ จ, Sala Daeng, Mueang Ang Thong District, Ang Thong 14000, Thailand",5,6,Open · Closes 4:30 PM,,
Ang Thong,ร้านไบร์ทแอร์,+66 80 330 8515,"100/2 ม.4 ต.ศาลาแดง อ.เมือง, Ang Thong, Thailand",5,1,Open · Closes 5 PM,,
Ang Thong,ร้าน รุ่งเรืองแอร์,+66 85 817 9526,"หมู่ 7 โพธิ์พระยา-ท่าเรือ, 333/6, San Chao Rong Thong, Wiset Chai Chan District, Ang Thong 14110, Thailand",5,1,Open now,,
Ang Thong,แอร์เย็น เซอร์วิส,+66 63 648 0456,"52 หมู่ 5, Phai Cham Sin, Wiset Chai Chan District, Ang Thong 14110, Thailand",5,2,Open 24 hours,,
Ang Thong,อ่างทอง ออโต้แอร์,+66 99 894 1908,"54 309, Bang Kaeo, Mueang Ang Thong District, Ang Thong 14000, Thailand",5,6,Open · Closes 5 PM,,
Ang Thong,ภัทรพร ออโต้แอร์,+66 81 376 1159,"GF58+24C, Bang Pla Kot, Pa Mok District, Ang Thong 14130, Thailand",5,2,Open · Closes 6 PM,,
Ang Thong,ช่างพล แอร์บ้าน ไฟฟ้า จานดาวเทียม,+66 92 753 8618,"2, Phai Cham Sin, Wiset Chai Chan District, Ang Thong 14110, Thailand",5,2,Open · Closes 6 PM,,
Ang Thong,ช่างตี๋ แอร์ ฟิลม์ ป่าโมก,+66 87 364 4322,"114, 2, Tambon Phosa, Mueang Ang Thong District, Ang Thong 14000, Thailand",5,2,Open · Closes 5 PM,,
Ang Thong,ช่างเดี่ยวแอร์รถยนต์อ่างทอง,+66 92 984 7415,"HCCX+R9Q, Ban Hae, Mueang Ang Thong District, Ang Thong 14000, Thailand",5,1,Open · Closes 5 PM,,
Ang Thong,ร้าน ส.รุ่งเรืองกิจ สาขา 2 แอร์บ้าน,+66 82 239 7393,"141, Wiset Chai Chan District, Ang Thong, Thailand",4.8,5,Open · Closes 5 PM,,
Ang Thong,เอส ที เอส ออโต้แอร์,+66 92 336 5319,"Tambon Bang Chak, Amphoe Wiset Chai Chan, Chang Wat Ang Thong 14110, Thailand",4.8,5,Open now,,
Ang Thong,ช้างแอร์รถยนต์,+66 84 642 3866,"80, Sala Daeng, Mueang Ang Thong District, Ang Thong 14000, Thailand",4.5,21,Open · Closes 6 AM Sat,,
Ang Thong,สมชายแอร์ วิเศษ,+66 94 929 9684,"389, 10 San Chao Rong Thong, Tambon San Chao Rong Thong, Wiset Chai Chan District, Ang Thong 14110, Thailand",4.1,7,,,
Ang Thong,Rattanakorn Car Air & Sound,+66 84 131 7399,"HCPR+HMM, Ban Hae, Mueang Ang Thong District, Ang Thong 14000, Thailand",3.9,10,Open · Closes 6 PM,,
Ang Thong,ห้างหุ้นส่วนจำกัดอ๊อดแอร์อ่างทอง,+66 89 800 5488,"133, 6, Phosa, อำเภอเมือง, Ang Thong 14000, Thailand",3.8,5,Open · Closes 5 PM,,
Ang Thong,ร้านพรชัยแอร์,+66 81 299 9539,"74/10 หมู่ 7 อ่างแก้ว, Pho Thong District, Ang Thong 14120, Thailand",,,Open · Closes 5:30 PM,,
Bangkok,Air Bangkok Engineering,+66 2 235 3535,"203 / 2-3 ซอยจอมสมบูรณ์ (ตรอก, Soi Song Phra, Maha Phruttharam, Bang Rak, Bangkok 10500, Thailand",5,122,Open · Closes 5 PM,,
Bangkok,ล้างแอร์มหานาค ป้อมปราบศัตรูพ่าย,+66 89 145 3455,"96 คลองมหานาค, Pom Prap Sattru Phai, 10100, Thailand",5,38,Open · Closes 5 PM,,
Bangkok,ร้านโชคชัยแอร์บ้าน,+66 87 676 7986,"679/3 Soi Lat Phrao 48, Samsen Nok, Huai Khwang, Bangkok 10310, Thailand",4.9,44,Open · Closes 5 PM,,
Bangkok,"Taksin Air & Parts Co.,Ltd.",+66 2 472 1136,"268, 270,272 Somdet Phra Chao Tak Sin Rd, Bang Yi Ruea, Thon Buri, Bangkok 10600, Thailand",4.9,15,Open · Closes 5:30 PM,,
Bangkok,ล้างแอร์ by C A P,+66 94 951 6543,"1178, 113 ซอย พหลโยธิน 32, Khwaeng Sena Nikhom, Khet Chatuchak, Bangkok 10900, Thailand",4.9,68,Open · Closes 5 PM,,
Bangkok,ล้างแอร์ใกล้ฉัน power cool,+66 90 235 3978,"202, 230 รามคำแหง 68, Hua Mak, Bang Kapi, Bangkok 10240, Thailand",4.8,69,Open · Closes 7 PM,,
Bangkok,นพดล รุ่งเจริญชัยโชล่าเชลล์แอร์ เซอร์วิส กรุงเทพมหานคร@เพชรบูรณ์,+66 95 898 5968,"316 Thanon Prahca Rat Sai 1 Soi 36, Bang Sue, Bangkok 10800, Thailand",4.8,193,Open 24 hours,,
Bangkok,ฐาปนีย์ แอร์ เซอร์วิส,+66 2 411 0889,"822 Soi Charan Sanitwong 12, Wat Tha Phra, Bangkok Yai, Bangkok 10600, Thailand",4.8,128,Open · Closes 5 PM,,
Bangkok,ร้านอะไหล่แอร์บ้าน ติดตั้งแอร์ ขายแอร์มือหนึ่ง ล้างแอร์ ซ่อมแอร์ by YOK AIR,+66 85 502 2778,"15 Phet Kasem 48 Alley, Lane 24, Bang Waek, Phasi Charoen, Bangkok 10160, Thailand",4.8,44,Open · Closes 8:30 PM,,
Bangkok,ร้านแอร์บ้าน​เครื่องปรับอากาศ​,+66 82 378 7422,"บางจาก, ซอย พงษ์เวชอนุสรณ์, Phra Khanong Tai, Khet Phra Khanong, Bangkok 10260, Thailand",4.8,23,Open · Closes 7 PM,,
Bangkok,ร้าน99แอร์บ้านราคาถูก รับติดแอร์ ล้างแอร์,+66 87 076 0937,"69 20, Maha Sawat, Bang Kruai District, Nonthaburi 11130, Thailand",4.8,10,Open · Closes 5 PM,,
Bangkok,ล้างแอร์ ซ่อมแอร์ ติดตั้งแอร์ ขายแอร์ มือ1ราคาส่ง ประสบการนาน 10ปี โทรมาด่วน ได้คิว รอไม่นาน คัพ,+66 85 043 9637,"321 Sukhumvit 103 Rd, Bang Na Nuea, Bang Na, Bangkok 10260, Thailand",4.8,355,Open · Closes 8 PM,,
Bangkok,ดีพร้อมแอร์ แอร์บ้านราคาถูก,+66 90 005 0050,"99 Borommaratchachonnani Rd, Sala Thammasop, Thawi Watthana, Bangkok 10170, Thailand",4.8,134,Open · Closes 5:30 PM,,
Bangkok,ร้านศรัณย์เซ็นเตอร์แอร์ ซอยอารีย์,+66 81 658 1456,"3, 9 Soi Phahon Yothin 2, Samsen Nai, Phaya Thai, Bangkok 10400, Thailand",4.7,30,Open · Closes 5:30 PM,,
Bangkok,บริษัท รุ่งเรืองแอร์ จำกัด,+66 2 538 4312,"คลังสินค้า) 20 Satri Witthaya 2 Soi 12, Khwaeng Lat Phrao, Lat Phrao, Bangkok 10230, Thailand",4.7,10,Open · Closes 5 PM,,
Bangkok,บริษัท เอพีแอล แอร์ เซอร์วิส แอนด์ คอนสทรัคชั่น จำกัด,+66 94 392 2399,"Ratchadaphisek Rd, Din Daeng, Bangkok 10900, Thailand",4.7,43,Open · Closes 6 PM,,
Bangkok,บริษัท บี.พี.แอร์เซ็นเตอร์ จำกัด,+66 2 399 1628,"99 ซอย สุขุมวิท 103 (อุดมสุข 42), สุขุมวิท, Bang Na Nuea, Bang Na, Bangkok 10260, Thailand",4.7,12,Open · Closes 5:30 PM,,
Bangkok,C.V. AIR / บจก. ซี.วี. เอ็นจิเนียริ่ง แอนด์ คูลลิ่ง เซอร์วิส,+66 82 457 5521,"305 Phanitchayakanthonburi Rd, Khwaeng Wat Tha Phra, Khet Bangkok Yai, Bangkok 10600, Thailand",4.6,10,Open · Closes 6 PM,,
Bangkok,สวนหลวงแอร์แอนด์เซอร์วิส แอร์บ้านราคาถูก,+66 92 747 0011,"77 ซอย เฉลิมพระเกียรติ ร. 9, Nong Bon, Prawet, Bangkok 10250, Thailand",4.4,85,Open · Closes 5 PM,,
Bangkok,อุดมสุขแอร์ซัพพลาย (อุดมสุขอะไหล่แอร์),+66 2 746 6411,"673 ซอย 41, Sukhumvit 103 Rd, Bang Chak, Phra Khanong, Bangkok 10260, Thailand",4.4,118,Open · Closes 5 PM,,
Bueng Kan,ร้าน ธวัชชัยแอร์เซอร์วิส,+66 88 795 7378,"260 หมู่ 1 วิศิษฐ์, Tambon Wisit, Mueang Bueng Kan District, Bueng Kan 38000, Thailand",5,2,Open · Closes 6 PM,,
Bueng Kan,ร้านนครินทร์ บึงกาฬแอร์,+66 93 217 4641,"27 หมู่1, Non Sombun, Mueang Bueng Kan District, Bueng Kan 38000, Thailand",5,11,Open 24 hours,,
Bueng Kan,เรืองฤทธิ์ การช่าง,+66 62 197 8951,"9M92+JXJ, Wisit, Mueang Bueng Kan District, Bueng Kan 38000, Thailand",5,1,Open · Closes 6 PM,,
Bueng Kan,เรืองฤทธิ์การช่าง หน่องแอร์แอนด์เซอร์วิสจ.บึงกาฬ,+66 62 197 8951,"24, Tambon Wisit, Mueang Bueng Kan District, Bueng Kan 38000, Thailand",5,1,Open · Closes 5 PM,,
Bueng Kan,หจก.แสงตะวัน77(2021),+66 61 862 4261,"118 ม.1 ถนน ไทยสมัคร, Bueng Kan, Mueang Bueng Kan District, Bueng Kan 38000, Thailand",5,83,Open · Closes 5 PM,,
Bueng Kan,ไพศาลประดับยนต์,+66 95 169 6598,"585 หมู่ 7 ถ.บึงกาฬ-หนองคาย, Wisit, Mueang Bueng Kan District, Bueng Kan 38000, Thailand",5,7,Open · Closes 5 PM,,
Bueng Kan,ร้านแอร์-ไฟฟ้าบึงกาฬ โดยร้าน PC แอร์แอนด์เซอร์วิส,+66 95 214 2954,"116/1, เมือง, Bueng Kan 38000, Thailand",4.9,25,Open · Closes 7 PM,,
Bueng Kan,เอสพี แอร์คาร์ เซอร์วิส บึงกาฬ,+66 87 812 1393,"140 หมู่ที่ 8 หมู่บ้าน โนนคำภู, Non Sombun, Mueang Bueng Kan District, Bueng Kan 38000, Thailand",4.6,5,Open · Closes 6 PM,,
Bueng Kan,Spบริการ บึงกาฬ สาขา2,+66 84 348 3473,"Chayangkun Rd, Tambon Bueng Kan, Mueang Bueng Kan District, Bueng Kan 38000, Thailand",4.4,14,Open · Closes 5:30 PM,,
Bueng Kan,ร้านแอร์บึงกาฬ นครินทร์ และ ไฟฟ้า,+66 93 515 4621,"27, Tambon Non Sombun, Mueang Bueng Kan District, Bueng Kan 38000, Thailand",4.2,20,Open · Closes 5 PM,,
Bueng Kan,เดอะริช แอร์รถยนต์,+66 87 998 4410,"180 222, Tambon Bueng Kan, Mueang Bueng Kan District, Chang Wat Bueng Kan 38000, Thailand",3.3,6,Open · Closes 5 PM,,
Bueng Kan,ร้านโชคอนีนต์แอร์,+66 81 694 6568,"580, Wisit, อ.เมือง, Bueng Kan 38000, Thailand",,,Open · Closes 5:30 PM,,
Bueng Kan,บีแอร์ไฟฟ้า จำหน่ายติดตั้งเครื่องใช้ไฟฟ้าครบวงจร,+66 98 212 8308,"223 ม.9 ต.บึงกาฬ อ.บึงกาฬ, เมือง, Bueng Kan 38000, Thailand",,,Open 24 hours,,
Bueng Kan,ร้านแม่โจ้แอร์เซอร์วิส จังหวัดบึงกาฬ,+66 99 553 5915,"119 ม.13, Mueang Bueng Kan District, Bueng Kan 38000, Thailand",,,Open 24 hours,,
Bueng Kan,โบ๊ท ไฟฟ้า & แอร์เซอร์วิส,+66 86 411 5798,"108, Tambon Khok Kong, Mueang Bueng Kan District, Bueng Kan 38000, Thailand",,,Open · Closes 5 PM,,
Bueng Kan,กอล์ฟแอร์เซอร์วิส,+66 98 119 1422,"9, Wisit, Mueang Bueng Kan District, Bueng Kan, Thailand",,,Open · Closes 6 PM,,
Bueng Kan,ซ่อมแอร์รถยนต์,+66 86 226 2213,"9JX2+QJW, Wisit, Amphoe Mueang Bueng Kan, Bueng Kan 38000, Thailand",,,,,
Bueng Kan,พีเอส แอร์เซอร์วิส,+66 81 254 6478,"414, 1, Tambon Bueng Kan, Mueang Bueng Kan District, Bueng Kan 38000, Thailand",,,Closed · Opens 8 AM Sat,,
Buriram,กิม อิเลคทริคแอร์ 1983,+66 85 256 7166,"173/2-4/1-2 ถนน Buriram - Phutthaisong, Tambon Nai Mueang, Mueang Buri Ram District, Buri Ram 31000, Thailand",5,1,,,
Buriram,ช่างแอร์บุรีรัมย์​ ร้านแอร์บุรีรัมย์,+66 81 361 4008,"89 ต.อิสาณ อ.เมือง, 11​ ม.1, Tambon Isan, เมือง, Buri Ram 31000, Thailand",5,10,Open 24 hours,,
Buriram,"ช่างแอร์บุรีรัมย์ ติดตั้ง,ซ่อม,ล้าง เครื่องปรับอากาศ",+66 94 704 8511,"ชุมเห็ด, Tambon Nai Mueang, เมือง, Buri Ram 31000, Thailand",5,13,Open 24 hours,,
Buriram,ร้านบุญมีแอร์&อิเล็กทริค (ช่างมะเดี่ยว) ช่างแอร์บุรีรัมย์,+66 82 239 9416,"113, Nong Tat, เมือง, Buri Ram 31000, Thailand",5,1,Open · Closes 5 PM,,
Buriram,กิมแอร์ 2,+66 85 105 8815,"142, 14 15, Isan, Mueang Buri Ram District, Buri Ram 31000, Thailand",5,6,Open · Closes 5 PM,,
Buriram,AR AIR SERVICE แอร์บ้านบุรีรัมย์,+66 97 339 4114,"215 บ้านปรุ, 2, Ban Bua, Mueang Buri Ram District, Buri Ram 31000, Thailand",5,3,Open · Closes 6 PM,,
Buriram,ช่างแอร์บุรีรัมย์ ร้านขายแอร์บุรีรัมย์ ซ่อมแอร์บุรีรัมย์ ช่างล้างแอร์บุรีรัมย์,+66 81 361 4008,"48/15 แสนสุข ซอย5 ถ.อินจันทร์ณรงค์ ต.ในเมือง อ.เมือง, ในเมือง เมือง, Buri Ram 31000, Thailand",5,6,Open 24 hours,,
Buriram,แจ๊คออโต้แอร์&ซาว,+66 83 727 2868,"247P+54X, 219, Tambon Isan, Mueang Buri Ram District, Buri Ram 31000, Thailand",5,1,Open · Closes 6 PM,,
Buriram,แอป ติดตั้งแอร์ ล้างแอร์,+66 92 431 6976,"38 หมู่11, Huai Rat District, Buri Ram 31000, Thailand",5,1,,,
Buriram,สมส่วนออโต้แอร์,+66 83 966 4421,"142, 68-69 Niwas Rd, Nai Mueang, เมือง, Buri Ram 31000, Thailand",5,7,Open · Closes 5 PM,,
Buriram,ชัยแอร์,+66 62 806 3443,"X3GC+R8P, บุรีรัมย์ - นางรอง, Ban Bua, Mueang Buri Ram District, Buri Ram 31000, Thailand",5,3,Open · Closes 5 PM,,
Buriram,SP Autoparts Buriram,+66 44 666 881,"203 หมู่ 9, ต.อิสาณ เมือง, Buri Ram 31000, Thailand",4.9,29,Open · Closes 5 AM Sat,,
Buriram,ช่างแอร์บุรีรัมย์ ร้านทิพศรเซอร์วิส,+66 86 873 1587,"155, Tambon Isan, Mueang Buri Ram District, Buri Ram 31000, Thailand",4.7,23,Open · Closes 5 PM,,
Buriram,Kp air buriram แอร์บ้านปลีก-ส่ง ราคาถูกในบุรีรัมย์,+66 98 569 9590,"599, 5-6 ถนน จิระนครซอย 5, ในเมือง Mueang Buri Ram District, Buri Ram 31000, Thailand",4.5,24,Open · Closes 6 PM,,
Buriram,ร้านสกลรัตน์แอร์บ้านบุรีรัมย์,+66 88 884 9352,"24H7+326, 288, Tambon Chum Het, Mueang Buri Ram District, Buri Ram 31000, Thailand",4.5,2,,,
Buriram,กิมอิเลคทริคแอร์,+66 85 256 7166,"31, 14-15 Lak Muang Rd, Nai Mueang, Mueang Buri Ram District, Buri Ram 31000, Thailand",4.2,22,Open · Closes 5 PM,,
Buriram,มินธาดา แซท แอนด์ แอร์,+66 81 977 0289,"402/12-14 ม .10 ต อิ สาณ อ เมือง, Buri Ram, Thailand",4,6,Open · Closes 6 PM,,
Buriram,ร้าน แอร์ซัพพลายแอนด์เซอร์วิส,+66 86 871 1906,"ต, 123 บ้านสถานี, Nong Tat, อ.เมือง, Buri Ram 31000, Thailand",4,1,Open · Closes 5 PM,,
Buriram,ร้าน สหภัสอะไหล่แอร์ แอนด์ เซอร์วิส,+66 44 601 034,"1/57-58, รถไฟ 31000, Nahsathani Rd, Nai Mueang, Mueang Buri Ram District, Buri Ram 31000, Thailand",3.6,19,Open · Closes 6 PM,,
Chachoengsao,นิรุทแอร์แอนด์เซอร์วิส,+66 61 893 5162,"ถนน พิมพาวาส, Phimpha, Bang Pakong District, Chachoengsao 24180, Thailand",5,4,Open · Closes 5 PM,,
Chachoengsao,บ้านรักษ์แอร์แปดริ้ว,+66 99 505 4445,"51 5, ต.โสธร อ.เมือง, Chachoengsao 24000, Thailand",5,2,Open · Closes 7 PM,,
Chachoengsao,เอิร์ธแอร์&ไฟฟ้าเซอร์วิช24ช.ม,+66 81 131 6293,"วังตะเคียน, 152/6 ถนนสุวินทวงศ์ ต.หน้าเมือง อ.เมือง, เมือง, Chachoengsao 24000, Thailand",5,5,Open 24 hours,,
Chachoengsao,แอร์ดีดี ทีซีแอร์,+66 89 660 0191,"29, แปลงยาว Plaeng Yao District, Chachoengsao 24190, Thailand",5,2,Open · Closes 5 PM,,
Chachoengsao,สุทธิ แอร์บ้าน,+66 86 013 2209,"663/4 Thanon Sukprayun, Tambon Na Muang, Mueang Chachoengsao District, Chachoengsao 24000, Thailand",5,6,Open · Closes 5 PM,,
Chachoengsao,เดชาแอร์แอนด์ซาวด์,+66 83 915 2954,"9 7, Sanam Chan, Ban Pho, Chachoengsao 24140, Thailand",5,26,Open · Closes 6 PM,,
Chachoengsao,แพรแอร์บ้านเซอร์วิส/ซ่อม/ย้าย/ติดตั้งใหม่/ล้างเครื่องซักผ้า/ซ่อมเครื่องซักผ้า/บางบ่อ บางเสาธง บางพลี บางปะกง,+66 84 384 6221,"46 พิมพา, Tambon Phimpha, Bang Pakong District, Chachoengsao 24180, Thailand",5,8,Open · Closes 8 PM,,
Chachoengsao,ร้านยอดแอร์,+66 85 093 7526,"PWXP+XGX, Unnamed Road, Khlong Luang Phaeng, Mueang Chachoengsao District, Chachoengsao 24000, Thailand",5,2,Open 24 hours,,
Chachoengsao,ร้าน ประสิทธิ์ แอร์,+66 85 090 2875,"326 ถ ซอย, Na Mueang, Mueang Chachoengsao District, Chachoengsao 24000, Thailand",5,1,Open · Closes 5 PM,,
Chachoengsao,ร้าน แปดริ้ว แอร์เซอร์วิส,+66 66 157 3483,"409, 4 Soi Prachasan, Na Mueang, Mueang Chachoengsao District, Chachoengsao 24000, Thailand",4.9,46,Open · Closes 3 PM,,
Chachoengsao,ปิยวัฒน์อะไหล่แอร์ฉะเชิงเทรา | จำหน่ายเครื่องปรับอากาศ | อะไหล่แอร์และอุปกรณ์ทำความเย็น | ติดตั้ง-ย้าย-ล้าง,+66 82 354 9896,"323, 1 Chachoengsao - Bangpakong Rd, Na Mueang, Mueang Chachoengsao District, Chachoengsao 24000, Thailand",4.9,18,Open · Closes 5:30 PM,,
Chachoengsao,ร้าน อนันต์ แอร์,+66 82 460 5232,"P6W5+X8J, Pak Nam, Bang Khla District, Chachoengsao 24110, Thailand",4.8,12,Open · Closes 10 PM,,
Chachoengsao,ร้าน รุ่งเจริญแอร์,+66 86 141 9028,"241 Thanon Sukprayun, Na Mueang, Mueang Chachoengsao District, Chang Wat Chachoengsao 24000, Thailand",4.5,2,Open · Closes 6 PM,,
Chachoengsao,บริษัท เคเคซี แอร์ พาร์ท แอนด์ เซอร์วิส จำกัด,+66 86 844 4322,"56, 3, Tambon Khlong Chuk Krachoe, Mueang Chachoengsao District, Chachoengsao 24000, Thailand",4.5,38,Open · Closes 5 PM,,
Chachoengsao,อมรแอร์แปดริ้ว,+66 89 211 0761,"9/1/13 Thanon Sisothon That Mai, Na Mueang, Mueang Chachoengsao District, Chachoengsao 24000, Thailand",4.4,52,Open · Closes 5:30 AM Sat,,
Chachoengsao,ร้าน อ.เจริญแอร์,+66 38 827 321,"21, 15-16 ถนน Bang Khla-Plaeng Yao Alley, Bang Khla, Bang Khla District, Chachoengsao 24110, Thailand",4.3,9,Open · Closes 6:30 PM,,
Chachoengsao,ร้านเย็นดีแอร์ เซอร์วิส,+66 85 805 1505,"37/6 หมู่ 1, ตำบล เสม็ด Bang Khla District, Chachoengsao 24110, Thailand",4.1,7,Open 24 hours,,
Chachoengsao,ห้างหุ้นส่วนจำกัด เสียงชัยแอร์,+66 38 514 249,"4 ถนน Thanon Suan Somdet, Na Mueang, Mueang Chachoengsao District, Chachoengsao 24000, Thailand",4,4,Open · Closes 6 PM,,
Chachoengsao,เอส.ที.แอร์ ฉะเชิงเทรา,+66 38 814 595,"78 Thanon Suan Somdet, Na Mueang, Mueang Chachoengsao District, Chachoengsao 24000, Thailand",3.3,7,Open · Closes 7 PM,,
Chai Nat,โกดังแอร์ชัยนาท จำหน่ายแอร์ราคาส่งทุกยี่ห้อ,+66 90 324 9514,"78, 2, Ban Kluai, Mueang Chai Nat District, Chai Nat 17000, Thailand",5,19,Open · Closes 6 PM,,
Chai Nat,ณภัทรแอร์,+66 82 178 5522,"6532+25J, 476, Ban Kluai, Mueang Chai Nat District, Chai Nat 17000, Thailand",5,2,Open · Closes 6 PM,,
Chai Nat,ถาวรออโต้แอร์ จ.ชัยนาท,+66 94 910 8885,"900, Ban Kluai, เมือง, Chai Nat 17000, Thailand",5,1,Open · Closes 5:30 PM,,
Chai Nat,ร้านภีระวัฒน์แอร์,+66 85 107 8556,"3, Chai Nat, เมือง, Chai Nat 17000, Thailand",5,1,Open · Closes 5 PM,,
Chai Nat,สยามชัยเซอร์วิส สาขาชัยนาท,+66 63 474 2477,"29, 31 ถ Wongto, ต.ในเมือง Mueang Chai Nat District, Chai Nat 17000, Thailand",5,36,Open · Closes 7 PM,,
Chai Nat,อภิรักษ์แอร์รถยนต์/อัดสายไฮดรอลิคชัยนาท ผู้จัดจำหน่ายสายไฮดรอลิคยี่ห้อบริดสโตนแท้,+66 85 727 9025,"720-721 ม.4 ต.บ้านกล้วย อ.เมือง, บ้านกล้วย เมือง, Chai Nat 17000, Thailand",4.9,20,Open · Closes 5 PM,,
Chai Nat,อ.แดง แอร์รถยนต์,+66 89 644 3629,"54XV+47G, Khao Tha Phra, Mueang Chai Nat District, Chai Nat 17000, Thailand",4.9,36,Open now,,
Chai Nat,บริษัท เมเจอร์เเอร์ จำกัด,+66 81 972 2299,"54PJ+CW5, Nai Muang, Mueang Chai Nat District, Chai Nat 17000, Thailand",4.8,11,Open · Closes 6 PM,,
Chai Nat,ติดตั้ง ล้างเติมน้ำยาแอร์ รถยนต์ ร้านวิชัยแอร์,+66 80 059 6042,"354หมู่5 Phahonyothin Rd, Ban Kluai, Mueang Chai Nat District, Chai Nat 17000, Thailand",4.7,3,Open · Closes 5 PM,,
Chai Nat,ร้าน สรรคบุรีแอร์,+66 81 727 7328,"402, Ban Kluai, Mueang Chai Nat District, Chai Nat 17000, Thailand",4.6,34,Open · Closes 5 PM,,
Chai Nat,ร้าน พบช่างเครื่องเย็น,+66 82 246 0683,"223/11 ติดการไฟฟ้า, พบช่างเครื่องเย็น, Phahonyothin Rd, Ban Kluai, Mueang Chai Nat District, Chai Nat 17000, Thailand",4.6,10,Open · Closes 5 PM,,
Chai Nat,สุนทรแอร์แอนด์ซาวด์,+66 94 593 9598,"319, Ban Kluai, Mueang Chai Nat District, Chai Nat 17000, Thailand",4.6,12,Open · Closes 5:30 PM,,
Chai Nat,นรินทร์เครื่องเย็น,+66 82 942 2609,"225 Phahonyothin Rd, Khao Tha Phra, Mueang Chai Nat District, Chai Nat 17000, Thailand",4.2,24,Open · Closes 5 PM,,
Chai Nat,ร้าน​ ช่างแอ้ม​ แอร์ ไฟฟ้า & เซอร์วิส ชัยนาท,+66 80 721 1745,"บ้านเลขที่ 27, Nang Lu, Mueang Chai Nat District, Chai Nat 17000, Thailand",,,Open · Closes 8 PM,,
Chai Nat,กรกิจแอร์เซอร์วิส,+66 81 391 6165,"46WV+V3H, 311, Sapphaya, Sapphaya District, Chai Nat 17150, Thailand",,,Open · Closes 5 PM,,
Chai Nat,เอ๋ เจริญแอร์ ชัยนาท,+66 91 287 8055,"423, Tambon Khao Tha Phra, เมือง, Chai Nat 17000, Thailand",,,Open · Closes 6 PM,,
Chaiyaphum,บอสแอร์เซอร์วิสชัยภูมิ,+66 95 146 1960,"182 หนองไผ่, Tambon Nong Phai, Mueang Chaiyaphum District, Chaiyaphum 36240, Thailand",5,12,Open 24 hours,,
Chaiyaphum,"ที.บี.แอร์แอนด์อีเล็คทริค,T.B.AIR & ELECTRIC",+66 65 313 3087,"271/6 ม.7, บ้านเล่า Mueang Chaiyaphum District, Chaiyaphum 36000, Thailand",5,1,Open · Closes 7 PM,,
Chaiyaphum,สุเมฆแอร์บ้านแอนด์เซอร์วิส,+66 61 393 8093,"151/7 ถนน พญาแล, Nai Mueang, Mueang Chaiyaphum District, Chaiyaphum 36000, Thailand",5,25,Open · Closes 5 PM,,
Chaiyaphum,พันธ์เจริญแอร์ ชัยภูมิ,+66 89 491 5944,"ชย.3055, Nai Mueang, Mueang Chaiyaphum District, Chaiyaphum 36000, Thailand",5,1,Open · Closes 6 PM,,
Chaiyaphum,ร้านพัชรินทร์แอร์บ้าน,+66 80 414 8307,"179, 3, Na Fai, เมือง, Chaiyaphum 36000, Thailand",5,2,Open · Closes 5 PM,,
Chaiyaphum,ทีโอเอ็น แอร์เอ็นจิเนียริ่ง แอนด์เซอร์วิส,+66 80 474 5333,"21/176 ซ.2/2, 2, ต.ในเมือง อ.เมือง, Chaiyaphum 36000, Thailand",5,1,Open · Closes 5 PM,,
Chaiyaphum,ไพศาลแอร์ แอนด์เซอร์วิส,+66 83 675 5017,"45/10 ม .2 ต ใน เมือง อ, Mueang Chaiyaphum District, 36000, Thailand",5,2,Open · Closes 5:30 PM,,
Chaiyaphum,Mat Air,+66 81 709 2290,"40/5-7 ถนน ชัยภูมิ - สีคิ้ว, Nai Mueang, Mueang Chaiyaphum District, Chaiyaphum 36000, Thailand",5,2,Open · Closes 5 PM,,
Chaiyaphum,Weerachart Air,+66 81 073 1795,"Q28F+2WP, Nong Na Saeng, Mueang Chaiyaphum District, Chaiyaphum 36000, Thailand",5,1,,,
Chaiyaphum,ร้านอนวัชแอร์,+66 88 711 8809,"QWMV+F4C, 225, Chi Long, Mueang Chaiyaphum District, Chaiyaphum 36000, Thailand",5,1,Open · Closes 5 PM,,
Chaiyaphum,บุลากรอะไหล่แอร์รถยนต์ (สาขาชัยภูมิ),+66 87 300 4028,"18, 16 ถนน ชัยภูมิ - สีคิ้ว, ในเมือง Mueang Chaiyaphum District, Chang Wat Chaiyaphum 36000, Thailand",5,3,Open · Closes 5 PM,,
Chaiyaphum,NS AIR - ซ่อมแอร์รถยนต์ชัยภูมิ,+66 81 691 9145,"249 ห.2 ต.โพนทอง บ.โพนทอง, Phon Thong, Mueang Chaiyaphum District, Chaiyaphum 36000, Thailand",4.9,33,Open · Closes 5:30 PM,,
Chaiyaphum,Pichai Air,+66 44 822 439,"Q2WC+PXC, 225, Nai Mueang, Mueang Chaiyaphum District, Chaiyaphum 36000, Thailand",4.4,5,Open · Closes 6 PM,,
Chaiyaphum,ธานินทร์ อีเล็คทริค เวิลด์ แอร์ ทีวี ตู้เย็น เครื่องซักผ้า ชัยภูมิ,+66 44 821 333,"14/26-30 หมู่ที่ 6, เมือง, Chaiyaphum 36000, Thailand",4.4,35,Open · Closes 6 PM,,
Chaiyaphum,ร้านบาสแอร์,+66 81 955 5987,"เลขที่ 314-318, ต.ในเมือง Mueang Chaiyaphum District, Chaiyaphum 36000, Thailand",4,1,Open now,,
Chaiyaphum,ขายแอร์ ชัยภูมิ - ที วาย เทรดดิ้ง,+66 86 465 7383,"479/5ก. Non Muang Rd, Nai Mueang, Mueang Chaiyaphum District, Chaiyaphum 36000, Thailand",3.8,5,Open · Closes 5:30 PM,,
Chaiyaphum,อะไหล่แอร์บ้านชัยภูมิ,+66 83 722 2877,"555, 16 ถนน ชัยภูมิ - สีคิ้ว, Nong Na Saeng, Mueang Chaiyaphum District, Chaiyaphum 36000, Thailand",3.7,3,Open · Closes 5:30 PM,,
Chaiyaphum,ร้านอรรถพลแอร์ ชัยภูมิ,+66 81 492 7204,"391 Chai Prasit Rd, Nai Mueang, Mueang Chaiyaphum District, Chaiyaphum 36000, Thailand",,,Open · Closes 5 PM,,
Chaiyaphum,ห้างหุ้นส่วนจำกัด ชัยภูมิแอร์ แอนด์ เซอร์วิส,+66 44 811 019,"349/3 East St, Nai Mueang, Mueang Chaiyaphum District, Chaiyaphum 36000, Thailand",,,Open · Closes 6 PM,,
Chanthaburi,โมเดิร์นแอร์ซิตี้จันทบุรี แอร์บ้าน บริการครบวงจร,+66 62 449 1747,"941/1 ตลาด, เมือง, Chanthaburi 22000, Thailand",5,213,Open · Closes 7 PM,,
Chanthaburi,Somchai Air Car Service,+66 82 343 5755,"416/1-2 Sukhumvit Rd, Phlap Phla, Mueang Chanthaburi District, Chanthaburi 22000, Thailand",5,24,Open now,,
Chanthaburi,กุ้งแอร์แอนด์เซอร์วิส,+66 88 767 4271,"Ko Khwang, Mueang Chanthaburi District, Chanthaburi 22000, Thailand",5,7,Open · Closes 5 PM,,
Chanthaburi,โอ๋แอร์บ้าน จันทบุรี,+66 98 524 6178,"50/619 หมู่5, Tha Chang, เมือง, Chanthaburi 22000, Thailand",5,3,Open 24 hours,,
Chanthaburi,ช่างเหนือแอร์แอนด์เซอร์วิส,+66 98 583 6788,"7/11 ซ.1, เมือง, Chanthaburi 22000, Thailand",5,13,Open · Closes 5 PM,,
Chanthaburi,ช่างแบงค์ แอร์บ้านจันทบุรี,+66 92 995 1531,"88 ซอยคลอดหลอด, 112 หมู่10 ท่าช้าง, Tambon Talat, เมือง, Chanthaburi 22000, Thailand",5,11,Open · Closes 5 PM,,
Chanthaburi,ร้านเย็นทรัพย์ ออโต้แอร์จันทบุรี,+66 80 099 3614,"85, 15 ม.2, ต.ท่าช้าง อ.เมือง, Chanthaburi 22000, Thailand",5,1,Open · Closes 5 PM,,
Chanthaburi,จินดาแอร์ แอนด์ ซาวด์,+66 39 312 657,"12/5 สฤษดิ์เดช, Tambon Wat Mai, Amphoe Mueang Chanthaburi, Chanthaburi 22000, Thailand",5,1,Open now,,
Chanthaburi,ช่างนิคเซอร์วิส ตู้แช่และแอร์บ้าน,+66 95 525 5966,"พลับพลา, 69/15-16, เมือง, Chanthaburi 22000, Thailand",4.9,10,Open · Closes 8 PM,,
Chanthaburi,GOLD ARROW PRODUCT LTD.,+66 39 498 660,"45/18 หมู่ที่ 12, ต.ท่าช้าง, Mueang Chanthaburi District, Chanthaburi 22000, Thailand",4.9,74,Open · Closes 6 PM,,
Chanthaburi,AC แอร์รถยนต์,+66 91 009 4567,"29, 18 Yan Wirot Rd, Chanthanimit, Mueang Chanthaburi District, Chanthaburi 22000, Thailand",4.9,29,Open · Closes 5 PM,,
Chanthaburi,แอร์บ้าน จันทบุรี ร้านโทรทัศน์บริการ,+66 81 652 7914,"25 Thetsaban 2 Rd, Tambon Wat Mai, Mueang Chanthaburi District, Chanthaburi 22000, Thailand",4.8,88,Open · Closes 6:30 PM,,
Chanthaburi,พิทยาแอร์ เมืองจันทบุรี,+66 62 496 4500,"43, 44, อำเภอเมือง, Chanthaburi 22000, Thailand",4.8,5,Open · Closes 6 PM,,
Chanthaburi,ร้านช่างโมทย์แอร์ไดนาโม (จันทนิมิต) จ.จันทบุรี,+66 95 960 7349,"J47C+CHC, Chanthanimit, Mueang Chanthaburi District, Chanthaburi 22000, Thailand",4.8,17,Open · Closes 5 PM,,
Chanthaburi,พันธ์เจริญ เซอร์วิส,+66 88 184 0708,"333/7 หมู่บ้านท่าช้างวิลเลจ หมู่2, Mueang Chanthaburi District, Chanthaburi 22000, Thailand",4.5,10,Open · Closes 5 PM,,
Chanthaburi,จันทบุรีออโต้แอร์ ประดับยนต์ พระยาตรัง,+66 85 159 5445,"Mueang Chanthaburi District, Chanthaburi 22000, Thailand",4.4,150,Open · Closes 5:30 PM,,
Chanthaburi,พี.เอ็น. คูลพาร์ท จันทบุรี(ชื่อเก่า พิทยาแอร์ จันทบุรี),+66 89 812 2309,"71, 18 หมู่ 14, Khlong Narai, Mueang Chanthaburi District, Chanthaburi 22000, Thailand",4.1,7,Open · Closes 5:30 PM,,
Chanthaburi,ร้าน พีระ แอร์ แอนด์ ซาวด์,+66 81 906 3804,"94/3, Wat Mai, Mueang Chanthaburi District, Chanthaburi 22000, Thailand",4.1,59,Open · Closes 5:30 PM,,
Chanthaburi,ร้านช่างนัสแอร์,+66 89 935 8000,"24/16 ม.3 ต, Bang Kacha, อ.เมือง, Chanthaburi 22000, Thailand",3.7,3,Open · Closes 7 PM,,
Chiang Mai,เจเคแอร์เซอร์วิส,+66 63 826 8246,"43, 3 สันต้นม่วงใต้ ซอย ๙, San Pu Loei, Doi Saket District, Chiang Mai 50220, Thailand",5,21,Open 24 hours,,
Chiang Mai,บ้านแอร์เย็น เซลล์ & เซอร์วิส เชียงใหม่,+66 99 662 6551,"119, 5 Nantaram Rd, Tambon Hai Ya, Mueang Chiang Mai District, Chiang Mai 50100, Thailand",5,75,Open · Closes 5 PM,,
Chiang Mai,J&D AIRCON SERVICE เจแอนด์ดี แอร์คอน เซอร์วิส,+66 81 961 2690,"440 หมู่ที่ 10, San Sai District, Chiang Mai 50200, Thailand",5,39,Open · Closes 5 PM,,
Chiang Mai,ร้านยิ่งเจริญรุ่งเรืองแอร์ ซัพพลาย,+66 81 180 2152,"21, 57 หมู่2 ซ.ป่าข่อยใต้, San Phi Suea, เมือง, Chiang Mai 50300, Thailand",5,1,Open · Closes 5:30 PM,,
Chiang Mai,หจก.อาร์ทคูลเซอร์วิส แอร์ เอ็นจิเนียริ่ง,+66 89 997 3332,"Chiang Mai Outer Ring Rd, Pa Bong, Saraphi District, Chiang Mai 50140, Thailand",5,2,Open · Closes 5 PM,,
Chiang Mai,ร้านสุรศักดิ์แอร์,+66 87 198 3023,"บ้านเลขที่1, Soi Mu Ban Wiang Thong 1 Soi 2, Tambon Hai Ya, เมือง, Chiang Mai 50100, Thailand",5,10,Open · Closes 6 PM,,
Chiang Mai,ไออุ่นเซอร์วิสแคร์ จำหน่ายแอร์ ซ่อม ย้าย ติดตั้ง ล้าง air conditioner repair and service,+66 80 910 8994,"114 26 หมู่4 หมู่บ้านซันฟอร์เรสวิลล์ ป่าแดด, Mueang Chiang Mai District, Chiang Mai 50100, Thailand",4.9,68,Open · Closes 5 PM,,
Chiang Mai,ช่างสอง นพดลแอร์เซอร์วิส เชียงใหม่ สาขา 4,+66 99 503 2324,"ซอย ถนนประชาสัมพันธ์, Tambon Chang Khlan, เมือง, Chiang Mai 50100, Thailand",4.9,16,Open 24 hours,,
Chiang Mai,เอช.ไอ.เอ็ม.แอร์คอน,+66 95 239 9799,"R286+WGF, เลขที่ 126 ซอย หมู่ 3, Fa Ham, Mueang Chiang Mai District, Chiang Mai 50000, Thailand",4.8,28,Open · Closes 5:30 PM,,
Chiang Mai,ไอซ์ แอร์ เซอร์วิส เชียงใหม่,+66 99 668 0878,"Mae Khue, Doi Saket District, Chiang Mai 50220, Thailand",4.8,21,Open · Closes 9 PM,,
Chiang Mai,Ddair - Air conditioning cleaner and repair,+66 88 414 1774,"21, 13 ม.2 ซอยไทรคมนาคม 2, Chang Phueak, เมือง, Chiang Mai 50300, Thailand",4.8,22,Open · Closes 6 PM,,
Chiang Mai,คลังแอร์ รวมโชค เชียงใหม่,+66 53 345 123,"199, 373 ม.9, San Phi Suea, Mueang Chiang Mai District, Chiang Mai 50300, Thailand",4.7,7,Open · Closes 5 PM,,
Chiang Mai,หจก.สยามแอร์ เอ็นจิเนียริ่ง Siam Air Engineering,+66 84 042 0367,"141/2 Changpuak Road, Muang, Chiang Mai 50000, Thailand",4.7,16,Open · Closes 5 PM,,
Chiang Mai,Nakornping Air Service,+66 92 969 2565,"Chiang Mai-Lamphun Rd, Nong Phueng, Saraphi District, Chiang Mai 50140, Thailand",4.6,24,Open · Closes 9 PM,,
Chiang Mai,พี.เจ แอร์รถยนต์ ซ่อมแอร์รถยนต์เชียงใหม่,+66 82 986 1773,"ซอย ถนน เวียงบัว, Chang Phueak, เมือง, Chiang Mai 50300, Thailand",4.6,79,Open · Closes 5 PM,,
Chiang Mai,บริษัทแอร์เซอร์วิสเชียงใหม่จำกัด สาขาสารภี,+66 61 327 5802,"จากแยกกองทราย ก่อนขึ้นสะพานป่างิ้ว(ก่อนถึงวัดป่างิ้ว, เลขที่ 104 บ้านหางแคว, Tha Wang Tan, Saraphi District, Chiang Mai 50140, Thailand",4.5,17,Open · Closes 6 PM,,
Chiang Mai,แอร์เชียงใหม่ อะไหล่แอร์ หจก.เชียงใหม่อีเล็คทริค1999,+66 53 814 811,"102 Samlarn Rd Old City, Tambon Phra Sing, Mueang Chiang Mai District, Chiang Mai 50200, Thailand",4.4,21,Open · Closes 5 PM,,
Chiang Mai,ร้านอนุรักษ์แอร์ ซ่อมแอร์รถยนต์เชียงใหม่,+66 94 635 5505,"ท่าศาลา, 41 Charoen Muang Rd Soi 5, Tambon Tha Sala, Mueang Chiang Mai District, Chiang Mai 50000, Thailand",4.4,108,Open · Closes 6 PM,,
Chiang Mai,Chiang Mai Cooling,+66 81 951 9055,"99, 5, Mae Hia, Mueang Chiang Mai District, Chiang Mai 50100, Thailand",4.3,4,Open · Closes 5 PM,,
Chiang Mai,หจก.เชียงใหม่ พี แอนด์ ที แอร์,+66 53 140 395,"222, 42 หมู่ 1, Nong Hoi Sub-district, เมือง, Chiang Mai 50000, Thailand",4.2,87,Open · Closes 6 PM,,
Chiang Rai,ร้านแอร์เชียงราย หจก.วัชระพลแอร์โฮม,+66 82 765 1389,"121 695, Ban Du, อ.เมือง, Chiang Rai 57100, Thailand",5,15,Open · Closes 7 PM,,
Chiang Rai,บริษัท กรุงเทพ แอร์ ซัพพลาย จำกัด,+66 81 674 5059,"847, 7 Nhong Boor Rd, Rop Wiang Sub-district, เมือง, Chiang Rai 57000, Thailand",5,1,Open · Closes 5:30 PM,,
Chiang Rai,คลังแอร์ภาคเหนือ ราคาส่ง-ติดตั้ง ติดตั้งแอร์ด่วน งานโครงการ,+66 88 284 8655,"261, 41, Tambon Rop Wiang, เมือง, Chiang Rai 57000, Thailand",5,1,Open 24 hours,,
Chiang Rai,ร้าน24ชม.แอร์แอนด์อีเล็กทริค,+66 87 129 0184,"6 สันทราย, 3 Phaholyothin Rd, Tambon Tha Sai, Mueang Chiang Rai District, Chiang Rai 57000, Thailand",5,1,Open · Closes 5:30 PM,,
Chiang Rai,ห้างหุ้นส่วนจำกัด แสนดีแอร์ เซอร์วิส,+66 53 717 317,"VR7Q+3RX, AH3, Tha Sai, Mueang Chiang Rai District, Chiang Rai 57000, Thailand",5,1,Open · Closes 5 PM,,
Chiang Rai,ธีรพลแอร์เซอร์วิส&โซล่าเซลล์ เชียงราย,+66 96 005 6345,"407/1 บ้าน Kwae Wai Rd, Rop Wiang Sub-district, Mueang Chiang Rai District, Chiang Rai 57000, Thailand",5,4,Open · Closes 5 PM,,
Chiang Rai,ร้านแอร์บ้านเวียงชัย เชียงราย By.ช่างบอน,+66 62 889 6255,"87 Soi 9, Wiang Chai, Wiang Chai District, Chiang Rai 57210, Thailand",5,1,Open · Closes 5 PM,,
Chiang Rai,จำหน่าย ล้าง ซ่อม ย้าย ติดตั้ง แอร์บ้าน พี แอร์เซอร์วิส,+66 61 854 4813,"411/41, Mueang Chiang Rai District, Chiang Rai, Thailand",4.9,47,,,
Chiang Rai,ร้าน เชียงรายกิจการแอร์,+66 53 712 567,"133, 1 หมู่ที่ 12 Pao Khun Rd, Tambon Wiang, Mueang Chiang Rai District, Chiang Rai 57000, Thailand",4.9,11,Open · Closes 5 PM,,
Chiang Rai,ยนต์ชัยออโต้แอร์,+66 53 714 284,"733/5 Phahonyothin Rd, Wiang, เมือง, Chiang Rai 57000, Thailand",4.9,14,Open · Closes 5 PM,,
Chiang Rai,เชียงรายนอร์ทเทิร์นแอร์,+66 86 912 9345,"141 หมู่ 9, Ban Du, Mueang Chiang Rai District, Chiang Rai 57100, Thailand",4.8,4,Open · Closes 5 PM,,
Chiang Rai,ล้างแอร์เชียงรายByกูรูแอร์เชียงรายเซอร์วิส,+66 93 138 3364,"145, 1 Srivhiang Rd, Rop Wiang Sub-district, เมือง, Chiang Rai 57000, Thailand",4.8,17,Open · Closes 6 PM,,
Chiang Rai,จรัญ ออโต้แอร์,+66 81 021 7694,"VRXP+MG3, Tambon Rop Wiang, Mueang Chiang Rai District, Chiang Rai 57000, Thailand",4.8,55,Open · Closes 6 PM,,
Chiang Rai,สากล แอร์เซอร์วิส,+66 81 992 2593,"393/2 ม.17 Phahonyothin Rd, Ban Du, Mueang Chiang Rai District, Chiang Rai 57100, Thailand",4.8,12,Open · Closes 5 PM,,
Chiang Rai,ต่ายคาร์ออดิโอ,+66 85 870 7567,"153, 1 San Khok Chang Rd, Tambon Rop Wiang, Mueang Chiang Rai District, Chiang Rai 57000, Thailand",4.8,111,Open · Closes 6 PM,,
Chiang Rai,หจก.แอร์บ้านเชียงราย ราคาถูกที่สุด ติดตั้งแอร์ด่วนเชียงราย,+66 89 033 4733,"352, 1, Tambon Ban Du, Mueang Chiang Rai District, Chiang Rai 57100, Thailand",4.7,32,Open · Closes 5:30 PM,,
Chiang Rai,ชาญชัยแอร์,+66 89 951 9228,"ในปั้มน้ำมันเชลล์ขัวเเคร่, เลขที่ 529, Ban Du, Mueang Chiang Rai District, Chiang Rai 57100, Thailand",4.5,20,Open · Closes 6 PM,,
Chiang Rai,เชียงรายแอร์แคร์,+66 83 565 4445,"95, 19 หมู่ 22, Tambon Rop Wiang, Mueang Chiang Rai District, Chiang Rai 57000, Thailand",4.3,8,Open · Closes 5:30 PM,,
Chiang Rai,เชียงรายแอร์,+66 61 270 4555,"351, 1, Tambon Tha Sai, Mueang Chiang Rai District, Chiang Rai 57000, Thailand",4.1,7,Open · Closes 5 PM,,
Chiang Rai,มิสเตอร์แอร์ เชียงราย,+66 62 956 2463,"XV74+536, 333, Ban Du, Mueang Chiang Rai District, Chiang Rai 57100, Thailand",,,Open · Closes 5 PM,,
Chonburi,ล้างแอร์ชลบุรี By บริษัท มาสเซอร์แอร์เซอร์วิส แอนด์ ซัพพลาย จำกัด,+66 95 840 4737,"117 ม.1 ต, Nong Mai Daeng, เมือง, Chon Buri 20000, Thailand",5,4,Open · Closes 7 PM,,
Chonburi,วันชัยแอร์อิเล็คทริค,+66 93 614 4726,"Unnamed Road, Don Hua Lo, Chon Buri District, Chon Buri 20000, Thailand",5,3,Open · Closes 5 PM,,
Chonburi,ร้านแอร์ชลบุรี สุวิทย์แอร์ & เซอร์วิส,+66 64 563 2669,"1, ้, 1, Na Pa, Chon Buri District, Chon Buri 20000, Thailand",5,31,Open · Closes 6 PM,,
Chonburi,ซ่อมแอร์​ชลบุรีทุกอาการทุกยี่ห้อทุกรุ่นชลบุรี,+66 85 090 4604,"15/16หมู่3, 23 Thanon Sukprayun, เมือง, Chon Buri 20000, Thailand",5,15,Open · Closes 6 PM,,
Chonburi,ช่างตังค์แอร์บ้าน ชลบุรี,+66 80 856 6236,"22 3, Na Pa, เมือง, Chon Buri 20000, Thailand",5,40,Open · Closes 7 PM,,
Chonburi,เจริญชัยแอร์&เซอร์วิส บ้านบึง ชลบุรี,+66 95 195 4946,"Ban Khai, 3/34 RO Pho Cho Chon Buri 3196 Rd, Ban Bueng, Ban Bueng District, Chon Buri 20170, Thailand",5,6,Open · Closes 8 PM,,
Chonburi,Bank air service บริการติดตั้ง ซ่อม ย้าย ล้างแอร์,+66 82 713 1956,"38 2, Nong Ri, อ.เมือง, Chon Buri 20000, Thailand",5,26,Open · Closes 5 PM,,
Chonburi,ส.หนองตำลึง ล้าง ย้าย ติดตั้งแอร์และจำหน่าย,+66 87 486 4825,"224 9, Nong Tamlueng, Phan Thong District, Chon Buri 20160, Thailand",5,24,Open 24 hours,,
Chonburi,ร้านบ้านบึงแอร์ชลบุรี,+66 96 251 4549,"72/35 ม.2 บ้านบึง, Ban Bueng District, Chon Buri 20170, Thailand",5,1,Open 24 hours,,
Chonburi,หจก.เอกอนันต์แอร์แอนด์อิเล็กทริก,+66 90 386 5893,"99, 235 Samed Angsila Soi 10, Tambon Samet, เมือง, Chon Buri 20000, Thailand",5,3,Open · Closes 9 PM,,
Chonburi,ล้างแอร์รถยต์ 399.- Air Clean (สาขาอ่างศิลา),+66 94 669 5335,"79, 33 ม.3, Tambon Samet, เมือง, Chon Buri 20000, Thailand",5,474,Open · Closes 6:30 PM,,
Chonburi,ชลบุรีอีเล็คทริค - แอร์บ้าน,+66 38 286 086,"890/5-6 Chai Chana, Bang Pla Soi, Chon Buri District, Chon Buri 20000, Thailand",4.9,269,Open · Closes 5:30 PM,,
Chonburi,นพพลแอร์เซอร์วิส บ้านบึง ชลบุรี,+66 80 562 7217,"17 Chon Buri - Ban Bueng Rd, Ban Bueng, Ban Bueng District, Chon Buri 20170, Thailand",4.9,32,Open · Closes 5 PM,,
Chonburi,เน้นแอร์ชลบุรี รับติดตั้ง ซ่อม ย้าย ล้างแอร์ จำหน่ายแอร์ และอะไหล่อุปกรณ์ติดตั้งแอร์,+66 95 512 1644,"2, 11 หมู่ 4 ถนน มิตรสัมพันธ์ ซอย.14, Tambon Samet, Chon Buri District, Chon Buri 20000, Thailand",4.8,31,Open · Closes 5 PM,,
Chonburi,PJ แอร์บ้าน เปี๊ยก,+66 96 721 8668,"คูกะมณี2 89/25ม.3 ต.หนองตำลึง อ.พานทอง จ.ชลบุรี 20160, Phan Thong District, Chon Buri 20160, Thailand",4.8,26,Open 24 hours,,
Chonburi,ร้าน บางแสนแอร์ & เซอร์วิส,+66 81 659 2412,"25, 27 Bangsaen Sai 4 Nuea, Saen Suk, Chon Buri District, Chon Buri 20130, Thailand",4.5,10,Open · Closes 5:30 PM,,
Chonburi,หจก. ส.ไพรศาล แอร์ ซัพพลาย แอนด์ เซอร์วิส ถนนสุขุมวิท,+66 38 271 777,"170/88 ถ.สุขุมวิท ต.บางปลาสร้อย อ.เมือง จ.ชลบุรี, บางปลาสร้อย เมือง, Chon Buri 20000, Thailand",4.4,34,Open · Closes 6 PM,,
Chonburi,ร้านศิริสุขแอร์ซัพพลาย,+66 81 807 9232,"94/137 หนองแก ถนน บ้านบึง-พานทอง, Ban Bueng, Ban Bueng District, Chon Buri 20170, Thailand",4.3,3,Open · Closes 6 PM,,
Chonburi,ห้างหุ้นส่วนจำกัด ชลบุรี วี เอส แอร์,+66 93 687 8915,"47/10 ม ประยูร, Soi Ban Suan-Suk Prayun 9, Na Pa, Chon Buri District, Chon Buri 20000, Thailand",4.2,11,Open 24 hours,,
Chonburi,CN INTER CORPORATION-ติดตั้งแอร์ DAIKIN ชลบุรี,+66 81 761 9221,"56, 21 Saensook Rd, Mueang, Chon Buri District, Chon Buri 20130, Thailand",3.7,9,Open · Closes 5 PM,,
Chumphon,ล้างแอร์​ชุมพร​ 499,+66 93 715 1664,"Unnamed Road, Khun Krathing, Mueang Chumphon District, Chumphon 86190, Thailand",5,2,Open · Closes 5 PM,,
Chumphon,ร้านอภิชาติการไฟฟ้าแอนด์แอร์สาขา2 แอร์บ้านราคาถูกสุด,+66 85 797 2870,"107/8 หมู่ ถ.ชุมพร-ปากน้ำ, Bang Mak, เมือง, Chumphon 86000, Thailand",5,4,Open · Closes 5 PM,,
Chumphon,JS-ONE Air and Sound (เจเอสวัน แอร์แอนด์ซาวด์),+66 83 969 7789,"Wang Phai, Mueang Chumphon District, Chumphon 86000, Thailand",5,6,Open · Closes 5 PM,,
Chumphon,ล้างแอร์ชุมพรวารินทร์แอร์,+66 65 550 8935,"วังไผ่, 124/7 (บ้านสวยพาโชค, เมือง, Chumphon 86000, Thailand",5,3,Open · Closes 6:30 PM,,
Chumphon,ดรุณออโต้แอร์,+66 87 104 6705,"66 98, Wang Phai, เมือง, Chumphon 86190, Thailand",5,2,Open · Closes 5 PM,,
Chumphon,ร้านช่างดิวแอร์บ้าน,+66 83 437 4512,"1, เมือง, Chumphon 86000, Thailand",5,2,Open · Closes 7 PM,,
Chumphon,ร้าน ทองอยู่เซอร์วิส รับซ่อมแอร์ ล้างแอร์ ติดตั้งแอร์ทุกชนิด,+66 64 269 3952,"G4GG+FR, Wang Phai, Mueang Chumphon District, Chumphon 86000, Thailand",5,18,Open · Closes 8 PM,,
Chumphon,ร้าน ท.ทรัพย์แอนด์เซอร์วิส,+66 83 644 4307,"99 23, Na Cha-ang, Mueang Chumphon District, Chumphon 86000, Thailand",5,1,Open · Closes 6 PM,,
Chumphon,บจก.กรกนกแอร์,+66 81 632 7919,"224, 13 ม.5ต, Na Thung, อ.เมือง, Chumphon 86000, Thailand",5,1,Open · Closes 6 PM,,
Chumphon,ศรีโรจน์อะไหล่แอร์ รถยนต์ (ชุมพร),+66 81 438 4539,"235, 17 ม.1 ถ.ชุมพร - ระนอง, Wang Phai, Mueang Chumphon District, Chumphon 86000, Thailand",5,1,Open · Closes 6 PM,,
Chumphon,ร้านสุรินทร์แอร์ ซ่อมแอร์รถยนต์,+66 62 964 4456,"G43M+989, 327, Wang Phai, Mueang Chumphon District, Chumphon 86000, Thailand",5,19,,,
Chumphon,ร้านจารุแอร์ โดยนายจารุ รุโจปการ,+66 77 501 780,"247, 23 ถนนชุมพร-ระนอง, Tambon Wang Phai, อำเภอเมือง, Chumphon 86000, Thailand",5,3,Open · Closes 5 PM,,
Chumphon,มิตร​ แอร์รถบนต์,+66 93 661 5681,"177 วังไผ่, Tambon Wang Phai, เมือง, Chumphon 86000, Thailand",5,4,Open · Closes 5 PM,,
Chumphon,สมเกียรติแอร์ โดยช่างต้น แอร์บ้านชุมพรถูกที่สุด,+66 93 760 0438,"28, 3, Tambon Saphli, Pathio District, Chumphon 86230, Thailand",4.9,48,Open 24 hours,,
Chumphon,วุฒิแอร์ หม้อน้ำ,+66 87 099 9679,"1 28, Tha Yang, Mueang Chumphon District, Chumphon 86120, Thailand",4.9,12,Open · Closes 5 PM,,
Chumphon,ร้านธนพัตแอร์ ปากน้ำชุมพร,+66 62 098 2669,"385/8 ถนนนรทุษฐ์มรรคา, Pak Nam, Mueang Chumphon District, Chumphon 86120, Thailand",4.8,4,Open · Closes 7 PM,,
Chumphon,Narin Air,+66 81 477 2479,"Tambon Ban Na, Amphoe Mueang Chumphon, Chang Wat Chumphon 86190, Thailand",4.8,4,Open · Closes 5:30 PM,,
Chumphon,เมืองแอร์หนองใหญ่,+66 99 801 1641,"G5RQ+PFR, Bang Luek, Mueang Chumphon District, Chumphon 86000, Thailand",4.4,8,Open · Closes 5 PM,,
Chumphon,ร้านบีเอ็มแอร์เซอร์วิส,+66 95 038 8339,"G5JC+4W8, Bang Luek, Mueang Chumphon District, Chumphon 86000, Thailand",,,Open · Closes 8 PM,,
Kalasin,ห้างหุ้นส่วนจำกัด เดอะวันแอร์อีเล็คทริค,+66 93 523 3227,"122, Huai Pho, Mueang Kalasin District, Kalasin 46000, Thailand",5,8,Open · Closes 6 PM,,
Kalasin,ช่างแอร์กาฬสินธุ์ ร้านสปอร์ตอิเล็คทริคไฟฟ้า,+66 94 268 2861,"1, 4 Kamon Chai Phatthana Rd, Tambon Kalasin, เมือง, Kalasin 46000, Thailand",5,1,Open 24 hours,,
Kalasin,ร้านแอร์กาฬสินธุ์ by สปายแอร์เซอร์วิส,+66 96 686 7786,"197 เหนือ, 46000, Tambon Nuea, Amphoe Mueang Kalasin, Kalasin 46000, Thailand",5,4,Open · Closes 12 AM,,
Kalasin,ร้านแอร์กาฬสินธุ์ ยางตลาด ร้านพีพีแอร์ แอร์บ้าน กล้องวงจรปิด,+66 92 792 6310,"หมู่ 4, 72/7, Yang Talat, Yang Talat District, Kalasin 46120, Thailand",5,7,Open · Closes 5:30 PM,,
Kalasin,ร้านแอร์กาฬสินธุ์ หจก.อรุณีอะไหล่แอร์ By อิสระแอร์,+66 87 215 3827,"105, 3 Kudyang Samakkee, Tambon Lam Phan, Mueang Kalasin District, Kalasin 46000, Thailand",5,8,Open · Closes 5 PM,,
Kalasin,ร้านนาคราชแอร์เซอร์วิท,+66 98 401 6553,"บาสพาส, 45/3-4 ถนน, ถนน สงเปลือย, Kalasin 46000, Thailand",5,9,Open 24 hours,,
Kalasin,ร้านช่างอิง แอร์กาฬสินธุ์,+66 98 180 2812,"บ้านเตาไห, 450/12, เมือง, Kalasin 46000, Thailand",5,3,Open 24 hours,,
Kalasin,ร้านแอร์ เจริญแอร์เซอร์วิส,+66 80 330 1449,"249, Nong Kung Tai, Nong Kung, Mueang Kalasin District, Kalasin 46000, Thailand",5,1,Open · Closes 5 PM,,
Kalasin,ร้านพู่การไฟฟ้าแอร์,+66 83 352 5423,"FJCJ+MP3, กส.2019, Muang Na, Don Chan District, Kalasin 46000, Thailand",5,2,Open · Closes 5 PM,,
Kalasin,JS Air & Service,+66 99 629 4455,"62 Theenanon Rd, Tambon Nuea, Mueang Kalasin District, Kalasin 46000, Thailand",5,33,Open · Closes 5 PM,,
Kalasin,พีเคแอร์ เซอร์วิส แอร์บ้านและระบบไฟฟ้าภายในบ้าน,+66 97 025 3994,"473, Tambon Yang Talat, Yang Talat District, Kalasin 46120, Thailand",4.9,14,Open 24 hours,,
Kalasin,"Siamchai Service, Yang Talat Branch",+66 65 719 8378,"32-32/1, ต.ยางตลาด Yang Talat District, Kalasin 46120, Thailand",4.9,40,Open · Closes 7 PM,,
Kalasin,Sor. Charoen Auto Air,+66 99 035 5246,"242 Kudyang Samakkee, Kalasin, Mueang Kalasin District, Kalasin 46000, Thailand",4.8,17,Open · Closes 5 PM,,
Kalasin,ขายแอร์ เครื่องใช้ไฟฟ้า,+66 93 356 3597,"108, 110-112 Kanlasin Rd, Kalasin, เมือง, Kalasin 46000, Thailand",4.7,6,Open · Closes 7:30 PM,,
Kalasin,สุวิทย์แอร์,+66 83 404 5998,"84/13 Theenanon Rd, Tambon Kalasin, Mueang Kalasin District, Kalasin 46000, Thailand",4.6,8,Open · Closes 5 PM,,
Kalasin,ร้านนายแอร์ กาฬสินธุ์,+66 85 390 1676,"202, 29 Thanon Thetsaban 23, Kalasin, Mueang Kalasin District, Kalasin 46000, Thailand",4.5,2,Open · Closes 5:30 PM,,
Kalasin,ร้านเทคนิคแอร์ กาฬสินธุ์,+66 81 708 5886,"296, 5-6 ถ Kudyang Samakkee, Tambon Kalasin, เมือง, Kalasin 46000, Thailand",4.5,23,Open · Closes 5 PM,,
Kalasin,ถาวรแอร์ แอนด์ ซาวด์,+66 81 717 9163,"7, 8 Kanlasin Rd, Tambon Kalasin, เมือง, Kalasin 46000, Thailand",4.5,10,Open · Closes 5 PM,,
Kalasin,ร้านแอร์กาฬสินธุ์ วุฒิเดชแอร์ ซัพฟลาย,+66 96 053 2554,"Anankha Nak Rd Ban Nakeaw, Tambon Kalasin, Mueang Kalasin District, Kalasin 46000, Thailand",4.2,18,Open · Closes 6 PM,,
Kalasin,นพรัตน์ แอร์ อีเล็คทริค,+66 89 710 8765,"36/3-4, Panna Rd, Kalasin, เมือง, Kalasin 46000, Thailand",,,Open · Closes 6 PM,,
Kamphaeng Phet,นิยมเย็น จำหน่ายแอร์,+66 61 773 2883,"บ้านกุลสิงห์, 14 Ratchawithi soi 1, ในเมือง เมือง, Kamphaeng Phet 62000, Thailand",5,4,Open · Closes 5 PM,,
Kamphaeng Phet,เจ แอร์ เซอร์วิส,+66 82 407 1262,"116 Ratruamchi Road, Nai Mueang, Mueang Kamphaeng Phet District, Kamphaeng Phet 62000, Thailand",5,1,Open · Closes 5 PM,,
Kamphaeng Phet,ร้านเย็นเจี๊ยบแอร์,+66 81 534 0276,"FFHW+89F, Nakhon Chum, Mueang Kamphaeng Phet District, Kamphaeng Phet 62000, Thailand",5,3,Open · Closes 8 PM,,
Kamphaeng Phet,กอล์ฟแอร์เซอร์วิส,+66 96 274 7424,"บ้าน, เลขที่ 35, Nong Pling, Mueang Kamphaeng Phet District, Kamphaeng Phet 62000, Thailand",5,1,Open · Closes 5 PM,,
Kamphaeng Phet,หจก. กำแพงเพชรแอร์,+66 55 714 184,"325, 327 Vijit 2, Nai Mueang, Mueang Kamphaeng Phet District, Kamphaeng Phet 62000, Thailand",4.6,7,Open · Closes 6:30 PM,,
Kamphaeng Phet,วีระชัยออโต้แอร์,+66 55 713 281,"387, 385 Charoensuk Rd, Nai Mueang, Mueang Kamphaeng Phet District, Kamphaeng Phet 62000, Thailand",4.6,43,Open · Closes 5:30 PM,,
Kamphaeng Phet,ชัยวัฒน์แอร์ กำแพงเพชร,+66 88 153 5249,"10 Ratruamchi Road, Nai Mueang, ในเมือง, Kamphaeng Phet 62000, Thailand",4.5,2,Open · Closes 5 PM,,
Kamphaeng Phet,คลินิกแอร์กำแพงเพชร,+66 83 787 1480,"99/2 หมู่ 12 บ้านใหม่บ่อทอง, Nikhom Thung Pho Thale, Mueang Kamphaeng Phet District, Kamphaeng Phet 62000, Thailand",4.5,8,Open · Closes 5:30 PM,,
Kamphaeng Phet,ธวัชชัยออโต้แอร์ จังหวัด กำแพงเพชร (ร้านเครื่องเสียงรถยนต์และร้านประดับยนต์),+66 55 711 701,"536 Charoensuk Rd, ในเมือง, เมือง, Kamphaeng Phet 62000, Thailand",4.5,258,Open · Closes 6 PM,,
Kamphaeng Phet,เจริญทรัพย์เครื่องเย็น,+66 55 773 211,"FGFV+PQW, Charoensuk Rd, Nai Mueang, Mueang Kamphaeng Phet District, Kamphaeng Phet 62000, Thailand",4.5,6,Open · Closes 6 PM,,
Kamphaeng Phet,อู่ช่างตี๋รุ่งเรืองแอร์,+66 93 213 1078,"บ้านเลขที่290, Sa Kaeo, Mueang Kamphaeng Phet District, Chang Wat Kamphaeng Phet 62000, Thailand",4.5,2,Open · Closes 5 PM,,
Kamphaeng Phet,พรเจริญแอร์รถยนต์ แบตเตอรี่,+66 86 105 5591,"397 8, Nakhon Chum, Mueang Kamphaeng Phet District, Kamphaeng Phet 62000, Thailand",4.3,15,Open · Closes 5:30 PM,,
Kamphaeng Phet,ภุชงค์แอร์,+66 61 741 5595,"48 Wungkang Soi 8, Nai Mueang, Mueang Kamphaeng Phet District, Kamphaeng Phet 62000, Thailand",4,1,Open · Closes 6 PM,,
Kamphaeng Phet,สยามคอม-แอร์ แอนด์ เซอร์วิส,+66 55 717 771,"28/2 Ratruamchi Road, Nai Mueang, Mueang Kamphaeng Phet District, Kamphaeng Phet 62000, Thailand",3.9,9,Open · Closes 6 PM,,
Kamphaeng Phet,ร้านเชียรดาวเทียมแอร์,+66 95 631 4594,"132, 1 Ban Mae Nari Rd, Thailand",2,1,Open · Closes 6 PM,,
Kamphaeng Phet,หจก.พลอยแอร์ซัพพลาย,+66 98 749 3435,"111/1 ถนน กำแพงเพชร ต.ในเมอง อ.เมือง, ในเมือง เมือง, Kamphaeng Phet 62000, Thailand",,,Open · Closes 5 PM,,
Kamphaeng Phet,ร้านแซ้งแอร์ เซอร์วิส,+66 81 340 9550,"5 ต บ้านใหม่สุวรรณภูมิ ม, 12, 1 O Bo To Tha Khun Ram Rd, เมือง Kamphaeng Phet 62000, Thailand",,,Open · Closes 6 PM,,
Kamphaeng Phet,ร้านเนเจอร์แอร์,+66 80 514 4959,"76 Chakungrao, Sa Kaeo, Mueang Kamphaeng Phet District, Kamphaeng Phet 62000, Thailand",,,Open · Closes 5:38 PM,,
Kanchanaburi,"หจก.ดำเนินเซลส์แอนด์เซอร์วิส สาขา1 จ.กาญจนบุรี (จำหน่ายแอร์บ้าน, อะไหล่แอร์,ล้าง,ซ่อมแอร์)",+66 62 940 6888,"162/13 ม.9, Mueang Kanchanaburi District, Kanchanaburi 71000, Thailand",5,1,Open · Closes 6:30 PM,,
Kanchanaburi,เจ๋งแอร์2,+66 99 283 3113,"หมู่ที่ 1, 232/67, Lat Ya, Mueang Kanchanaburi District, Kanchanaburi 71190, Thailand",5,7,Open · Closes 10:30 PM,,
Kanchanaburi,เคเอสแอร์,+66 92 894 6546,"95/41หมู่3ต.ปากแพรก อ, Pak Phraek, Mueang Kanchanaburi District, Kanchanaburi 71000, Thailand",5,3,Open · Closes 8 PM,,
Kanchanaburi,บีพี แอร์บ้านกาญจนบุรี,+66 93 270 9719,"101, 18, Tambon Pak Phraek, เมือง, Kanchanaburi 71000, Thailand",5,4,Open 24 hours,,
Kanchanaburi,ร้านทรัพย์เจริญแอร์ ลาดหญ้า,+66 82 974 6746,"190, 77, Tambon Lat Ya, Mueang Kanchanaburi District, Kanchanaburi 71190, Thailand",5,1,Open · Closes 6 PM,,
Kanchanaburi,แอร์กาญ❄️&ระบบไฟฟ้า⚡️,+66 92 550 8924,"35/19, เมือง, Kanchanaburi 71000, Thailand",5,1,Open 24 hours,,
Kanchanaburi,ธนพลแอร์,+66 80 426 3635,"95 หนองบัว, 6, Tambon Nong Bua, เมือง, Kanchanaburi 71190, Thailand",5,2,Open · Closes 7:30 PM,,
Kanchanaburi,ร้าน พิษณุ&แอร์บ้าน,+66 61 116 8283,"2GJP+9WF, Pat Ta Na Kan Rd, Pak Phraek, Mueang Kanchanaburi District, Kanchanaburi 71000, Thailand",5,1,Open · Closes 6 PM,,
Kanchanaburi,ณัฐพงศ์ แอร์,+66 90 447 4133,"3FFM+83M, 3199, Kaeng Sian, Mueang Kanchanaburi District, Kanchanaburi 71000, Thailand",5,2,Open · Closes 5:30 PM,,
Kanchanaburi,ร้าน ชัยกร แอร์,+66 64 514 4545,"820, 22 หมู่ 2 Sangchuto Rd, ตำบลท่าม่วง Tha Muang District, Kanchanaburi 71110, Thailand",5,1,Open · Closes 6 PM,,
Kanchanaburi,แอร์เมืองกาญอู่ทองแอร์รถยนต์,+66 61 592 6459,"529/3, เมือง, Kanchanaburi 71000, Thailand",4.9,10,Open · Closes 6 PM,,
Kanchanaburi,ร้าน นิวโสภณอุปกรณ์,+66 94 628 2466,"8/49ซอยไปรษณีย์, ตำบลในเมือง อำเภอเมือง, Praisanee, เมือง, Kanchanaburi 71000, Thailand",4.8,16,Open · Closes 5:30 PM,,
Kanchanaburi,ร้านอะไหล่แอร์ กาญจนบุรี-นริสแอร์,+66 80 659 1626,"35/15-16, Tha Muang, Tha Muang District, Kanchanaburi 71110, Thailand",4.7,13,Open · Closes 6 PM,,
Kanchanaburi,บุญมาแอร์ กาญจนบุรี,+66 94 564 9742,"103, 4, Tha Lo, Tha Muang District, Kanchanaburi 71110, Thailand",4.6,47,Open · Closes 5 PM,,
Kanchanaburi,สยามเทคนิคแอร์,+66 34 513 502,"65/9 Sangchuto Rd, Tha Lo, Tha Muang District, Kanchanaburi 71000, Thailand",4.6,10,Open now,,
Kanchanaburi,Sang Suwan Air,+66 81 942 4514,"303, 9 10, Tambon Ban Tai, เมือง, Kanchanaburi 71000, Thailand",4.5,43,Open · Closes 5 PM,,
Kanchanaburi,ทรัพย์เจริญ แอร์ แอนด์ เซอร์วิส,+66 96 250 7568,"136, 3, Nong Ya, Mueang Kanchanaburi District, Kanchanaburi 71000, Thailand",4.5,2,Open 24 hours,,
Kanchanaburi,แอร์แอนด์เซอร์วิสกาญจนบุรี,+66 62 419 4194,"Khao Tong Phatthana Soi 12, Pak Phraek, Mueang Kanchanaburi District, Kanchanaburi 71000, Thailand",4.5,34,,,
Kanchanaburi,หจก.กาญจนบุรีแอร์ แอนด์ ซาวด์,+66 85 403 8822,"284, 41-42 Bannua Rd, Tambon Ban Tai, เมือง, Kanchanaburi 71000, Thailand",4.4,60,Open · Closes 5 PM,,
Kanchanaburi,ร้าน สุริยะแอร์,+66 81 267 6366,"234/5, ตำบลบ้านใต้ อำเภอเมือง, ถนน บ้านใต้, เมือง, Kanchanaburi 71000, Thailand",4,2,Open · Closes 5:30 PM,,
Khon Kaen,เคพีแอร์ ล้าง ซ่อม ติดตั้ง ครบวงจร ราคาถูก by ช่างบาส,+66 83 415 7042,"108, 6, Tambon Nai Mueang, Mueang Khon Kaen District, Khon Kaen 40000, Thailand",5,12,Open 24 hours,,
Khon Kaen,ศรายุทธ แอร์บ้าน ขอนแก่น Since 2022,+66 87 770 5738,"ในเมืองขอนแก่น, 555 หมู่ 17, Ban Ped Sub-district, เมือง, Khon Kaen 40000, Thailand",5,119,Open · Closes 5 PM,,
Khon Kaen,เจริญแอร์ (ช่างหนุ่ม),+66 83 145 1528,"192 Lao Nadi Rd, Tambon Nai Mueang, Mueang Khon Kaen District, Khon Kaen 40000, Thailand",5,22,Open · Closes 6 PM,,
Khon Kaen,เอ็มออโต้แอร์ ล้างแอร์รถยนต์ ซ่อมแอร์รถยนต์ขอนแก่น,+66 99 475 8111,"104, 62 หมู่ 14 Mittraphap Rd, Tambon Nai Mueang, เมือง, Khon Kaen 40000, Thailand",5,217,Open · Closes 5 PM,,
Khon Kaen,ล้างแอร์ขอนแก่น อิเล็กเทคแอร์,+66 65 541 4919,"501 บ้านหนองโจด, Ban Ped Sub-district, เมือง, Khon Kaen 40000, Thailand",5,14,Open · Closes 8 PM,,
Khon Kaen,ขาย ซ่อม ล้างแอร์ แอร์บ้านหลังมอขอนแก่น,+66 93 256 5924,"69, Sila, Mueang Khon Kaen District, Khon Kaen 40000, Thailand",5,1,Open · Closes 6 PM,,
Khon Kaen,ร้านแอร์ขอนแก่น หจก. วาย เอ็ม เอ็นจิเนียริ่ง ศูนย์จำหน่ายบริการ เครื่องปรับอากาศ และ อะไหล่,+66 94 466 6393,"680, 14 Na Mueang Rd, Tambon Nai Mueang, เมือง, Khon Kaen 40000, Thailand",5,12,Open · Closes 5 PM,,
Khon Kaen,Good day แอร์เซอร์วิส ล้างแอร์ซ่อมแอร์ด่วน,+66 95 963 6660,"249, 2 Rop Mueang, Tambon Nai Mueang, Mueang Khon Kaen District, Khon Kaen 40000, Thailand",5,115,Open 24 hours,,
Khon Kaen,ร้านแอร์ขอนแก่น แอร์ช่างอ๋อแอร์เซอร์วิส,+66 82 642 2539,"999, 156 ถ.ทางเข้าสนามบิน, Tambon Sila, Mueang Khon Kaen District, Khon Kaen 40000, Thailand",4.9,8,Open · Closes 5 PM,,
Khon Kaen,ช่างแอร์ขอนแก่น-ทรัพย์อิเลคทรอนิค,+66 81 954 0014,"119, 44 ถนน Ratkanueng, Tambon Sila, เมือง, Khon Kaen 40000, Thailand",4.8,17,Open · Closes 5 PM,,
Khon Kaen,Air Victory Electric Cooperative.,+66 94 294 6262,"ใกล้ปั้มน้ำมัน, 288, 4 Ruen Rom Rd, Mueang Khon Kaen District, Khon Kaen 40000, Thailand",4.7,26,Open · Closes 5:30 PM,,
Khon Kaen,ร้านแสงชัยแอร์,+66 43 228 036,"404 Yothathikan Khon Kaen 2005 Rd, Mueang Kao Sub-district, Mueang Khon Kaen District, Khon Kaen 40000, Thailand",4.7,14,Open · Closes 6 PM,,
Khon Kaen,แอร์บ้านขอนแก่น หจก. เอ เอ แอนด์ เอ็น,+66 43 331 164,"235/60 Lang Sun Ratchakan Rd, Tambon Nai Mueang, เมือง, Khon Kaen 40000, Thailand",4.6,38,Open · Closes 5 PM,,
Khon Kaen,พี.พี.ออโต้แอร์ ล้างแอร์ ซ่อมแอร์รถยนต์ ขอนแก่น,+66 85 852 5222,"143, 108 Kangwan 4 Alley, Ban Ped Sub-district, Mueang Khon Kaen District, Khon Kaen 40000, Thailand",4.6,120,Open · Closes 5 PM,,
Khon Kaen,Theera Air & Service KHONKEN,+66 85 000 0636,"131, 52-53 Chata Phadung Rd, Tambon Nai Mueang, Mueang Khon Kaen District, Khon Kaen 40000, Thailand",4.6,20,Open · Closes 5 PM,,
Khon Kaen,KP แอร์ ช่างแอร์ขอนแก่น,+66 83 415 7042,"สำราญ, 444/205, เมือง, Khon Kaen 40000, Thailand",4.6,13,Open 24 hours,,
Khon Kaen,กิจชัยแอร์การไฟฟ้า,+66 43 224 740,"78/3 รื่นรมย์, Mueang Khon Kaen District, Khon Kaen 40000, Thailand",4.6,32,Open · Closes 6:30 PM,,
Khon Kaen,คิมเซอร์วิสแอร์ ติดตั้ง ย้าย ล้าง ซ่อม แอร์บ้านทุกยี่ห้อ ทุกประเภท,+66 88 560 6285,"เลขที่ 370/23 ม.Vip โฮม5 ต, Ban Ped Sub-district, Mueang Khon Kaen District, Khon Kaen 40000, Thailand",4.2,5,Open · Closes 6:30 PM,,
Khon Kaen,ศรีจันทร์แอร์,+66 43 224 871,"756 ศรีจันทร์ Sri Chan Rd, Nai Mueang, Mueang Khon Kaen District, Khon Kaen 40000, Thailand",4.1,10,Open now,,
Khon Kaen,ห้างหุ้นส่วนจำกัด สามเหลี่ยมแอร์,+66 43 236 560,"116/7 หมู่ที่ 16 Maliwan Rd, Nai Mueang, Mueang Khon Kaen District, Khon Kaen 40000, Thailand",3.8,54,Open · Closes 5 PM,,
Krabi,Nop charean air,+66 94 595 9698,"103/6 Maharaj Rd Krabi, Krabi Yai, เมือง, Krabi 81000, Thailand",5,2,Open · Closes 5:30 PM,,
Krabi,นครไฟฟ้า&แอร์ เซอร์วิส,+66 98 092 5110,"247/9 ถนนสาย 4203 หมู่5 (เยื้องกับการไฟฟ้าอ่าวนาง), Ao Nang, อำเภอ เมือง, Krabi 81180, Thailand",5,11,Open · Closes 8 PM,,
Krabi,ร้านแอร์ แอร์เหนือคลอง,+66 87 650 6018,"4037, Nuea Khlong, Nuea Khlong District, Krabi 81130, Thailand",5,1,Open · Closes 6 PM,,
Krabi,ร้านกระบี่บ้านแอร์,+66 89 873 2927,"4V3X+98W, Phet Kasem Rd Krabi, Krabi Yai, Mueang Krabi District, Krabi 81000, Thailand",5,6,Open · Closes 6 PM,,
Krabi,เป็นหนึ่งกระบี่แอร์เซอร์วิสแอนด์โซลูชั่น,+66 87 891 0133,"1, 69 Vatchara Rd Krabi, ตำบล กระบี่ใหญ่ Mueang Krabi District, Krabi 81000, Thailand",5,5,Open · Closes 6 PM,,
Krabi,ปฏิญาแอร์แอนด์เซอร์วิส กระบี่,+66 95 025 9592,"268, Pakasai, Nuea Khlong District, Krabi 81130, Thailand",5,3,Open 24 hours,,
Krabi,ร้านอาณาจักรแอร์ แอนด์ เซอร์วิส,+66 64 602 9511,"เลขที่ 558, Sai Thai, Mueang Krabi District, Krabi 81000, Thailand",5,1,Open · Closes 5 PM,,
Krabi,ร้านแอร์วิทยเซอร์วิส,+66 98 079 1308,"3RPC+49W, Nong Thale, Mueang Krabi District, Krabi 81000, Thailand",5,2,Open now,,
Krabi,เอสแอล แอร์เซอร์วิส กระบี่,+66 82 279 0919,"259/10หมู่11, Mueang Krabi District, Krabi 81000, Thailand",5,7,Closed · Opens 2 PM,,
Krabi,บอลแอร์ แอนด์เซอร์วิส,+66 61 272 8739,"56/4 อ่าวนาง, เมือง, Krabi 81000, Thailand",5,2,Open · Closes 5 PM,,
Krabi,กระบี่ คลินิค แอร์,+66 81 415 0876,"215, Sai Thai, เมือง, Krabi 81000, Thailand",4.9,31,Open · Closes 5 PM,,
Krabi,Tawatchai auto air,+66 87 890 3871,"101/1 Vatchara Rd Krabi, Tambon Pak Nam, เมือง, Krabi 81000, Thailand",4.8,44,Open · Closes 5 PM,,
Krabi,สยามชัยเซอร์วิส สาขากระบี่,+66 61 386 3812,"5 Maharaj Rd Krabi, Tambon Pak Nam, Mueang Krabi District, Krabi 81000, Thailand",4.7,44,Open · Closes 7 PM,,
Krabi,บริษัท อาร์ม แอร์ กระบี่ จำกัด Arm air,+66 83 969 0473,"177, 77 Krabi Rd Krabi, Pak Nam, Mueang Krabi District, Krabi 81000, Thailand",4.7,9,Open · Closes 5 PM,,
Krabi,Smile Air,+66 75 612 559,"89 Hemthanon Krabi, Sai Thai, Mueang Krabi District, Krabi 81000, Thailand",4.6,15,Open · Closes 5 PM,,
Krabi,ร้านประเสริฐแอร์@เซอร์วิสกระบี่,+66 85 799 8393,"63, Pakasai, Nuea Khlong District, Krabi 81130, Thailand",4.5,4,Open · Closes 8:21 PM,,
Krabi,ร้านปกาสัยแอร์ แอนด์เซอร์วิส จ.กระบี่,+66 89 212 3311,"90 Vatchara Rd Krabi, Pak Nam, Mueang Krabi District, Krabi 81000, Thailand",4.3,3,Open · Closes 5:30 PM,,
Krabi,Arun Air,+66 75 632 128,"44/8 ถนน กระบี่ Krabi, Pak Nam, Mueang Krabi District, Krabi 81000, Thailand",4,15,Open · Closes 5 PM,,
Krabi,กระบี่อรุณแอร์ สาขาตลาดเก่า,+66 81 476 7301,"19/5 ถนนศรีพังงา กระบี่ใหญ่, เมือง, Krabi 81000, Thailand",3.8,12,Open · Closes 5:30 PM,,
Lampang,ช่างต้น แอร์เซอร์วิส ลำปาง,+66 95 685 9525,"141 ถนนบ้านท่าช้าง, Tha Pha, Ko Kha District, Lampang 52130, Thailand",5,34,Open · Closes 6 PM,,
Lampang,ท. เทคนิคแอร์,+66 89 429 4687,"118, 52000 Lampang-Mae Tah Rd, Chomphu, Mueang Lampang District, Lampang 52100, Thailand",5,4,Open · Closes 5 PM,,
Lampang,แอร์บ้าน ลำปาง,+66 82 762 7150,"213 พิชัย, เมือง, Lampang 52000, Thailand",5,1,Open · Closes 8 PM,,
Lampang,แอร์บ้านลำปาง / นอร์ทเทิร์นลำปางแอร์,+66 54 010 421,"ซุปเปอร์ไฮเวย์ ลำปาง, 509 Phahonyothin Rd, เมือง, Lampang 52000, Thailand",5,2,Open · Closes 5 PM,,
Lampang,ร้านสินเจริญเซอร์วิส (ร้านแอร์ลำปาง),+66 61 450 9797,"108, Pong Yang Khok, Hang Chat District, Lampang 52190, Thailand",5,3,Open · Closes 5 PM,,
Lampang,ร้านลิขิตแอร์,+66 89 264 1197,"176, 3 ซอยกระทิงชัย, Tambon Wiang Nuea, เมือง, Lampang 52100, Thailand",5,5,Open · Closes 6 PM,,
Lampang,ร้านป๊อดแอร์เซ็นเตอร์ แอนด์ เซอร์วิส,+66 89 430 5941,"90, Tambon Bo Haeo, Mueang Lampang District, Lampang 52100, Thailand",5,3,Open · Closes 5:30 PM,,
Lampang,ร้านตั้มแอร์ แอนด์ เซอร์วิสลำปาง/ร้านแอร์ลำปาง,+66 81 021 1104,"9 บ้านแม่ยิ่ง, Nong Lom, Hang Chat District, Lampang 52190, Thailand",5,8,Open · Closes 6 PM,,
Lampang,ล้างแอร์ ซ่อมแอร์ ลำปางวรรณกานต์แอร์,+66 86 449 0443,"212/7, Bo Haeo, เมือง, Lampang 52100, Thailand",5,3,Open · Closes 5 PM,,
Lampang,ร้านสุรัตน์ แอร์ เซอร์วิสลำปาง,+66 89 637 9928,"23/4 ลำปาง-แจ้ห่ม, Ton Thong Chai, เมือง, Lampang 52000, Thailand",4.9,14,Open · Closes 5 PM,,
Lampang,ร้านอุเทนแอร์,+66 89 857 2770,"7G7M+V8R, Thanon Vajiravudh Damnoen, Mueang Lampang District, Lampang 52000, Thailand",4.8,22,Open · Closes 6 PM,,
Lampang,ลำปางแอร์รถยนต์,+66 63 282 1555,"336 6, อำเภอเมือง, Lampang 52000, Thailand",4.8,39,Open · Closes 5:30 PM,,
Lampang,S. Technic Air,+66 54 224 843,"29 Thanon Ruenpare, Mueang Lampang District, Lampang 52000, Thailand",4.8,57,Open · Closes 5 PM,,
Lampang,บริษัท ชุมพลอินเตอร์กรุ๊ป จำกัด,+66 81 169 8518,"357, 49 Bunyawat Rd, Tambon Sop Tui, Mueang Lampang District, Lampang 52100, Thailand",4.7,6,Open · Closes 6 PM,,
Lampang,เจเจ เซอร์วิสแอร์,+66 90 326 8586,"344/1 ม.11, Mae Mo District, Lampang 52220, Thailand",4.7,18,Open · Closes 6:30 PM,,
Lampang,รัษฎาการไฟฟ้า-แอร์ /แอร์บ้านลำปางแอร์รถยนต์,+66 54 218 958,"26 รัษฎา ถนนรัษฎา, Mueang Lampang District, Lampang 52000, Thailand",4.6,59,Open · Closes 5 PM,,
Lampang,วิมลศิริแอร์แอนด์เซอร์วิส/ร้านแอร์ลำปาง,+66 81 961 7954,"289, 291 ถนน Tha Craownoi, Tambon Sop Tui, เมือง, Lampang 52100, Thailand",4.6,7,Open · Closes 5 PM,,
Lampang,Houd Air,+66 81 881 7588,"69 ถนนป่าขาม, ตำบลหัวเวียง Mueang Lampang District, Lampang 52000, Thailand",4.3,10,Open · Closes 6 PM,,
Lampang,สุรสิทธิ์ออโตแอร์,+66 89 559 3008,"สุรสิทธิ์​ออ​โต​แอร์, 57 Phaholyothin Rd, Chomphu, Mueang Lampang District, Lampang 52100, Thailand",4.3,10,Open · Closes 5 PM,,
Lampang,ร้านเพื่อนแอร์,+66 81 387 2888,"Tambon Bo Haeo, Mueang Lampang District, Lampang 52100, Thailand",3.8,5,Open · Closes 5:30 PM,,
Lamphun,ล้างแอร์ ซ่อมแอร์ ลำพูน เชียงใหม่ T&T air service,+66 63 993 6484,"40/1, เมือง, Lamphun 51000, Thailand",5,3,Open · Closes 5 PM,,
Lamphun,ช่างแอร์ลำพูน ช่างเชียร ช่างป้อม,+66 86 185 1491,"143, Pa Sak, Mueang Lamphun District, Lamphun 51000, Thailand",5,70,Open · Closes 6 PM,,
Lamphun,ห้างหุ้นส่วนจำกัด เอ.ดี.แอร์เซอร์วิส,+66 89 997 7704,"52 หมู่1, Pa Sang, Pa Sang District, Lamphun 51120, Thailand",5,1,Open · Closes 6 PM,,
Lamphun,พี โอ แอร์ แอด์ เซอร์วิส,+66 82 618 9739,"138 บ้านห้วยม้าโก้ง, 1, Pa Sak, Mueang Lamphun District, Lamphun 51000, Thailand",5,1,Open · Closes 7 PM,,
Lamphun,วสันต์ลำพูนแอร์,+66 89 558 9999,"9, หมู่บ้านนิวรัชตแลนด์, 21 Soi 2, Tambon Pa Sak, เมือง, Lamphun 51000, Thailand",5,3,Open · Closes 5 PM,,
Lamphun,แอร์มือสอง ราคาถูก - ฟิวส์แอร์เซอร์วิส เชียงใหม่,+66 93 456 1800,"เลขที่ 5/1, Ban Klang, San Pa Tong District, Chiang Mai 50120, Thailand",5,15,Open · Closes 9 PM,,
Lamphun,นานาเซอร์วิสแอร์,+66 85 520 8797,"203, 4 หมู่ 3, Mueang Nga, เมือง, Lamphun 51000, Thailand",5,2,Open · Closes 8 PM,,
Lamphun,ร้านชลิตแอร์,+66 61 102 6763,"H366+QQF ลำพููน, Unnamed Road, Si Bua Ban, Mueang Lamphun District, Lamphun 51000, Thailand",5,21,Open · Closes 5 PM,,
Lamphun,ร้านเอแอร์บริการ,+66 89 265 2787,"13, Pa Sang, Pa Sang District, Lamphun 51120, Thailand",5,5,Open · Closes 5 PM,,
Lamphun,ร้านพี ศักดิ์ แอร์,+66 95 684 8921,"120 291, Ton Thong, Mueang Lamphun District, Lamphun 51000, Thailand",5,2,Open · Closes 7 PM,,
Lamphun,ร้านแอร์เฮียอ้อวัชรา,+66 82 179 2123,"3/16 Soi Sanamkela, Nai Mueang, Mueang Lamphun District, Lamphun 51000, Thailand",5,1,Open · Closes 4 PM,,
Lamphun,ช่างแอร์ลำพูน ( ช่างโต ),+66 86 703 9630,"179/92,95,104 บ้านช่างโต) ซอย โรงเรียนอนุบาลรพีเลิศ, ซอย, Pa Sak, Mueang Lamphun District, Lamphun 51000, Thailand",4.9,92,Open · Closes 8 PM,,
Lamphun,บริษัท เคเอ็นพี พาร์ท แอนด์ เซอร์วิส จำกัด,+66 53 560 627,"99 99, Wiang Yong, AMPHUR MUANG, Lamphun 51000, Thailand",4.7,16,Open · Closes 5 PM,,
Lamphun,ร้านแอร์ คาร์ ช็อป วีไอพี ลำพูน ซ่อมแอร์รถยนต์ลำพูน รถยุโรป ญี่ปุ่น และรถหรู ทั้งเก่าและใหม่,+66 62 954 5455,"237 2, Pa Sak, Mueang Lamphun District, Lamphun 51000, Thailand",4.5,40,Open · Closes 5 PM,,
Lamphun,เอ็มพีซีคลู ลำพูน แอร์รถยนต์,+66 81 111 6221,"35 หมู่1, Wiang Yong, Mueang Lamphun District, Lamphun 51000, Thailand",4.4,7,Open · Closes 5 PM,,
Lamphun,ร้านปิยะพงษ์ แอร์,+66 81 672 9851,"278 ต, Han Kaeo, Hang Dong District, Chiang Mai 50230, Thailand",4.4,20,Open · Closes 5 PM,,
Lamphun,ห้างหุ้นส่วนจำกัด ลำพูนอะไหล่แอร์,+66 53 552 176,"112 1, Ban Klang, เมือง, Lamphun 51000, Thailand",4.2,6,Open · Closes 5 PM,,
Lamphun,บจก.พี เอ แอร์ แอนด์ เซอร์วิส,+66 53 562 918,"เลขที่ 86 ถนน รอบเมืองนอก, ในเมือง Mueang Lamphun District, Lamphun 51000, Thailand",4,5,Open · Closes 5 PM,,
Lamphun,วิชัยแอร์ แอนด์ เซอร์วิส,+66 86 619 0485,"189 Phayaini 1 Alley, Ton Thong, Mueang Lamphun District, Lamphun 51000, Thailand",3.7,3,Open · Closes 5:30 PM,,
Lamphun,ล้างแอร์ ย้ายแอร์ - TJN ENGINEERING,+66 87 789 2253,"155, 1, Ban Klang, เมือง, Lamphun 51000, Thailand",,,Open · Closes 5 PM,,
Loei,ร้านภัทชระ อิเลคทริค(อะไหล่แอร์เมืองเลย)#อะไหล่แอร์บ้าน#อะไหล่เครื่องซักผ้า#อะไหล่ตู้เย็นตู้แช่ #น้ำยาแอร์,+66 93 346 3637,"142 อะไหล่แอร์ อุปกรณ์แอร์, Sathon Chiang Khan Rd, กุดป่อง อ.เมืองเลย, Loei 42000, Thailand",5,29,Open · Closes 6 PM,,
Loei,ร้านจ.เจริญแอร์&เซอร์วิสสาขาเมืองเลย,+66 81 458 8439,"307, ต.เมือง, อ.เมืองเลย, Loei 42000, Thailand",5,23,Open · Closes 3:30 PM,,
Loei,ร้านขายแอร์ เมืองเลย(ไทเทิงภูแอร์)จ.เลย,+66 84 961 0903,"125 Sathon Chiang Khan Rd, Tambon Kut Pong, อ.เมืองเลย, Loei 42000, Thailand",5,28,Open · Closes 7 PM,,
Loei,แอร์บ้าน​ร้าน​ณัฐ​พงษ์​แอร์​,+66 83 889 8823,"HR4M+VPF, 2249 Na Namman, Nam Suai, อ.เมืองเลย, Loei 42000, Thailand",5,1,Open · Closes 7 PM,,
Loei,เย็นเลย แอร์,+66 96 402 1662,"825 ม.11, เมือง, Loei 42000, Thailand",5,2,Open 24 hours,,
Loei,ร้าน สยามแอร์,+66 75 610 164,"FPQJ+3MR, Chum Sai, Kut Pong, อ.เมืองเลย, Loei 42000, Thailand",5,2,,,
Loei,ร้านกังฟูแอร์,+66 63 879 9629,"496/1 ถนน เลย-เชียงคาน, ต.เมือง, อ.เมือง, Loei, Thailand",5,3,Open · Closes 8 PM,,
Loei,พิชิตแอร์ จังหวัดเลย,+66 42 832 642,"17, 22 ซอยมะขามหวาน, Kut Pong, อ.เมืองเลย, Loei 42000, Thailand",5,1,Open now,,
Loei,OTPA Service เราดูแลแอร์ ให้แอร์ดูแลคุณ,+66 62 894 9391,"132/3 Phiphat Mongkhon Rd, กุดป่อง เมือง, Loei 42000, Thailand",5,4,Open · Closes 5 PM,,
Loei,ร้านเมืองเลยเซอร์วิส,+66 90 840 5401,"199 2015, Na An, อ.เมืองเลย, Loei 42000, Thailand",5,1,Open · Closes 7 PM,,
Loei,สหมิตร แอร์ แอนด์ ซาวด์,+66 42 833 578,"18, 18 Maliwan Rd, Kut Pong, อ.เมืองเลย, Loei 42000, Thailand",4.9,16,Open · Closes 6 PM,,
Loei,แอมแอร์-แอนซาวด์ (เลย),+66 81 873 1796,"42/3 ถ Maliwan Alley, Kut Pong, อ.เมืองเลย, Loei 42000, Thailand",4.8,4,Open · Closes 5 PM,,
Loei,Narin Air,+66 81 873 9384,"190 Sathon Chiang Khan Rd, Kut Pong, อ.เมืองเลย, Loei 42000, Thailand",4.5,13,Open · Closes 5:30 PM,,
Loei,บี.ที.แอร์,+66 86 222 6943,"56 ถนน เลย-นาด้วง, กุดป่อง อ.เมืองเลย, Loei 42000, Thailand",3.3,4,Open · Closes 5 PM,,
Loei,เอ.เค.แอร์ แอนด์ อิเล็คทริค,+66 94 394 5797,"300, 6 ถนนเลยเชียงคาน, Tambon Kut Pong, อ.เมืองเลย, Loei 42000, Thailand",,,Open · Closes 6 PM,,
Loei,ส.รุ่งเรืองแอร์เมืองเลย,+66 82 990 9312,"99, กุดป่อง อ.เมืองเลย, Loei 42000, Thailand",,,Open 24 hours,,
Loei,อาทแอร์ เลย,+66 85 043 7591,"เมือง, 863/1, เมือง, Loei 42000, Thailand",,,Open · Closes 6 PM,,
Loei,บุญมีแอร์เซอร์วิส,+66 90 961 0668,"44/1 Wisutthithep Rd, กุดป่อง เมือง, Loei 42000, Thailand",,,Open · Closes 6 PM,,
Lop Buri,หนึ่งแอร์เซอร์วิส ลพบุรี,+66 92 666 9425,"186/4 ม.5 Si Inthrathit Alley, Thanon Yai, Mueang Lop Buri District, Lopburi 15000, Thailand",5,22,Open · Closes 7 PM,,
Lop Buri,ร้านแอร์เวิลด์คอร์ด เอ็นจิเนียริ่ง,+66 36 411 331,"41, 226/40, Thale Chup Son, เมือง, Lopburi 15000, Thailand",5,1,Open · Closes 5 PM,,
Lop Buri,หจก.สมบูรณ์แอร์เซอร์วิสแอนด์ซัพพลาย (สำนักงานใหญ่ลพบุรี),+66 92 603 3353,"92, 21, Tha Sala, Mueang Lop Buri District, Lopburi 15000, Thailand",5,1,Open · Closes 6 PM,,
Lop Buri,นอสแอร์เซอร์วิส,+66 93 534 0222,"ท่าวุ้ง, 344 Khrongkan Ban Sai Noi Mu 1 Rd, Tambon Tha Wung, Tha Wung District, Lopburi 15150, Thailand",5,1,Open · Closes 6 PM,,
Lop Buri,Sor. Air Center Limited Partnership,+66 36 784 461,"11, 99, Tha Sala, Mueang Lop Buri District, Lopburi 15000, Thailand",5,5,Open · Closes 6 PM,,
Lop Buri,ร้าน ลิขิต แอร์ พระพุทธบาท จำหน่ายแอร์ใหม่พร้อมติดตั้ง แอร์เก่า ซ่อม ล้าง ย้าย รับติดตั้งเครื่องทำน้ำอุ่น รับเดินไฟภายในบ้าน,+66 63 208 7209,"88/3, Phra Phutthabat District, Saraburi 18120, Thailand",5,1,Open · Closes 5 PM,,
Lop Buri,แอร์บ้านเอิร์ทแอร์เซอร์วิส,+66 91 883 0874,"292 Chedi 8 Alley, Thale Chup Son, Mueang Lop Buri District, Lopburi 15000, Thailand",5,1,Open 24 hours,,
Lop Buri,สมายแอร์คูลเซอร์วิส,+66 64 492 1332,"233, Tambon Kok Ko, เมือง, Lopburi 15000, Thailand",5,5,Open 24 hours,,
Lop Buri,เค ที แอร์บ้าน พระพุทธบาท,+66 61 783 0066,"7 หมู่ 2, Phra Phutthabat, Phra Phutthabat District, Saraburi 18120, Thailand",4.9,10,Open · Closes 6 PM,,
Lop Buri,มาสเตอร์แอร์ลพบุรี,+66 81 570 4988,"67/20 ม.6 หน้าสนามกอล์ฟ มณฑลทหารบกที่13, Thale Chup Son, เมือง, Lopburi 15000, Thailand",4.9,29,Open · Closes 5 PM,,
Lop Buri,อรุณศรีมอเตอร์แอร์รถยนต์ลพบุรี EV ไฮบริด แอร์รถยนต์ ไดนาโม ระบบไฟ,+66 91 333 5505,"163/4ม.6 ติดอู่ตะวันรุ่งเรื่อง ต.ถนนใหญ่ อ.เมือง, Thanon Yai, Mueang Lop Buri District, Lopburi 15000, Thailand",4.9,31,Open · Closes 5:30 PM,,
Lop Buri,ร้านเพอร์เฟคแอร์ลพบุรี ล้างแอร์ลพบุรี ติดตั้งแอร์ลพบุรี,+66 83 229 2884,"173, 175 Narai Maharach Rd, Thale Chup Son, Mueang Lop Buri District, Lopburi 15000, Thailand",4.8,96,Open · Closes 6 PM,,
Lop Buri,เค.ที. แอร์บ้าน สาขา ลพบุรี,+66 97 079 0945,"326, Tambon Tha Le Chup Sorn, Mueang Lop Buri District, Lopburi 15000, Thailand",4.8,16,Open · Closes 6 PM,,
Lop Buri,ร้านเมืองออโต้แอร์,+66 89 523 1939,"เมืองออโต้แอร์, Tambon Tha Le Chup Sorn, Amphoe Mueang Lop Buri, Lopburi 15000, Thailand",4.8,5,Open · Closes 5:30 PM,,
Lop Buri,แอร์บ้านลพบุรี นำเก้าแอร์,+66 97 237 1895,"272, 277 ถนนใหญ่, Tambon Tha Khae, Mueang Lop Buri District, Lopburi 15000, Thailand",4.7,3,Open 24 hours,,
Lop Buri,บริษัท พี.ที.แอร์ ลพบุรี จำกัด (P.T.AIR LOPBURI),+66 36 426 888,"229 Phahonyothin Rd, Tha Sala, Mueang Lop Buri District, Lopburi 15000, Thailand",4.6,47,Open · Closes 5:30 PM,,
Lop Buri,บ.ป่าตาลแอร์เซอร์วิส 999 สินเจริญชัย จำกัด,+66 89 414 8899,"35 หมู่ 4, Pa Tan, Mueang Lop Buri District, Chang Wat Lopburi 15000, Thailand",4.1,8,Open · Closes 5 PM,,
Lop Buri,สยามแอร์ ไดนาโม แบ็ตเตอรี่ ปากจั่นลพบุรี,+66 87 120 9396,"RJ4W+M4F, Thanon Naresuan, Khao Sam Yot, Mueang Lop Buri District, Lopburi 15000, Thailand",4.1,11,Open · Closes 5 PM,,
Lop Buri,ร้านเอ็นทีแอร์ลพบุรี NT. Air Service จำหน่ายติดตั้ง ซ่อม ล้างแอร์ ทุกรุ่นทุกยี่ห้อ,+66 92 928 9961,"211, 4 ถ.สีหราชเดโชชัย, Tambon Tha Hin, เมือง, Lopburi 15000, Thailand",4,8,Open · Closes 6 PM,,
Lop Buri,วรพงษ์ไฟฟ้าแอร์,+66 81 852 9298,"251 4, Bang Khu, Tha Wung District, Lopburi 15150, Thailand",,,Open · Closes 6 AM Sat,,
Mae Hong Son,เปลี่ยนถ่ายน้ำมันเครื่อง ล้างแอร์ โปรเช็คปตท.,+66 53 611 341,"110 Khunlumprapas Rd, Chong Kham, Mueang Mae Hong Son District, Chang Wat Mae Hong Son 58000, Thailand",5,20,Open · Closes 5 PM,,
Mae Hong Son,ทีพีดี ทีม(2568) ไฟฟ้า /​ แอร์​เซอร์วิส​,+66 86 345 0439,"60/3 Nawa Khotchasan, Chong Kham, เมือง, Mae Hong Son 58000, Thailand",5,1,Open now,,
Mae Hong Son,ตูลีแอร์ ซ่อมไดชาร์จ ไดสตาร์ท แอร์รถยนต์,+66 81 165 7410,"246, Pang Mu, Mueang Mae Hong Son District, Mae Hong Son 58000, Thailand",5,3,Open · Closes 6 PM,,
Mae Hong Son,Chang Pe Dynamo Motor (ช่างเป๋ ไดนาโมมอเตอร์),+66 89 634 1564,"13 2, Pang Mu, Mueang Mae Hong Son District, Mae Hong Son 58000, Thailand",5,7,Open · Closes 5 PM,,
Mae Hong Son,BK AUTOSHOP ถนนเลี่ยงเมือง,+66 63 524 6428,"128, Pang Mu, Mueang Mae Hong Son District, Mae Hong Son 58000, Thailand",5,7,Open · Closes 5 PM,,
Mae Hong Son,ร้าน ชัยอิเล็คทริค 2002,+66 81 288 0812,"27 Nawa Khotchasan, Chong Kham, Mueang Mae Hong Son District, Mae Hong Son 58000, Thailand",4.8,5,Open · Closes 5 PM,,
Mae Hong Son,ห.จ.ก แซมเต๋อยนต์ เคาะพ่นสี(ช่างโจ),+66 81 386 9444,"438/1 หมู่ที่12, Pang Mu, Mueang Mae Hong Son District, Mae Hong Son 58000, Thailand",4.7,17,Open · Closes 5 PM,,
Mae Hong Son,BAAN YAI BON COFFEE,+66 53 611 289,"Khunlum Praphat 1, Pang Mu, Mueang Mae Hong Son District, Mae Hong Son 58000, Thailand",4.6,98,Open · Closes 4:30 PM,,
Mae Hong Son,Saha Panit Company Limited,+66 53 620 666,"109 Khunlumprapas Rd, Chong Kham, Mueang Mae Hong Son District, Mae Hong Son 58000, Thailand",4.5,16,Open · Closes 6 PM,,
Mae Hong Son,ยุทธเครื่องเย็น,+66 53 611 590,"88 ถ, Singha-nat Barm Rung Rd, Chong Kham, อ.เมือง, Mae Hong Son 58000, Thailand",4.5,6,Open · Closes 5 PM,,
Mae Hong Son,Global House Mae Hong Son,+66 61 018 4960,"61 หมู่ 11, Pang Mu, Mueang Mae Hong Son District, Mae Hong Son 58000, Thailand",4.5,178,Open · Closes 7 PM,,
Mae Hong Son,ร้านเย็นเย็น,+66 64 640 0474,"124/6 หมู่ที่ 6 ปางหมู, เมือง, Mae Hong Son 58000, Thailand",4.5,27,Open · Closes 11 PM,,
Mae Hong Son,หจก. เฟืองทอง,+66 53 612 358,"8X88+WJX, Tambon Pang Mu, Mueang Mae Hong Son District, Mae Hong Son 58000, Thailand",4.4,15,Open · Closes 5 PM,,
Mae Hong Son,หจก.สิรดนัยพานิช,+66 81 796 9873,"8X29+VJJ, Ratchatham Phithak, Pang Mu, Mueang Mae Hong Son District, Mae Hong Son 58000, Thailand",4.4,11,,,
Mae Hong Son,ห้างหุ้นส่วนจำกัด แม่ฮ่องสอนไทยเสรี,+66 53 612 146,"7, 9 Ni-wet Pi-sarn Road, Chong Kham, Mueang Mae Hong Son District, Mae Hong Son 58000, Thailand",4.3,7,Open · Closes 5:30 PM,,
Mae Hong Son,พี พี ซาวด์ ประดับยนต์,+66 62 818 6451,"99, 8, Tambon Pang Mu, เมือง, Mae Hong Son 58000, Thailand",1,1,Open · Closes 5 PM,,
Mae Hong Son,ร้านเชาว์แอร์,+66 82 559 8999,"128, 7 Khunlumprapas Rd, Chong Kham, Mueang Mae Hong Son District, Mae Hong Son 58000, Thailand",,,Open · Closes 6 PM,,
Mae Hong Son,ร้านแอร์โอเคโมบายสาขาเมืองแม่ฮ่องสอน,+66 63 445 5152,"116 Khunlum Praphat 4, Chong Kham, Mueang Mae Hong Son District, Mae Hong Son 58000, Thailand",,,Open · Closes 7 PM,,
Mae Hong Son,สารัช แอร์รถยนต์,+66 98 632 4865,"412 หมู่ 12 ซอยผู้ช่วยวัฒน์, เมือง, Mae Hong Son 58000, Thailand",,,Open 24 hours,,
Mae Hong Son,แม่ฮ่องสอน แอร์ แทรเวล,+66 53 613 123,"เลขที่ 21/1 Ni-wet Pi-sarn Road, Chong Kham, Mueang Mae Hong Son District, Mae Hong Son 58000, Thailand",,,Open now,,
Maha Sarakham,เอสพี แอร์ แอนด์ อิเล็คทริค,+66 80 359 8746,"208, เมือง, Maha Sarakham 44000, Thailand",5,21,Open · Closes 8 PM,,
Maha Sarakham,ร้านรุ่งเรืองแอร์อิเลคทริค,+66 99 591 4792,"1, 2 ถนนจุฑางกูร ซ. 13, Talat, Mueang Maha Sarakham District, Maha Sarakham 44000, Thailand",5,5,Open · Closes 5 PM,,
Maha Sarakham,Max Air Service,+66 98 069 2810,"บ้านเลขที่ 910, Tha Khon Yang, Kantharawichai District, Maha Sarakham 44150, Thailand",5,47,Open · Closes 7 PM,,
Maha Sarakham,ร้าน ชวนแอร์เซอร์วิส ติดตั้ง ล้าง ย้าย ซ่อม แอร์บ้าน มหาสารคาม,+66 99 047 0147,"166/17, เมือง, Maha Sarakham 44000, Thailand",5,2,Open · Closes 7 PM,,
Maha Sarakham,รับซ่อมบอร์ดแอร์มหาสารคาม,+66 86 241 9933,"35 Nakhon Sawan 38 Alley, Talat, Mueang Maha Sarakham District, Maha Sarakham 44000, Thailand",5,154,Open 24 hours,,
Maha Sarakham,ต้น แอร์มหาสารคาม (จำหน่ายแอร์มือ2),+66 98 634 4569,"82, 12 Nakhon Sawan Rd, Talat, เมือง, Maha Sarakham 44000, Thailand",5,6,Open · Closes 6 PM,,
Maha Sarakham,เคเอส.ออโต้แอร์ ซ่อมล้างแอร์รถยนต์มหาสารคาม,+66 89 840 2889,"220 หมู่ 11 Theenanon Rd, Koeng, Mueang Maha Sarakham District, Maha Sarakham 44000, Thailand",5,46,Open · Closes 6 PM,,
Maha Sarakham,ช่างภูมิแอร์เซอร์วิส,+66 87 996 3522,"322 1, Kham Riang, Kantharawichai District, Maha Sarakham 44150, Thailand",5,1,Open · Closes 9:30 PM,,
Maha Sarakham,ศิริชัยแอร์&เซอร์วิส,+66 61 358 7067,"184 หมู่13, เมือง, Maha Sarakham 44000, Thailand",5,1,,,
Maha Sarakham,ร้านดอกเตอร์แอร์,+66 80 319 8732,"เลขที่ 178-178/1 Theenanon Rd, Talat, Mueang Maha Sarakham District, Maha Sarakham 44000, Thailand",4.9,40,Open · Closes 5:30 PM,,
Maha Sarakham,หจก.แคร์คลีนแอนด์เซอร์วิส,+66 43 725 543,"23 ซอย 15, Talat, เมือง, Maha Sarakham 44000, Thailand",4.8,11,Open · Closes 5:30 PM,,
Maha Sarakham,สารคามแอร์บ้าน ขายแอร์ ซ่อมแอร์ย้ายแอร์ติดตั้งแอร์ล้างแอร์สารคามช่างแอร์มหาสารคาม,+66 88 339 9883,"146 ตลาด, 13 Theenanon Rd, Tambon Talat, Mueang Maha Sarakham District, Maha Sarakham 44000, Thailand",4.8,24,Open · Closes 6 PM,,
Maha Sarakham,ร้านจิโรจน์แอร์,+66 98 143 1364,"685 ซอย นครสวรรค์ 2, Talat, Mueang Maha Sarakham District, Maha Sarakham 44000, Thailand",4.8,17,Open · Closes 5 PM,,
Maha Sarakham,รุ่งชัย ออโต้ ( แอร์ รถยนต์ ),+66 88 073 1392,"202, 18 ถ. ผดุงวิถี, Talat, Mueang Maha Sarakham District, Maha Sarakham 44000, Thailand",4.8,41,Open · Closes 7 PM,,
Maha Sarakham,ห้างหุ้นส่วนจำกัด สารคามอีควิพเม้นท์,+66 81 661 1937,"364 Nakhon Sawan Rd, Talat, Mueang Maha Sarakham District, Maha Sarakham 44000, Thailand",4.6,16,Open · Closes 5 PM,,
Maha Sarakham,ร้านอนงค์นาถเชอร์วิสแอร์มหาสารคาม,+66 43 995 700,"311, 312, Tha Khon Yang, Kantharawichai District, Maha Sarakham 44150, Thailand",3.7,10,Open · Closes 6 PM,,
Maha Sarakham,กฤษณะ แอร์,+66 95 974 9139,"Tambon Talat, Amphoe Mueang Maha Sarakham, Chang Wat Maha Sarakham 44000, Thailand",,,Open · Closes 6 PM,,
Mukdahan,บ้านแอร์ มุกดาหาร,+66 64 446 9429,"426/12 หมู่3, เมือง, Mukdahan 49000, Thailand",5,25,Open · Closes 6 PM,,
Mukdahan,ติดตั้งแอร์,+66 92 247 7520,"35/8 Chayangkun Rd, Tambon Mukdahan, Mueang Mukdahan District, Mukdahan 49000, Thailand",5,1,Open · Closes 7 PM,,
Mukdahan,ทรัพย์อนันต์ออโต้แอร์,+66 61 716 2878,"Chayangkun Rd, Tambon Bang Sai Yai, Mueang Mukdahan District, Mukdahan 49000, Thailand",5,23,Open 24 hours,,
Mukdahan,ร้าน อุทาน แอร์,+66 42 614 831,"35, 1 ถนน พิทักษ์พนมเขต, Tambon Mukdahan, Mueang Mukdahan District, Mukdahan 49000, Thailand",5,2,,,
Mukdahan,ธีระพงษ์แอร์,+66 85 862 2517,"GPQ6+QQC, Tambon Mukdahan, Mueang Mukdahan District, Mukdahan 49000, Thailand",5,1,Open · Closes 8 PM,,
Mukdahan,ร้าน​SJService​มุกดาหาร​แอร์​ศูนย์​ไหม​,+66 65 239 2505,"172 บ้าน​ศูนย์​ไหม, ซอย​20, Tambon Mukdahan, เมือง, Mukdahan 49000, Thailand",5,1,Open · Closes 5:30 PM,,
Mukdahan,ร้านซ่อมบอร์ดแอร์มุกดาหาร,+66 87 094 3332,"HHPJ+6M, Som Sa-At, Kut Khae, Mueang Mukdahan District, Mukdahan 49000, Thailand",5,3,Open · Closes 6 PM,,
Mukdahan,SBR มอเตอร์แอร์,+66 86 850 2277,"61/3, ถนน มุขดาหาร-ดอนตาล, Si Bun Rueang, Mueang Mukdahan District, Mukdahan 49000, Thailand",5,1,Open · Closes 8 PM,,
Mukdahan,ร้านกิโลศูนย์ออโต้แอร์,+66 98 923 9591,"ศรีบุญเรือง, ร้านกิโลศูนย์ออโต้แอร์ 12/3 ถนนมุกดาหาร-ดอนตาล, เมือง, Mukdahan 49000, Thailand",5,2,Open · Closes 7 PM,,
Mukdahan,ส.สมบูรณ์ การช่าง,+66 81 493 1914,"HPC9+XXR, 212, Tambon Mukdahan, Mueang Mukdahan District, Mukdahan 49000, Thailand",5,3,Open · Closes 6 PM,,
Mukdahan,ร้านแอร์มุกดาหาร,+66 87 081 5691,"232 หมู่ 2, คำป่าหลาย เมือง, Mukdahan 49000, Thailand",4.5,2,Open now,,
Mukdahan,พรทวีออโต้แอร์,+66 81 739 0497,"33/4 ถนนเมืองใหม่, ต.มุกดาหาร Mueang Mukdahan District, จ.มุกดาหาร 49000, Thailand",4.5,4,Open · Closes 6 PM,,
Mukdahan,ร้านโทนอิเล็กทรอนิกส์&แอร์,+856 864791191,"GPJJ+R89, Si Bun Rueang, Mueang Mukdahan District, Mukdahan 49000, Thailand",4.5,6,Open · Closes 6 PM,,
Mukdahan,ร้าน เฟิสท์ออโต้แอร์,+66 42 630 201,"19/1เมืองใหม่, อ.เมือง จ.มุกดาหาร49000, 49000, Thailand",4.2,5,,,
Mukdahan,ศิวพรแอร์,+66 42 613 014,"89 ถนน พิทักษ์พนมเขต, Tambon Mukdahan, Mueang Mukdahan District, Mukdahan 49000, Thailand",3,3,Open · Closes 5 PM,,
Mukdahan,อานนท์ ออโต้แอร์,+856 836639003,"92 Soi Samakkhi 4, Si Bun Rueang, Mueang Mukdahan District, Mukdahan 49000, Thailand",3,2,Open · Closes 6 PM,,
Mukdahan,ร้าน ตี๋ใหญ่อะไหล่แอร์,+66 85 850 2288,"19/7 Viwitsurakhan, Tambon Mukdahan, Mueang Mukdahan District, Mukdahan 49000, Thailand",,,Open · Closes 6 PM,,
Mukdahan,จำปา แอร์,+66 88 070 4073,"16 ซ.เกษตร, Tambon Mukdahan, เมือง, Mukdahan 49000, Thailand",,,Open · Closes 5 PM,,
Mukdahan,Hobby Maintain ติดตั้งระบบไฟฟ้า แอร์ ตู้แช่ห้องเย็น,+66 62 495 2999,"เลขที่ 26 ถนน, Sipathum Alley, Mukdahan, Mueang Mukdahan District, Mukdahan 49000, Thailand",,,Open 24 hours,,
Nakhon Nayok,เบสแอร์ เซอร์วิส แอนด์ ซัพพลาย,+66 86 076 9488,"4 8, Phrommani, Mueang Nakhon Nayok District, Nakhon Nayok 26000, Thailand",5,3,Open · Closes 5 pm,,
Nakhon Nayok,ล้างแอร์ นครนายก,+66 82 472 6565,"233, Tambon Phrommani, เมือง, Nakhon Nayok 26000, Thailand",5,1,Open 24 hours,,
Nakhon Nayok,ร้าน บีเจริญแอร์,+66 89 991 6738,"101, 7 หมู่1 Rangsit - Nakhon Nayok Rd, Tha Chang, เมือง, Nakhon Nayok 26000, Thailand",5,5,Open · Closes 6 pm,,
Nakhon Nayok,เจทีเอ็น อะไหล่แอร์บ้าน,+66 81 909 7765,"127 ม.12, Ban Na District, Nakhon Nayok 26110, Thailand",5,5,Open · Closes 5 pm,,
Nakhon Nayok,อนุรักษ์แอร์,+66 86 154 7652,"เลขที่ 294/1 หมู่ 10 Suwannason Rd, Ban Na District, Nakhon Nayok 26110, Thailand",5,1,Open · Closes 6 pm,,
Nakhon Nayok,ร้าน แสงเจริญ,+66 37 311 511,"2, 250/2 Thanon Sena Phinit, Nakhon Nayok, อ.เมือง, Nakhon Nayok 26000, Thailand",5,3,,,
Nakhon Nayok,ร้านพูลทรัพย์แอร์เซอร์วิส สี่แยก จปร นครนายก,+66 94 895 5937,"48 พรมมณี, Tambon Phrommani, เมือง, Nakhon Nayok 26000, Thailand",5,1,,,
Nakhon Nayok,ร้านแจ็ค แอร์&ไฟฟ้า,+66 88 860 7878,"63RV+F3W, Phikun Ok, Ban Na District, Nakhon Nayok 26110, Thailand",5,1,Open · Closes 7 pm,,
Nakhon Nayok,อภิชาติการแอร์&เซอร์วิส,+66 94 178 8181,"51/1 หมู่11, Sarika, Mueang Nakhon Nayok District, Nakhon Nayok 26000, Thailand",5,1,Open · Closes 5 pm,,
Nakhon Nayok,อำนาจแอร์รถยนต์,+66 65 048 9087,"6765+72Q, Hwy 3239, Si Nawa, Mueang Nakhon Nayok District, Nakhon Nayok 26000, Thailand",4.9,17,Open · Closes 7 pm,,
Nakhon Nayok,ร้านวิเชษฐ์ออโต้แอร์,+66 82 332 2287,"137, 5, Pa Kha, Ban Na District, Nakhon Nayok 26110, Thailand",4.9,13,Open · Closes 6 pm,,
Nakhon Nayok,สยามชัยเซอร์วิส สาขานครนายก,+66 63 474 2481,"4 ตำบล, 365/1 Udom Sap Soi 5, Tambon Nakhon Nayok, Mueang Nakhon Nayok District, Nakhon Nayok 26000, Thailand",4.9,57,Open · Closes 7 pm,,
Nakhon Nayok,นครแอร์,+66 37 320 281,"ข2-251, 24 Rangsit - Nakhon Nayok Rd, นครนายก, Mueang Nakhon Nayok District, Nakhon Nayok 26000, Thailand",4.7,7,Open · Closes 5 pm,,
Nakhon Nayok,โชคแอร์เซอร์วิส,+66 80 634 6204,"15, 8, Sarika, Mueang Nakhon Nayok District, Nakhon Nayok 26000, Thailand",4.7,13,Open · Closes 5 pm,,
Nakhon Nayok,ปุ๊กแอร์รถยนต์,+66 81 743 9609,"145/8 ม.5 Ban Yai Alley, Tambon Ban Yai, เมือง, Nakhon Nayok 26000, Thailand",4.7,20,Open · Closes 6 pm,,
Nakhon Nayok,บ้านนาอะไหล่แอร์ เค.เอกซ์ เซอร์วิส,+66 84 110 4442,"22, 2, Ban Na District, Nakhon Nayok 26110, Thailand",4.7,3,Open · Closes 5 pm,,
Nakhon Nayok,Pichai Air Nakhon Nayok,+66 37 312 998,"173, 39-40 ม.1 Suwannason Rd, Tha Chang, Mueang Nakhon Nayok District, Nakhon Nayok 26000, Thailand",4.4,5,Open · Closes 5 pm,,
Nakhon Nayok,รุ่งวัฒนาแอร์เซอร์วิส,+66 37 314 212,"169, Ban Yai, Mueang Nakhon Nayok District, Nakhon Nayok 26000, Thailand",4.3,18,Open · Closes 6 pm,,
Nakhon Nayok,อะไหล่แอร์ นครนายก,+66 94 662 2894,"1, 288 11, Nakhon Nayok, Mueang Nakhon Nayok District, Nakhon Nayok 26000, Thailand",,,Open · Closes 5 pm,,
Nakhon Nayok,แอร์บ้าน รีสอร์ท สำนักงาน ราคาถูกๆ,+66 83 453 2201,"Pa Kha, Ban Na District, Nakhon Nayok 26110, Thailand",,,Open · Closes 5 pm,,
Nakhon Pathom,ล้างแอร์นครปฐม ติดตั้งแอร์นครปฐม เฟิสท์แอร์เซอร์วิส,+66 84 299 5887,"19 Araya Alley, Tambon Phra Prathom Chedi, เมือง, Nakhon Pathom 73000, Thailand",5,29,Open · Closes 6 PM,,
Nakhon Pathom,"โอแอร์บ้านล้าง 1 ตัว 500 บาท/12,000 Btu",+66 92 296 5944,"39, 23 หมู่ที่ 9 Sisa Khu Rd, Tambon Lam Phaya, Mueang Nakhon Pathom District, Nakhon Pathom 73000, Thailand",5,14,Open · Closes 6:30 PM,,
Nakhon Pathom,เฟิสท์แอร์บ้าน ช่างแอร์นครปฐม ล้างแอร์นครปฐม,+66 84 299 5887,"19/19, Mueang Nakhon Pathom District, Nakhon Pathom 73000, Thailand",5,40,Open · Closes 8 PM,,
Nakhon Pathom,เจนการไฟฟ้า ร้านแอร์นครปฐม,+66 63 195 3388,"1158, 5 Phet Kasem Rd, Sanam Chan Sub-district, Mueang Nakhon Pathom District, Nakhon Pathom 73000, Thailand",5,4,Open · Closes 5:30 PM,,
Nakhon Pathom,กิจดำรงค์แอร์ บางแขม,+66 81 234 5293,"57, 11, Tambon Bang Khaem, Mueang Nakhon Pathom District, Chang Wat Nakhon Pathom 73000, Thailand",5,2,Open · Closes 5:30 PM,,
Nakhon Pathom,ศรัณย์แอร์นครปฐม,+66 93 394 0406,"337/8 Soi Suan Lamyai, Tambon Phra Prathom Chedi, Mueang Nakhon Pathom District, Nakhon Pathom 73000, Thailand",5,1,Open · Closes 6 PM,,
Nakhon Pathom,ช่างเก๋เจริญแอร์,+66 85 184 3686,"R364+QQ7, Tambon Sanam Chan, Mueang Nakhon Pathom District, Nakhon Pathom 73000, Thailand",5,31,Open · Closes 6 PM,,
Nakhon Pathom,ล้างแอร์บ้าน ( ติดตั้ง / ถอด / ล้าง ),+66 84 393 2624,"ช่างเอ็ม แอร์บ้าน นครชัยศรี 51 / 31 ม.3, Nakhon Chai Si District, Nakhon Pathom 73120, Thailand",5,3,Open · Closes 6 PM,,
Nakhon Pathom,ร้านเคเอแอร์แอนด์เซอร์วิส,+66 89 518 3627,"56 Nawang Rd, Nakhon Pathom, Mueang Nakhon Pathom District, Nakhon Pathom 73000, Thailand",5,2,Open · Closes 6 PM,,
Nakhon Pathom,สุภณัท แอร์รถยนต์ แอร์บ้าน,+66 87 759 8414,"Unnamed Road, Tambon Bo Phlap, Mueang Nakhon Pathom District, Nakhon Pathom 73000, Thailand",4.9,121,Open · Closes 10 PM,,
Nakhon Pathom,บริการล้างแอร์บ้าน เค.ที.แอร์ แอนด์เซอร์วิส ช่างแอร์นครปฐม ล้างแอร์นครปฐม,+66 99 128 8886,"หมู่บ้านมณฑาทิพย์ 5 เลขที่ 88/75, เมือง, Nakhon Pathom 73000, Thailand",4.8,24,Open · Closes 5 PM,,
Nakhon Pathom,"AIRZONE COOLING PART CO., LTD.",+66 34 102 330,"339 Malaiman Rd, Tambon Nong Pak Long, Mueang Nakhon Pathom District, Nakhon Pathom 73000, Thailand",4.8,16,Open · Closes 5:30 PM,,
Nakhon Pathom,สุเจริญแอร์,+66 86 668 9938,"Phet Kasem Rd, Phra Prathon, เมือง, Nakhon Pathom 73000, Thailand",4.2,13,Open · Closes 6 PM,,
Nakhon Pathom,ช.เจริญแอร์,+66 84 459 9451,"31, 55, Tha Talat, Sam Phran District, Nakhon Pathom 73110, Thailand",4.2,5,Open · Closes 5:30 PM,,
Nakhon Pathom,ไทยวัฒนาแอร์,+66 34 253 865,"123 Rajvithee Rd, Tambon Phra Prathom Chedi, Mueang Nakhon Pathom District, Nakhon Pathom 73000, Thailand",4.1,87,Open · Closes 6 PM,,
Nakhon Pathom,ร้านศุภมงคลแอร์บ้าน แอร์รถยนต์,+66 89 550 0925,"698 Tahanbok Soi 15, Tambon Bo Phlap, Mueang Nakhon Pathom District, Nakhon Pathom 73000, Thailand",4.1,18,Open · Closes 5 PM,,
Nakhon Pathom,พรานแอร์,+66 34 220 551,"117/18-19 หมู่2, Phet Kasem Rd, ตำบลคลองใหม่ Sam Phran District, Nakhon Pathom 73110, Thailand",3.9,7,Open · Closes 5 PM,,
Nakhon Pathom,ซีทีแอร์แอนด์ซัพพลายเซอร์วิส สาขานครปฐม,+66 85 140 4794,"22, 10, Sisa Thong, Nakhon Chai Si District, Nakhon Pathom 73120, Thailand",3.7,12,Open · Closes 5 PM,,
Nakhon Pathom,ร้านรักษ์แอร์​ นครปฐม,+66 88 544 6900,"96, 8, Thammasala, Mueang Nakhon Pathom District, Nakhon Pathom 73000, Thailand",3.6,8,Open · Closes 5 PM,,
Nakhon Phanom,ร้านบ้านแอร์นครพนม,+66 92 494 0513,"42, Nai Mueang, เมือง, Nakhon Phanom 48000, Thailand",5,4,Open · Closes 6 PM,,
Nakhon Phanom,ร้านแอร์ใกล้ฉัน,+66 91 009 5167,"234, เมือง, Nakhon Phanom 48000, Thailand",5,8,Open · Closes 5 PM,,
Nakhon Phanom,หนองแสงแอร์,+66 91 818 8171,"36 ถ Aphiban Bancha, Tambon Nai Mueang, Mueang Nakhon Phanom District, Nakhon Phanom 48000, Thailand",5,7,Open · Closes 6 PM,,
Nakhon Phanom,Aekachai Motor Air,+66 81 363 9555,"107 หมู่ 3 Nittayo Rd, Nong Yat, Mueang Nakhon Phanom District, Nakhon Phanom 48000, Thailand",5,4,Open · Closes 5 PM,,
Nakhon Phanom,สยามชัยเซอร์วิส สาขานครพนม,+66 65 715 3782,"302, 6 Nittayo Rd, Nong Yat, อ.เมือง, Nakhon Phanom 48000, Thailand",5,56,Open · Closes 7 PM,,
Nakhon Phanom,AP air นครพนม,+66 64 446 9429,"40, Adunyathan Alley, Nai Mueang, เมือง, Nakhon Phanom 48000, Thailand",5,4,,,
Nakhon Phanom,มงคลไดนาโม แอร์,+66 86 316 6564,"ชุมชนวัดป่าศรีสมพร, 29/16 ถนนนิตโย เส้นบายพาสหนองญาติ-ท่าอุเทน, Nong Yat, Mueang Nakhon Phanom District, Nakhon Phanom 48000, Thailand",5,3,Open · Closes 8 PM,,
Nakhon Phanom,ร้านเป็นต่อเซอร์วิส บริการซ่อมล้างติดตั้งแอร์ เครื่องซักผ้า ตู้เย็น ตู้แช่,+66 85 927 7002,"อาจสามารถ, 120 หมู่ 2 บ้าน, Mueang Nakhon Phanom District, Nakhon Phanom 48000, Thailand",5,12,Open · Closes 5 PM,,
Nakhon Phanom,บริษัท สยามแอร์คอนดิชั่น จำกัด,+66 62 679 0444,"152, 22 Nittayo Rd, Nai Mueang, Mueang Nakhon Phanom District, Nakhon Phanom 48000, Thailand",4.9,62,Open · Closes 5 PM,,
Nakhon Phanom,รุ่งเรืองแอร์ นครพนม,+66 89 777 3005,"หลังวัดกกต้อง Mueang Nakhon Phanom District, Nakhon Phanom 48000, Thailand",4.8,4,Open · Closes 6 PM,,
Nakhon Phanom,ไทยเอ็กซ์ ดิจิตอล เฮ้าส์,+66 42 516 400,"2, 2 Chayangkun Rd, Nong Yat, Mueang Nakhon Phanom District, Nakhon Phanom 48000, Thailand",4.8,6,Open · Closes 5:30 PM,,
Nakhon Phanom,N.K.P.Airauto Service,+66 93 193 9542,"เลขที่ 91/1 Phinit Rang San Alley, Tambon Nai Mueang, Mueang Nakhon Phanom District, Nakhon Phanom 48000, Thailand",4.5,51,Open · Closes 5 PM,,
Nakhon Phanom,สมศักดิ์ อะไหล่แอร์ - รถยนต์ นครพนม,+856 42 511 751,"9QWQ+WGF, Nai Mueang, Mueang Nakhon Phanom District, Nakhon Phanom 48000, Thailand",4.5,4,Open · Closes 5 PM,,
Nakhon Phanom,ร้านเล็กแอร์ โดยนายเลื่องลือ ทรัพย์ถิระ,+66 81 545 0685,"206 ถ. เฟื่องนคร, Tambon Nai Mueang, Mueang Nakhon Phanom District, Nakhon Phanom 48000, Thailand",4.3,3,Open · Closes 5 PM,,
Nakhon Phanom,กระจายเซลส์ แอนด์ เซอร์วิส,+66 97 302 3945,"814/1 Aphiban Bancha, Nai Mueang, Mueang Nakhon Phanom District, Nakhon Phanom 48000, Thailand",4.2,27,Open · Closes 5:30 PM,,
Nakhon Phanom,สมนึกไดนาโม แอร์,+66 89 571 3560,"9PMP+CQ3, Nong Yat, Mueang Nakhon Phanom District, Nakhon Phanom 48000, Thailand",4,9,Open · Closes 6 PM,,
Nakhon Phanom,เอสดี้ ไดนาโม แอร์,+66 62 268 3156,"9PWG+4QP, ราชภัฏ, Na Sai, Nakhon Phanom, Thailand",4,2,Open · Closes 5 PM,,
Nakhon Phanom,ร้าน ณัฐชัย แอร์,+66 81 145 5904,"207 ถ ถ. เฟื่องนคร, Nai Mueang, เมือง, Nakhon Phanom 48000, Thailand",3.4,5,Open 24 hours,,
Nakhon Phanom,สมรักษ์แอร์-การไฟฟ้า โดยนายพรชัย ชัยสุนทร,+66 42 511 949,"33/1 บำรุงเมือง, Nai Mueang, Mueang Nakhon Phanom District, Nakhon Phanom 48000, Thailand",,,,,
Nakhon Phanom,ติดตั้งแอร์,+66 92 247 7515,"147/3 ถนน Pracha Ruam Mit, Nong Yat, Mueang Nakhon Phanom District, Nakhon Phanom 48000, Thailand",,,Open · Closes 7 PM,,
Nakhon Ratchasima,อะไหล่แอร์ SR Air โคราช,+66 89 166 3893,"95/5 ซอย กิ่งสวายเรียง, Tambon Nai Mueang, เมือง, Nakhon Ratchasima 30000, Thailand",5,2,Open · Closes 5 PM,,
Nakhon Ratchasima,โคราชแอร์ถูกดี,+66 92 992 7987,"239/33 อาคาร, เมือง, Nakhon Ratchasima 30000, Thailand",5,1,Open · Closes 12 AM,,
Nakhon Ratchasima,ร้านโสภณแอร์ (ช่างปาว),+66 80 370 4910,"W4P2+P5J, Pho Klang, Mueang Nakhon Ratchasima District, Nakhon Ratchasima 30000, Thailand",5,3,Open · Closes 6 PM,,
Nakhon Ratchasima,ร้านบีดีแอร์บ้าน@ศาลาลอย,+66 81 034 0706,"135 Taosura 3 Alley, Nai Mueang, Mueang Nakhon Ratchasima District, Nakhon Ratchasima 30000, Thailand",5,4,Open · Closes 5 PM,,
Nakhon Ratchasima,แอร์บ้านราคาขายส่ง..โคราช,+66 93 459 0900,"X4F3+V83, Manat Rd, Tambon Nai Mueang, Mueang Nakhon Ratchasima District, Nakhon Ratchasima 30000, Thailand",5,1,Open · Closes 5 PM,,
Nakhon Ratchasima,ห้างหุ้นส่วนจำกัด โคราชธารทองแอร์ ร้านขายแอร์โคราช,+66 95 605 6609,"558 ถ. โพธิ์กลาง, Tambon Nai Mueang, Mueang Nakhon Ratchasima District, Nakhon Ratchasima 30000, Thailand",4.9,270,Open · Closes 6 PM,,
Nakhon Ratchasima,ช่างแอร์โคราช Aroon Air Service ล้าง ย้าย ติดตั้งแอร์,+66 82 862 5706,"2402, Tambon Nai Mueang, เมือง, Nakhon Ratchasima 30000, Thailand",4.9,15,Open · Closes 6 PM,,
Nakhon Ratchasima,ติดแอร์โคราช ล้างแอร์ ย้ายแอร์ ราคาถูก,+66 82 150 7697,"666/162, Cho Ho, เมือง, Nakhon Ratchasima, Thailand",4.9,11,Open · Closes 5 PM,,
Nakhon Ratchasima,พี.บี.แอร์ เซอร์วิส,+66 93 565 9559,"1522/1 ข้างวัดใหม่อัมพวัน ในเมือง, Nakhon Ratchasima 30000, Thailand",4.9,30,Open · Closes 5 PM,,
Nakhon Ratchasima,ฟิวชั่นแอร์ ออล อีวี โคราช,+66 62 594 4265,"1111/9 Sura Narai Rd Ko, Ban Ko, Mueang Nakhon Ratchasima District, Nakhon Ratchasima 30000, Thailand",4.8,38,Open · Closes 5 PM,,
Nakhon Ratchasima,ลีมอเตอร์แอร์-ช่างลี,+66 81 389 2310,"757, 100 แผ่นดินทองซิตี้6, Tambon Nai Mueang, Mueang Nakhon Ratchasima District, Nakhon Ratchasima 30000, Thailand",4.8,38,Open · Closes 5 PM,,
Nakhon Ratchasima,เอพี แอร์ แอนด์ เซอร์วิส,+66 81 966 8163,"403 หมู่ที่ 2 DPT. Rd, Talat, Mueang Nakhon Ratchasima District, Nakhon Ratchasima 30310, Thailand",4.7,3,Open · Closes 5:30 PM,,
Nakhon Ratchasima,ล้างแอร์โคราช ซ่อม ติดตั้ง จำหน่าย แอร์โคราช,+66 93 951 4447,"583, 2, Pho Klang, เมือง, Nakhon Ratchasima 30000, Thailand",4.7,12,Open · Closes 5 PM,,
Nakhon Ratchasima,ร้านพัฒนาแอร์,+66 86 444 4299,"หมู่ที่ 1, บ้านเลขที่ 213, Nong Krathum, Mueang Nakhon Ratchasima District, Nakhon Ratchasima 30000, Thailand",4.7,7,Open · Closes 5 PM,,
Nakhon Ratchasima,ร้านบีดี แอร์แอนด์เซอร์วิส (สาขาโคราช),+66 81 034 0706,"หมู่บ้าน, 445 Soi Rungnirun 4, Tambon Suranari, เมือง, Nakhon Ratchasima 30000, Thailand",4.6,11,Open · Closes 6:30 PM,,
Nakhon Ratchasima,คิวแอร์คอน แอร์มือสองโคราช Qaircon Korat,+66 87 451 1666,"73 หมู่ 6 ถนนมุขมนตรี, บ้านใหม่ เมือง, Nakhon Ratchasima 30000, Thailand",4.6,10,Open · Closes 6 PM,,
Nakhon Ratchasima,เอพี แอร์โคราช,+66 99 612 3904,"173, Hua Thale, Mueang Nakhon Ratchasima District, Nakhon Ratchasima 30000, Thailand",4.5,4,Open · Closes 7 PM,,
Nakhon Ratchasima,ธนทรัพย์แอร์แอนด์ซัพพลาย,+66 99 359 3697,"273, 37 ตรอกวัดท่าตะโก, Thesaban Nakhon Nakhon Ratchasima, Mueang Nakhon Ratchasima District, Chang Wat Nakhon Ratchasima 30000, Thailand",4.4,9,Open · Closes 6:30 PM,,
Nakhon Ratchasima,บจก. พิทักษ์สินแอร์ โคราช,+66 44 990 722,"143/61-62 ถนน, St Mari Rd, Nai Mueang, Mueang Nakhon Ratchasima District, Nakhon Ratchasima 30000, Thailand",4.1,16,Open · Closes 6 PM,,
Nakhon Ratchasima,AtchanaiAir,+66 91 669 5595,"107/2 Mahachai Soi 1, Tambon Nai Mueang, Mueang Nakhon Ratchasima District, Nakhon Ratchasima 30000, Thailand",4.1,19,Open · Closes 8 PM,,
Nakhon Sawan,เอ็ม89 แอร์ คูล นครสวรรค์,+66 83 294 1820,"999, 7, Wat Sai Sub-district, เมือง, Nakhon Sawan 60000, Thailand",5,379,Open · Closes 8 PM,,
Nakhon Sawan,ดี.โกดังแอร์ (D.Go-Dang Air),+66 56 223 394,"69, 63 Daowadung rd, Tambon Pak Nam Pho, Mueang Nakhon Sawan District, Nakhon Sawan 60000, Thailand",5,5,Open · Closes 6 PM,,
Nakhon Sawan,คะนิ้ง แอร์ 2,+66 86 383 2523,"810/24, หมู่ 7, หนองปลิง, Mueang Nakhon Sawan District, Nakhon Sawan 60000, Thailand",5,2,Open · Closes 5 PM,,
Nakhon Sawan,อมรชัยแอร์(มารุต),+66 82 881 8851,"558 ต, 198, Nakhon Sawan Tok, Mueang Nakhon Sawan District, Nakhon Sawan 60000, Thailand",5,1,Open · Closes 7 PM,,
Nakhon Sawan,ศรีไชยแอร์,+66 89 436 2001,"17, 393, Tambon Wat Sai, เมือง, Nakhon Sawan 60000, Thailand",5,1,Open · Closes 6 PM,,
Nakhon Sawan,พีเค เซอร์วิสแอร์บ้าน ช่างโอ,+66 64 594 4973,"บ้านเลขที่ 4/9 หนองปลิง-เขาทอง, ซอย.9, Tambon Nong Pling, เมือง, Nakhon Sawan 60000, Thailand",5,5,Open · Closes 5 PM,,
Nakhon Sawan,"Phitsanuair Continuous Co., Ltd.",+66 85 666 4559,"187, 18 Matulee Rd, Tambon Pak Nam Pho, เมือง, Nakhon Sawan 60000, Thailand",5,9,Open · Closes 6 PM,,
Nakhon Sawan,สุชาติ แอร์,+66 89 193 7501,"P4JF+MGM, Bang Muang, Mueang Nakhon Sawan District, Nakhon Sawan 60000, Thailand",5,3,Open · Closes 6 PM,,
Nakhon Sawan,ร้านนครแอร์ (2015) ขายแอร์มือสอง แอร์บ้าน แอร์ถูก ล้าง ซ่อม,+66 92 795 3083,"67 ม.9 ซอย8, Nakhon Sawan Tok, เมือง, Nakhon Sawan 60000, Thailand",5,1,Open · Closes 6 PM,,
Nakhon Sawan,KANING AIR CONDITION COMPANY LIMITED,+66 80 286 2485,"43, 18 หมู่ 9, Tambon Pak Nam Pho, Mueang Nakhon Sawan District, Nakhon Sawan 60000, Thailand",4.9,283,Open · Closes 7 PM,,
Nakhon Sawan,ส.เจริญมอเตอร์แอร์,+66 86 212 3519,"เลขที่57/1 Wong Sawan, Tambon Pak Nam Pho, Mueang Nakhon Sawan District, Nakhon Sawan 60000, Thailand",4.9,21,Open · Closes 5 PM,,
Nakhon Sawan,สหชัยแอร์ (1992),+66 81 887 9474,"23, 1 Attakavee, Pak Nam Pho, Mueang Nakhon Sawan District, Nakhon Sawan 60000, Thailand",4.8,8,Open · Closes 6 PM,,
Nakhon Sawan,วิเศษแอร์ นครสวรรค์,+66 56 882 289,"119/9 หมู่ 5 ถนนไกรลาศ, Nakhon Sawan Tok, Mueang Nakhon Sawan District, Nakhon Sawan 60000, Thailand",4.8,11,Open · Closes 5 PM,,
Nakhon Sawan,ร้าน บี.ดี.แอร์เซอร์วิส,+66 83 262 6394,"P433+CVG, Soi Chon Tawan 15, Tambon Pak Nam Pho, Mueang Nakhon Sawan District, Nakhon Sawan 60000, Thailand",4.6,7,Open · Closes 5 PM,,
Nakhon Sawan,วิทยาเอเชียแอร์ ตรงข้ามบิ๊กซี1 นครสวรรค์ ติดรพ.ปากน้ำโพ,+66 56 222 123,"96/4-7 หมู่ 9 ถนนสายเอเชีย นครสวรรค์ตก, Mueang Nakhon Sawan District, Nakhon Sawan 60000, Thailand",4.6,45,Open · Closes 6 PM,,
Nakhon Sawan,Charoen Air,+66 86 680 0030,"119, 5, Mueang Nakhon Sawan District, Nakhon Sawan 60000, Thailand",4.5,11,Open · Closes 7 PM,,
Nakhon Sawan,ปิยพงษ์แอร์,+66 89 270 5667,"999, Phahonyothin Rd, Nong Krot, Mueang Nakhon Sawan District, Nakhon Sawan 60240, Thailand",4.5,13,Open · Closes 5 PM,,
Nakhon Sawan,ร้านปริญญาแอร์,+66 87 201 9973,"164 หมู่2, Nakhon Sawan Tok, Mueang Nakhon Sawan District, Nakhon Sawan 60000, Thailand",4.5,4,Open · Closes 6 PM,,
Nakhon Sawan,หจก.อินเตอร์แอร์คูลลิ่ง,+66 56 233 455,"1002 ซอย 3, Tambon Pak Nam Pho, เมือง, Nakhon Sawan 60000, Thailand",4.3,7,Open · Closes 6 PM,,
Nakhon Sawan,ร้าน ซิตี้แอร์ นครสวรรค์,+66 93 892 0344,"ถ. พรหมนิมิตร, Tambon Wat Sai, Mueang Nakhon Sawan District, Nakhon Sawan 60000, Thailand",,,Open · Closes 5:30 PM,,
Nakhon Si Thammarat,หนึ่งแอร์แอนด์เซอร์วิส,+66 95 417 7491,"30, 3, Tambon Tha Ngio, เมือง, Nakhon Si Thammarat 80280, Thailand",5,1,Open · Closes 6 PM,,
Nakhon Si Thammarat,ร้านแบงค์แอร์ เซอร์วิส,+66 61 138 1237,"32/1, เมือง, Nakhon Si Thammarat 80000, Thailand",5,14,Open · Closes 5 PM,,
Nakhon Si Thammarat,แอร์คูลขวาง Air Cool Khwang,+66 96 669 2606,"40, 168 Phatthanakan Khukwang Rd, Tambon Tha Wang, Mueang Nakhon Si Thammarat District, Nakhon Si Thammarat 80000, Thailand",5,1,Open · Closes 6 PM,,
Nakhon Si Thammarat,จูนแอร์,+66 89 589 8209,"27, 21 ถนนกะโรม, Tambon Pho Sadet, Mueang Nakhon Si Thammarat District, Nakhon Si Thammarat 80000, Thailand",5,24,Open · Closes 6 PM,,
Nakhon Si Thammarat,ร้านมานะแอร์แอนด์เซอร์วิส,+66 87 463 7902,"167, 53 ถ. สะพานยาว, Tambon Na Khian, Mueang Nakhon Si Thammarat District, Nakhon Si Thammarat 80000, Thailand",5,5,Open · Closes 5:30 PM,,
Nakhon Si Thammarat,NB มอเตอร์แอร์,+66 86 350 1044,"516, 1 ถนนกระโรม, Pho Sadet, Mueang Nakhon Si Thammarat District, Nakhon Si Thammarat 80000, Thailand",5,2,Open · Closes 5 PM,,
Nakhon Si Thammarat,นรสิงห์แอร์ เซอร์วิส,+66 84 851 3012,"68 32, Tha Sak, เมือง, Nakhon Si Thammarat 80000, Thailand",5,1,Open · Closes 5:30 PM,,
Nakhon Si Thammarat,บริษัท ไทยธรรมแอร์จำกัด,+66 93 565 5672,"100 Thanon Om Kai Wachirawuth, Tambon Pak Phun, Mueang Nakhon Si Thammarat District, Nakhon Si Thammarat 80000, Thailand",5,3,Open · Closes 6 PM,,
Nakhon Si Thammarat,ร้านแอร์พรหมคีรี,+66 85 474 1686,"44/2, Phrom Khiri District, Nakhon Si Thammarat 80320, Thailand",5,4,Open · Closes 5 PM,,
Nakhon Si Thammarat,ร้านส.จิตตพันแอร์,+66 82 776 0484,"2, 10 Big Te Alley, Tambon Nai Mueang, Mueang Nakhon Si Thammarat District, Nakhon Si Thammarat 80000, Thailand",5,1,Open · Closes 5 PM,,
Nakhon Si Thammarat,บริษัท อาร์ เอช แว็ค ซิสเต็ม เอ็นจิเนียริ่ง จำกัด,+66 75 310 504,"416, 418 ถ Tewaburi, Pho Sadet, Mueang Nakhon Si Thammarat District, Nakhon Si Thammarat 80000, Thailand",4.9,11,Open · Closes 5:30 PM,,
Nakhon Si Thammarat,สุชาติออโต้แอร์ นครศรีธรรมราช,+66 99 265 5359,"132, 3 นครศรีธรรมราช - ปากพนัง, Tambon Nai Mueang, Mueang Nakhon Si Thammarat District, Chang Wat Nakhon Si Thammarat 80000, Thailand",4.9,31,Open · Closes 5 PM,,
Nakhon Si Thammarat,โอ๋ ออโต้แอร์,+66 95 272 7744,"335/16, Pak Phun, เมือง, Nakhon Si Thammarat 80000, Thailand",4.9,15,Open · Closes 5 PM,,
Nakhon Si Thammarat,ช่างแอร์บ้าน,+66 64 924 6357,"594, 1 Thanon Om Kai Wachirawuth, Pak Phun, เมือง, Nakhon Si Thammarat 80000, Thailand",4.8,16,Open · Closes 9:30 PM,,
Nakhon Si Thammarat,ร้านแอร์ นครศรีธรรมราช ล้างแอร์ ช่างแอร์ ติดแอร์ - ยาซีนแอร์ ตู้เย็น เครื่องใช้ไฟฟ้า,+66 88 761 3421,"94, 12 ม.1 Thanon Om Kai Wachirawuth, Pak Phun, Mueang Nakhon Si Thammarat District, Nakhon Si Thammarat 80000, Thailand",4.8,8,Open · Closes 5 PM,,
Nakhon Si Thammarat,กวางแอร์เซอร์วิส,+66 93 636 2489,"190/8, Tha Wang, เมือง, Nakhon Si Thammarat 80000, Thailand",4.8,14,Open · Closes 5 PM,,
Nakhon Si Thammarat,ร้านชัยยันต์แอร์&วิศวกรรมนครศรีฯ,+66 84 690 0033,"ร้านชัยยันต์ แอร์&วิศวกรรม 180/19, ถนนเทวราช, Mueang Nakhon Si Thammarat District, Nakhon Si Thammarat 80000, Thailand",4.5,6,Open · Closes 5 PM,,
Nakhon Si Thammarat,ชัยเจริญ ออโตเซ็นเตอร์,+66 75 356 532,"ถนนเทวราช, Tambon Tha Wang, Mueang Nakhon Si Thammarat District, Nakhon Si Thammarat 80000, Thailand",4.3,31,Open · Closes 5:30 PM,,
Nakhon Si Thammarat,ร้านท่าโพธิ์แอร์,+66 89 875 9377,"1762 คลอง, 8-9 ถนน ท่าโพธิ์, Tambon Tha Wang, Mueang Nakhon Si Thammarat District, Nakhon Si Thammarat 80000, Thailand",4.3,35,Open · Closes 5:15 PM,,
Nan,แอร์บ้านน่าน นคร เซอร์วิส,+66 95 693 5280,"หมู่ที่ 6, 90, Pha Sing, Mueang Nan District, Nan 55000, Thailand",5,8,Open · Closes 9:59 PM,,
Nan,โลมอีเลคทริค,+66 86 773 3471,"258, ต.ไชยสถาน อ.เมื่อง, Nan 55000, Thailand",5,10,Open · Closes 6 PM,,
Nan,ชัยรัตน์มอเตอร์แอร์,+66 89 552 6454,"130, Chaiyasathan, Mueang Nan District, Nan 55000, Thailand",5,3,Open · Closes 5:30 PM,,
Nan,M.Air Service,+66 87 583 4493,"109, Du Tai, Mueang Nan District, Nan 55000, Thailand",5,7,Open · Closes 5 PM,,
Nan,สยามชัยเซอร์วิส สาขาน่าน,+66 65 719 4839,"581, 1, ต.ไชยสถาน Mueang Nan District, Nan 55000, Thailand",4.9,53,Open · Closes 7 PM,,
Nan,ร้าน อารีอีเลคทริค,+66 54 718 368,"15/1 Rop Muaeng Thittawantok, Nai Wiang, Mueang Nan District, Nan 55000, Thailand",4.7,20,Open · Closes 5 PM,,
Nan,พิษณุมอเตอร์แอร์,+66 89 759 4343,"19, 7 Thanon Mahaphrom Rd ตำบล ใน, Nai Wiang, Mueang Nan District, Nan 55000, Thailand",4.6,11,Open · Closes 5:30 PM,,
Nan,รวมชัยมอเตอร์,+66 54 772 906,"2 1091, Chaiyasathan, Mueang Nan District, Nan 55000, Thailand",4.2,25,Open · Closes 6 PM,,
Nan,แนนออโต้แอร์,+66 83 302 9205,"46, Chaiyasathan, Mueang Nan District, Nan 55000, Thailand",4,1,Open · Closes 5 PM,,
Nan,ร้านกอบทรัพย์หม้อน้ำแอร์-น่าน,+66 89 996 1596,"9, 7 ถนนเปรมประชาราฏษ์, Nai Wiang, เมือง, Nan 55000, Thailand",4,1,Open now,,
Nan,แอร์ดีมีสกุล,+66 93 308 1527,"300/94 กาดน้ำทองน่าน ถนน องค์การบริหารส่วนตำบล ดู่ใต้ บ้านดู่เหนือ ดู่ใต้, เมือง, Nan 55000, Thailand",3.7,3,Open · Closes 7 PM,,
Nan,โชคอนันต์แอร์,+66 89 433 1201,"56 Phakong, Nai Wiang, Mueang Nan District, Nan 55000, Thailand",3.5,2,Open · Closes 7 PM,,
Nan,น่านคลีนิคแอร์ โดยนายอดุลย์เดช ต๊ะนา,+66 93 291 4228,"หมู่บ้านเอื้ออาทรน่าน, 50/96 หมู่15 ซอย2/2 50/96, 2 Ariyawong Soi 2, Du Tai, อ.เมือง Nan 55000, Thailand",,,Open · Closes 5:30 PM,,
Nan,ไฟฟ้าแอร์เซอร์วิส,+66 81 287 1681,"QQWM+89M, Nai Wiang, Mueang Nan District, Nan 55000, Thailand",,,Open · Closes 6:30 PM,,
Nan,ร้าน ฅนน่านแอร์ เซอร์วิส,+66 93 642 9522,"Chao Fa Rd ตำบล ใน, Nai Wiang, Mueang Nan District, Nan 55000, Thailand",,,Open · Closes 5 PM,,
Nan,ร้าน ป.เจริญแอร์,+66 81 992 6448,"3, 2 Rangsi Kasem หมู่บ้านดอนแก้ว, ตำบลในเวียง อำเภอเมือง, Nan 55000, Thailand",,,,,
Nan,ไพโรจน์แอร์,+66 81 681 1171,"93, 1, Tambon Pha Sing, Mueang Nan District, Nan 55000, Thailand",,,Open · Closes 8 PM,,
Nan,ติดตั้งแอร์,+66 92 247 7523,"288, Chaiyasathan, Mueang Nan District, Nan 55000, Thailand",,,Open · Closes 7 PM,,
Narathiwat,FD แอร์รถยนต์,+66 63 596 6377,"35 6, Lam Phu, Mueang Narathiwat District, Narathiwat 96000, Thailand",5,17,Open · Closes 6 PM,,
Narathiwat,หจก.แกรนด์อีเล็คทริค แอร์เซอร์วิส,+66 73 514 908,"2/2 1, ซอย อดุลตานนท์ 6, Bang Nak, Narathiwat, Thailand",5,1,Open · Closes 6 PM,,
Narathiwat,บางนราแอร์ - Bangnara Air,+66 85 232 4133,"CRH8+P67, Bang Nak, Mueang Narathiwat District, Narathiwat 96000, Thailand",5,1,Closed · Opens 8 AM Sat,,
Narathiwat,ร้านครูช่างแอร์รถยนต์นราธิวาส,+66 97 351 5980,"3 ถนนบายพาส ตรงข้าม อบ, 8, Kaluwo, Mueang Narathiwat District, Narathiwat 96000, Thailand",5,28,Open · Closes 5:30 PM,,
Narathiwat,ร้านดลนพชัย บริการแอร์ (รถ) เซอร์วิส,+66 83 191 6887,"แยกปลักปลา, ร้านดลนพชัย บริการแอร์ (รถ) เซอร์วิส, Suriya Pradit Rd, Lam Phu, Mueang Narathiwat District, Narathiwat 96000, Thailand",5,2,Open · Closes 6 PM,,
Narathiwat,ไทร์พลัส เอส.วี.ประดับยนต์,+66 73 516 111,"2/12 ซอยชาญอุทิศ, ถนนชาญอุทิศ, Narathiwat 96000, Thailand",4.9,508,Open · Closes 5 PM,,
Narathiwat,ร้าน บีเอฟแอร์ ช่างลี,+66 91 849 9076,"260, 2, Lahan, Yi-ngo District, Narathiwat 96180, Thailand",4.8,6,Open · Closes 5 PM,,
Narathiwat,ร้าน ฟิตแอร์ เซอร์วิส นราธิวาส,+66 98 027 7784,"183 Rangaemunka Rd, Bang Nak, Mueang Narathiwat District, Narathiwat 96000, Thailand",4.7,33,Open 24 hours,,
Narathiwat,ร้านเพื่อนแอร์ เซอร์วิส​​ นราธิวาส,+66 73 511 113,"16 Sopapisai Rd, Bang Nak, Mueang Narathiwat District, Narathiwat 96000, Thailand",4.5,11,Open · Closes 5 PM,,
Narathiwat,ร้านชุมแอร์ นราธิวาส,+66 90 290 9454,"300, 27 ม.7 Sopapisai Rd, Tambon Khok Khian, Mueang Narathiwat District, Narathiwat 96000, Thailand",4.5,16,Open · Closes 5 PM,,
Narathiwat,คลังแอร์ เซอร์วิส นราธิวาส,+66 89 656 3586,"CRFH+R56, Bang Nak, Mueang Narathiwat District, Narathiwat 96000, Thailand",4.3,14,Open · Closes 5 PM,,
Narathiwat,บ้านแอร์เซอร์วิส (สำนักงาน),+66 80 710 6961,"1 ถนนบายพาส, Bang Nak, Mueang Narathiwat District, Narathiwat 96000, Thailand",4,1,Open · Closes 5 PM,,
Narathiwat,นราออโต้แอร์ โดยนายสมพงษ์ จันทรวิศรุต,+66 73 511 901,"319 Phichitbumrung Rd, Bang Nak, Mueang Narathiwat District, Narathiwat 96000, Thailand",3.5,2,,,
Narathiwat,ห้างหุ้นส่วนจำกัด พี.เอ็ม.ที.เซ็นเตอร์,+66 73 516 188,"4, 10 ซอยอดุลตานนท์ 1, Bang Nak, Mueang Narathiwat District, Narathiwat 96000, Thailand",,,Open · Closes 5 PM,,
Narathiwat,ร้านแกรนด์อีเล็คทริค,+66 84 748 9417,"91/25 ถ.ระแงะมรรคา ตำบลบางนาค อำเภอเมือง, Bang Nak, Mueang Narathiwat District, Narathiwat 96000, Thailand",,,Open · Closes 7 PM,,
Narathiwat,ร้านประสิทธิ์แอร์,+66 90 179 7881,"23 ถ.ระแงะมังคา, Tambon Bang Nak, เมือง, Narathiwat 96000, Thailand",,,,,
Narathiwat,ซัน แอร์ & อิเล็กทริคส์ เซอร์วิส,+66 86 968 6286,"100, 1, Lubosawo, Bacho District, Narathiwat 96170, Thailand",,,Closed · Opens 8 AM Sat,,
Narathiwat,ร้านยะกังเซอร์วิส(ยะกังแอร์),+66 81 275 3756,"200 Rangaemunka Rd, Tambon Bang Nak, เมือง, Narathiwat 96000, Thailand",,,Open · Closes 5 PM,,
Nong Bua Lamphu,ออโต้แอร์เซอร์วิส,+66 80 181 2730,"335, Pho Chai, Mueang Nong Bua Lam Phu District, Nong Bua Lam Phu 39000, Thailand",5,2,Open · Closes 6 PM,,
Nong Bua Lamphu,อภิเชษฐ์ แอร์ไดนาโม,+66 86 221 9641,"105, Lam Phu, Mueang Nong Bua Lam Phu District, Nong Bua Lam Phu 39000, Thailand",5,87,Open · Closes 5 PM,,
Nong Bua Lamphu,แอร์โรว์ แอร์เซอร์วิส,+66 42 311 220,"205 13, Nong Bua, Mueang Nong Bua Lam Phu District, Nong Bua Lam Phu 39000, Thailand",5,1,Open · Closes 5:30 PM,,
Nong Bua Lamphu,ร้านโมโนแอร์ เซอร์วิส,+66 80 197 2856,"6GWG+4C7, Huai Duea, Non Than, Mueang Nong Bua Lam Phu District, Nong Bua Lam Phu 39000, Thailand",5,1,Open now,,
Nong Bua Lamphu,"ล้างแอร์,ล้างเครื่องซักผ้า,งานไฟฟ้า",+66 97 019 0731,"101, Lam Phu, เมือง, Nong Bua Lam Phu 39000, Thailand",5,1,Open · Closes 5 PM,,
Nong Bua Lamphu,OK ออโต้แอร์ อะไหล่แอร์รถยนต์,+66 62 624 2595,"อ, 61/1 ม.2 ต, Lam Phu, Mueang Nong Bua Lam Phu District, Nong Bua Lam Phu 39000, Thailand",5,3,Open · Closes 5:30 PM,,
Nong Bua Lamphu,ร้านต้นไดนาโม-แอร์,+66 88 711 5834,"ต.โพธิ์ชัย อ.เมือง จ.หนองบัวบำภู, 171 ม.1 บ้าน, Thailand",5,2,Open · Closes 5 PM,,
Nong Bua Lamphu,เอ็นพีพีแอร์เซอร์วิส(ใหม่),+66 98 151 1495,"Pho Chai, เมือง, Nong Bua Lam Phu 39000, Thailand",4.6,9,Open · Closes 5 PM,,
Nong Bua Lamphu,บรรเจิดแอร์ แอนด์ ซาวด์ (หนองบัวลำภู),+66 83 328 8636,"ร้าน บรรเจิด แอร์ แอนด์ ซาวด์ 92 หมู่ 7 บ้าน โค้ก น้ำ เกลี้ยง, Pho Chai, Mueang Nong Bua Lam Phu District, Nong Bua Lam Phu 39000, Thailand",4.6,37,Open · Closes 5 PM,,
Nong Bua Lamphu,เอสพี ออโต้พาร์ท หนองบัวฯ จำหน่ายอะไหล่ ไฟฟ้า แอร์รถยนต์ แบตเตอรี่,+66 89 622 3381,"หมู่ที่ 2, 147/1 Wi Sai Udon Kit Rd, Nong Bua, Mueang Nong Bua Lam Phu District, Nong Bua Lam Phu 39000, Thailand",4.3,8,Open · Closes 5 PM,,
Nong Bua Lamphu,ร้านแอร์หนองวัวซอหนองบัวบาน,+66 87 443 3844,"หมู่ที่ 1 หนองบัวบาน, Nong Bua Ban, Nong Wua So District, Udon Thani 41360, Thailand",4,1,Open 24 hours,,
Nong Bua Lamphu,ชัยแอร์&เซอร์วิส,+66 86 403 9056,"231 Khok Kaen Chang, Nong Bua, Mueang Nong Bua Lam Phu District, Nong Bua Lam Phu 39000, Thailand",,,Open · Closes 5 PM,,
Nong Bua Lamphu,จตุพร แอร์ & เซอร์วิส,+66 98 237 9205,"72/2 ม.7 บ้านโคกน้ำเกลี้ยง, โพธิ์ชัย เมือง, Nong Bua Lam Phu 39000, Thailand",,,Open · Closes 6 PM,,
Nong Bua Lamphu,ร้านขายแอร์บ้านโคกเคียนช้าง,+66 86 403 9056,"5FH3+HH, Khok Kaen Chang, Nong Bua, Mueang Nong Bua Lam Phu District, Nong Bua Lam Phu 39000, Thailand",,,,,
Nong Bua Lamphu,ติดตั้งแอร์,+66 92 247 7532,"240 หมู่ที่ 9 หนองบัว, Mueang Nong Bua Lam Phu District, Nong Bua Lam Phu 39000, Thailand",,,Open · Closes 7 PM,,
Nong Bua Lamphu,ร้านต้นหอมแอร์service,+66 86 403 9056,"5FH3+GJJ, 108 Khok Kaen Chang, Nong Bua, Mueang Nong Bua Lam Phu District, Nong Bua Lam Phu 39000, Thailand",,,Open · Closes 5 PM,,
Nong Bua Lamphu,ร้าน ทวีชัยแอร์,+66 42 360 296,"178 หมู่ 2, ถนนวิไสยอุดรกิจ, ตำบลหนองบัว อำเภอเมือง จังหวัดหนองบัวลำภู, 39000, 39000, Thailand",,,,,
Nong Khai,ร้านธนอนันต์อิเล็คทอนิกส์ แอร์ถูก หนองคาย,+66 96 646 4262,"301 หมู่ที่ 3, 16-18 Mittraphap Rd, Mi Chai, Mueang Nong Khai District, Nong Khai 43000, Thailand",5,26,Open · Closes 7 PM,,
Nong Khai,ศูนย์รวม แอร์บ้าน หนองคาย ช่างซ่อมแอร์ ปลีก ส่ง อุปกรณสำหรับช่างแอร์,+66 86 465 0566,"729 หมู่7, เมือง, Nong Khai 43000, Thailand",5,15,Open · Closes 5:30 PM,,
Nong Khai,ร้านซ่อมแอร์หนองคาย,+66 95 989 9858,"9 ดอนแก้ว วิลเลส999, 101, Tambon Wat That, เมือง, Nong Khai 43000, Thailand",5,8,Open · Closes 6 PM,,
Nong Khai,ร้านช่างเบสไฟฟ้า เซอร์วิสแอร์,+66 96 396 4876,"247 พานพร้าว, 3 ซอย15 ต, Tambon Phan Phrao, Si Chiang Mai District, Nong Khai 43130, Thailand",5,1,Open · Closes 6 PM,,
Nong Khai,ร้านพินธุ จำหน่ายแอร์ ติดตั้ง ซ่อม ล้าง,+66 93 062 2675,"VQV9+7GH, DPT. Nong Khai 2017 Rd, Nai Mueang, Mueang Nong Khai District, Nong Khai 43000, Thailand",5,1,Open · Closes 5 PM,,
Nong Khai,พูกิ แอร์บ้าน&อะไหล่,+66 88 142 6516,"เลขที่ 149 หมู่ 10, Hat Kham, Mueang Nong Khai District, Nong Khai 43000, Thailand",5,1,Open · Closes 5:30 PM,,
Nong Khai,อินฟินิตี้ แอร์ หนองคาย,+66 80 080 0098,"หมู่ที่ 3, 128, Hat Kham, Mueang Nong Khai District, Nong Khai 43000, Thailand",5,1,Open · Closes 5 PM,,
Nong Khai,ร้านเย็นสบายแอร์เซอร์วิส,+66 62 926 4665,"VQF6+C58, Pho Chai, Mueang Nong Khai District, Nong Khai 43000, Thailand",5,1,Open · Closes 6 PM,,
Nong Khai,หจก.ภูรินท์แอร์บ้าน เครื่องทำความเย็น หนองคาย,+66 94 524 1988,"979, 24 หมู่ 7 Chayangkun Rd, Nai Mueang, Mueang Nong Khai District, Nong Khai 43000, Thailand",5,8,Open · Closes 5 PM,,
Nong Khai,แอร์เซอร์วิส,+66 91 064 6535,"120/2 Nuanpranauw Rd, Pho Chai, Mueang Nong Khai District, Nong Khai 43000, Thailand",5,1,Open · Closes 5 PM,,
Nong Khai,ผลบุญแอร์เซอร์วิส,+66 82 303 8499,"46/3 หมู่5, หาดคำ เมือง, Nong Khai 43000, Thailand",5,1,Open · Closes 6 PM,,
Nong Khai,ช่างแอร์หนองคาย ร้านนูแอร์เซอร์วิส,+66 98 586 1543,"68 2, Pho Chai, Mueang Nong Khai District, Nong Khai 43000, Thailand",4.9,28,Open 24 hours,,
Nong Khai,หนองคายแอร์,+66 61 697 8999,"129/29-30 หมู่ที่3 ถ.เสด็จ, Mi Chai, Mueang Nong Khai District, Nong Khai 43000, Thailand",4.6,16,Open · Closes 6 PM,,
Nong Khai,นิวเยียร์​ เซอร์วิสแอร์/เสริมสวย,+66 96 804 5779,"212 4, Phan Phrao, Si Chiang Mai District, Nong Khai 43130, Thailand",4.6,5,Open · Closes 5 PM,,
Nong Khai,ร้านไดมอนด์แอร์หนองคาย,+66 87 753 2055,"VQMC+22H, Pho Chai, Mueang Nong Khai District, Nong Khai 43000, Thailand",,,Open · Closes 5 PM,,
Nong Khai,อนันต์แอร์ ล้าง ย้าย ติดตั้งแอร์,+66 84 320 6240,"22 หมู่ที่ 3 บ้านหาดคำน้อยตำบลหาดคำอำเภอเมืองจังหวัดหนองคาย 43000, เมือง, Nong Khai 43000, Thailand",,,Open · Closes 5 PM,,
Nong Khai,ร้าน กิตติแอร์&อิเล็คทริคเซอร์วืส,+66 95 640 5670,"Nong Kom Ko, Mueang Nong Khai District, Nong Khai 43000, Thailand",,,Open · Closes 5 PM,,
Nong Khai,ร้านหนองคายออโต้แอร์,+66 89 277 9993,"VQQ6+WV4, Nai Mueang, Mueang Nong Khai District, Nong Khai 43000, Thailand",,,Open · Closes 5 PM,,
Nonthaburi,ฟรีสไตล์ แอร์บ้าน,+66 89 494 8616,"49/52 หมู่6 หมู่บ้านบางใหญ่ซิตี้, ถนนตลิ่งชัน-สุพรรณบุรี, ตำบลบางเสาธงหิน อำเภอยางใหญ่, Nonthaburi 11140, Thailand",5,19,Open · Closes 6 PM,,
Nonthaburi,ร้านโชคชัยแอร์บ้าน,+66 87 676 7986,"679/3 Soi Lat Phrao 48, Samsen Nok, Huai Khwang, Bangkok 10310, Thailand",4.9,44,Open · Closes 5 PM,,
Nonthaburi,ล้างแอร์ by C A P,+66 94 951 6543,"1178, 113 ซอย พหลโยธิน 32, Khwaeng Sena Nikhom, Khet Chatuchak, Bangkok 10900, Thailand",4.9,68,Open · Closes 5 PM,,
Nonthaburi,ศิริศักดิ์ หมอแอร์,+66 96 852 2205,"122, 4 Lat Phrao 37 Alley, Chan Kasem, Chatuchak, Bangkok 10900, Thailand",4.9,41,Open · Closes 5 PM,,
Nonthaburi,นพดล รุ่งเจริญชัยโชล่าเชลล์แอร์ เซอร์วิส กรุงเทพมหานคร@เพชรบูรณ์,+66 95 898 5968,"316 Thanon Prahca Rat Sai 1 Soi 36, Bang Sue, Bangkok 10800, Thailand",4.8,193,Open 24 hours,,
Nonthaburi,ร้านขายแอร์ อะไหล่แอร์บ้าน ปทุมธานี และให้บริการ ล้างแอร์ ติดตั้งแอร์ ซ่อมแอร์ ย้ายแอร์ โดย บจก. วรัญญาแอร์,+66 2 581 7214,"10/90-10/91 หมู่ 4, Mueang Pathum Thani District, Pathum Thani 12000, Thailand",4.8,17,Open · Closes 6 PM,,
Nonthaburi,ร้าน99แอร์บ้านราคาถูก รับติดแอร์ ล้างแอร์,+66 87 076 0937,"69 20, Maha Sawat, Bang Kruai District, Nonthaburi 11130, Thailand",4.8,10,Open · Closes 5 PM,,
Nonthaburi,👍🧑‍🔧ร้าน KCเค.ซี.แอร์คูลลิ่ง ดอนเมือง ร้านแอร์ดอนเมือง ช่างแอร์ดอนเมือง ล้างแอร์ ซ่อมแอร์ ติดตั้ง แอร์ ดอนเมือง ครบวงจร,+66 89 078 8897,"288 Kosumruamjai Rd, Don Mueang, Bangkok 10210, Thailand",4.8,12,Open · Closes 5 PM,,
Nonthaburi,ดีพร้อมแอร์ แอร์บ้านราคาถูก,+66 90 005 0050,"99 Borommaratchachonnani Rd, Sala Thammasop, Thawi Watthana, Bangkok 10170, Thailand",4.8,134,Open · Closes 5:30 PM,,
Nonthaburi,Pluempiti Air & Service,+66 89 303 9969,"100, 481 Chang Watthana 10 Alley, Thung Song Hong, Lak Si, Bangkok 10210, Thailand",4.8,14,Open · Closes 5 PM,,
Nonthaburi,ร้านศรัณย์เซ็นเตอร์แอร์ ซอยอารีย์,+66 81 658 1456,"3, 9 Soi Phahon Yothin 2, Samsen Nai, Phaya Thai, Bangkok 10400, Thailand",4.7,30,Open · Closes 5:30 PM,,
Nonthaburi,บริษัท เอพีแอล แอร์ เซอร์วิส แอนด์ คอนสทรัคชั่น จำกัด,+66 94 392 2399,"Ratchadaphisek Rd, Din Daeng, Bangkok 10900, Thailand",4.7,43,Open · Closes 6 PM,,
Nonthaburi,ห้างหุ้นส่วนจำกัด พี.เอ็ม.เซอร์วิส เครื่องเย็น,+66 2 424 5178,"119, 121 Charan Sanit Wong Rd, Bang O, Bang Phlat, Bangkok 10700, Thailand",4.7,19,Open · Closes 5 PM,,
Nonthaburi,ล้างแอร์บ้าน ราคาถูก ดินแดง,+66 81 413 8417,"139, 54 ซ. ประชาสงเคราะห์ 33, Ratchadaphisek, Din Daeng, Bangkok 10400, Thailand",4.6,9,Open · Closes 5 PM,,
Nonthaburi,หจก.ไนซ์แอร์&โฮมเซอร์วิส บริการติดตั้งซ่อมย้ายล้างแอร์บ้าน จำหน่ายแอร์ใหม่และมือ2,+66 94 731 4698,"59, 41 ช Soi Mu Ban Cho Rungrueang 8, Phimon Rat, Bang Bua Thong District, Nonthaburi 11110, Thailand",4.6,18,Open · Closes 5:30 PM,,
Nonthaburi,ซีทีแอร์แอนด์ซัพพลายเซอร์วิสสาขาวังหิน63,+66 85 140 4794,"8/14 Lad Prao Wanghin Rd, Lat Phrao, Bangkok 10230, Thailand",4.3,4,Open · Closes 5 PM,,
Nonthaburi,เซ็นเตอร์ แอร์ แอนด์ เซอร์วิส,+66 86 893 4024,"59 หมู่บ้านนวรัตน์, 49 Chan Thong Iam Rd, Bang Rak Phatthana, Bang Bua Thong District, Nonthaburi 11110, Thailand",4.2,13,Open · Closes 5 PM,,
Nonthaburi,บริการล้างแอร์​ ซ่อม​ จำหน่ายติดตั้งครบวงจร,+66 83 999 0012,"67 9, Sala Thammasop, Thawi Watthana, Bangkok 10170, Thailand",4.2,5,Open · Closes 5:30 PM,,
Nonthaburi,บริษัท เจเอสบี แอร์ แอนด์ เซอร์วิส จำกัด,+66 81 888 1682,"126, 252-255 Soi Rarm Intra 40, Nuan Chan, Bueng Kum, Bangkok 10230, Thailand",3.8,52,Open · Closes 6 PM,,
Pathum Thani,PCAC,+66 81 581 0400,"371 Rangsit - Nakhon Nayok Rd, Prachathipat, Thanyaburi District, Pathum Thani 12130, Thailand",5,10,Open · Closes 6:30 PM,,
Pathum Thani,บริษัท สมหวัง เอ็นจิเนียริ่งแอนด์ซัพพลาย จำกัด (แอร์บ้าน-แอร์โรงงาน network security cctv),+66 64 324 7499,"40, 3 ซ. ลายเงิน, Tambon Lat Sawai, Lam Luk Ka District, Pathum Thani 12150, Thailand",5,13,Open · Closes 8 PM,,
Pathum Thani,ร้านแอร์ใกล้ฉัน จำหน่าย ซ่อม ติดตั้ง ล้าง ราคากันเอง,+66 94 990 9669,"189/86 ซอย 12 โครงการโมดิวิลล่าราชพฤกษ์ตัดใหม่, Bang Duea, Mueang Pathum Thani District, Pathum Thani 12000, Thailand",5,90,Open 24 hours,,
Pathum Thani,DoctorAirService,+66 96 362 7035,"110, 5, Tambon Bang Kha Yaeng, เมือง, Pathum Thani 12000, Thailand",5,44,Open · Closes 9 PM,,
Pathum Thani,Pro แอร์บ้านเซอร์วิส,+66 96 773 0651,"127 บางบัวทอง, 21, Tambon Bang Bua Thong, Bang Bua Thong District, Nonthaburi 11110, Thailand",5,48,Open · Closes 9 PM,,
Pathum Thani,แอร์มันนี่ ผ่อนแอร์ ติดตั้งทั่วกรุงเทพปริมณฑล,+66 86 350 1466,"198/1, Lam Luk Ka District, Pathum Thani 12130, Thailand",5,47,Open · Closes 7 PM,,
Pathum Thani,มงคลชัย แอร์,+66 99 124 5688,"ซอยรพช 3, Tambon Lak Hok, เมือง, Pathum Thani 12000, Thailand",5,12,Open · Closes 4:30 PM,,
Pathum Thani,ร้านแอร์ใกล้ฉัน บ้านแอร์ เซอร์วิส,+66 80 304 6082,"189, 7 Ban Phunsi Soi 1, Bang Khayaeng, Mueang Pathum Thani District, Pathum Thani 12000, Thailand",5,29,Open · Closes 5 PM,,
Pathum Thani,แอร์บ้านลาดหลุมแก้ว,+66 85 825 7395,"เอื้ออาทรลาดหลุมแก้ว 2 อาคาร28 87/4, Lat Lum Kaeo District, Pathum Thani 12140, Thailand",4.9,41,Open · Closes 10 PM,,
Pathum Thani,ร้านขายแอร์ อะไหล่แอร์บ้าน ปทุมธานี และให้บริการ ล้างแอร์ ติดตั้งแอร์ ซ่อมแอร์ ย้ายแอร์ โดย บจก. วรัญญาแอร์,+66 2 581 7214,"10/90-10/91 หมู่ 4, Mueang Pathum Thani District, Pathum Thani 12000, Thailand",4.8,17,Open · Closes 6 PM,,
Pathum Thani,อาณาจักรแอร์,+66 96 610 1093,"49/424 มบ, ซ. บุศรินทร์ 1, Khu Khot, Lam Luk Ka District, Pathum Thani 12130, Thailand",4.8,58,Open · Closes 8:30 PM,,
Pathum Thani,สมาร์ทแอร์คลองสาม,+66 86 563 9605,"123 Yothathikan Khu Khot-khlong Luang Rd, Tambon Prachathipat, Thanyaburi District, Pathum Thani 12130, Thailand",4.8,21,Open · Closes 6 PM,,
Pathum Thani,ถูก ดี แอร์,+66 93 024 9394,"2, 59 Suphap 2 Alley, Bang Kadi, Mueang Pathum Thani District, Chang Wat Pathum Thani 12000, Thailand",4.8,109,Open · Closes 6 PM,,
Pathum Thani,อะไหล่แอร์คลอง 2,+66 2 995 4525,"11/14 หมู่ที่ 5, ถนนพหลโยธิน, Khu Khot, Lam Luk Ka District, Pathum Thani 12130, Thailand",4.8,12,Open · Closes 6:30 PM,,
Pathum Thani,ช่างเอส ล้างแอร์บ้าน,+66 89 786 2551,"59/436, Lam Luk Ka District, Pathum Thani 12150, Thailand",4.8,43,Open · Closes 8 PM,,
Pathum Thani,ช่างคิงแอร์บ้าน จำหน่าย-ล้าง-ซ่อม-ติดตั้ง รังสิต ปทุมธานี,+66 80 545 0432,"35/227 หมู่บ้านอินนิซิโอ1, Khlong Sam, Khlong Luang District, Pathum Thani 12120, Thailand",4.8,39,Open · Closes 6 PM,,
Pathum Thani,ล้างแอร์.คลองสามเนรมิตรแอร์services,+66 92 752 4101,"2, หมู่บ้านไทยสมบูรณ์, 34 460, คลองสาม Khlong Luang District, Pathum Thani 12120, Thailand",4.7,68,Open 24 hours,,
Pathum Thani,ธนาชัย แอร์ เซอร์วิส,+66 93 478 9398,"71 หมู่2 หมู่บ้านรัตนโกสิน200ปี, 10 Rangsit-Pathum Thani Rd, Prachathipat, Thanyaburi District, Pathum Thani 12130, Thailand",4.5,4,Open · Closes 5 PM,,
Pathum Thani,KTYAIR ล้างแอร์ลำลูกกา รังสิต ปทุมธานี,+66 82 899 6988,"99 หมู่บ้านสิรีธร, 93 Lam Luk Ka Rd, Tambon Khu Khot, Lam Luk Ka District, Pathum Thani 12130, Thailand",4.4,66,Open · Closes 7:30 PM,,
Pathum Thani,หจก.อัมรินทร์แอร์ แอนด์ เซอร์วิส,+66 81 845 1020,"11, 14 หมู่5 Phahonyothin Rd, Khu Khot, Lam Luk Ka District, Pathum Thani 12130, Thailand",4.3,21,Open · Closes 6 PM,,
Pattani,ร้านแอร์ปัตตานี พีทีเอ็น แอร์เซอร์วิส,+66 84 999 9703,"98, 2 ถ. นาเกลือ, Bana, Mueang Pattani District, Pattani 94000, Thailand",5,3,Open · Closes 5 PM,,
Pattani,ร้านพลเจริญแอร์,+66 83 186 6091,"V6JW+HC8, Rusamilae, Mueang Pattani District, Pattani 94000, Thailand",5,7,Open · Closes 6 PM,,
Pattani,จีแอนด์จีเจริญแอร์เซอร์วิส,+66 61 364 0573,"21, Yaring District, Pattani 94150, Thailand",5,1,Open · Closes 6:30 PM,,
Pattani,ร้านแอร์บ้าน อิคลาส ปัตตานี,+66 93 645 1217,"R675+MXQ, Ko Po, Nong Chik District, Pattani 94170, Thailand",5,1,Open 24 hours,,
Pattani,ร้านแอร์บัณฑิตย์ฯ,+66 61 725 4363,"148, 240 ถนนสามัคคีสาย ข, Rusamilae, Mueang Pattani District, Pattani 94000, Thailand",5,2,Open · Closes 5 PM,,
Pattani,ช่างแอร์ปัตตานี ต้อมแอร์เซอร์วิสปัตตานี,+66 99 309 0740,"6, I, 38, Rusamilae, Mueang Pattani District, Pattani 94000, Thailand",5,7,Open · Closes 6 PM,,
Pattani,ร้านบ่อทองแอร์ ไฟฟ้า,+66 61 619 4451,"171, 1, Tambon Bo Thong, Nong Chik District, Pattani 94170, Thailand",5,2,Open · Closes 5 PM,,
Pattani,ช่างแอร์ปัตตานี มะ เซอร์วิส,+66 93 000 6013,"43/3, เมือง, Pattani 94000, Thailand",5,5,Closed · Opens 8:30 AM Sat,,
Pattani,ร้านจาน​ดาวเทียม​ปัตตานี​ ไฟบ้าน แอร์​ กล้อง​วงจรปิด,+66 65 358 8007,"66, Lipasango, Nong Chik District, Pattani 94170, Thailand",5,32,Open · Closes 5 PM,,
Pattani,เทคนิคแอร์เชอร์วิสปัตตานี,+66 93 582 2764,"162/59, เมือง, Pattani 94000, Thailand",5,1,Open · Closes 5 PM,,
Pattani,อาร์ท ช่างแอร์ปัตตานี,+66 93 273 9886,"11, 1, Sano, Yarang District, Pattani 94160, Thailand",4.8,12,Closed · Opens 8:30 AM Sat,,
Pattani,เติมหัวเชื้อแอร์รถยนต์ (auto-aircon oil additive service),+66 81 839 1626,"ถนนสามัคคีสาย ข ซอย 5, Rusamilae, Mueang Pattani District, Pattani 94000, Thailand",4.7,14,Open · Closes 5 PM,,
Pattani,ร้านโจ้เจริญกิจแอร์,+66 89 296 6908,"21/3 ถนนปากน้ำ(หน้าปากน้ำซอย1, ถนน สะบารัง, เมือง, Pattani 94000, Thailand",4.5,4,Open · Closes 5 PM,,
Pattani,ไฮเรศเครื่องเย็น - ซ่อมแอร์รถยนต์,+66 73 349 746,"54/6 ถนนกะลาพอ, Tambon Anoru, อำเภอเมือง, Pattani 94000, Thailand",4.5,2,Open · Closes 5 PM,,
Pattani,วีระแอร์ปัตตานี - ซ่อมรถยนต์ ซ่อมแอร์รถยนต์,+66 81 478 7325,"Ramkomut Rd, Anoru, Mueang Pattani District, Pattani 94000, Thailand",4.4,45,Open · Closes 5 PM,,
Pattani,อรุณแอร์ ปัตตานี,+66 81 541 7335,"288, 13 ถนนปากน้ำ ซอย 23, Rusamilae, เมือง, Pattani 94000, Thailand",4,16,Open · Closes 5 PM,,
Pattani,ร้านไสวแอร์แอนด์เซอร์วิส,+66 93 774 7981,"165, 1, Bana, Mueang Pattani District, Pattani 94000, Thailand",4,2,Open · Closes 5 PM,,
Pattani,ร้านแอร์ ปัตตานี(หนูนา),+66 98 679 9071,"13 2, Rusamilae, เมือง, Pattani 94000, Thailand",,,Open · Closes 5 PM,,
Pattani,เขย แอร์เซอร์วิส,+66 98 085 1958,"ถนนปากน้ำ ซอย 21, Sabarang, Mueang Pattani District, Pattani 94000, Thailand",,,Open · Closes 6 PM,,
Phang Nga,ล้างแอร์ พังงา-ภูเก็ต,+66 95 029 9714,"Phet Kasem Rd, Krasom, Takua Thung District, Phang Nga 82130, Thailand",5,1,Open · Closes 8 PM,,
Phang Nga,บริษัท อมรินทร์แอร์ แอนด์ ซัพพลาย จำกัด,+66 88 785 0087,"ร้านอมรินทร์เครื่องเย็น, 63 12, Tham Nam Phut, Mueang Phang-nga District, Phang Nga 82000, Thailand",5,2,Open · Closes 5 PM,,
Phang Nga,ร้าน ดี.เอ็น.แอร์,+66 81 597 2761,"CC6J+C6F, บ้านทุ่งขี้เหล็ก ต.ถ้ำ, Tham, Takua Thung District, Phang Nga, Thailand",5,2,Open · Closes 5:30 PM,,
Phang Nga,แอร์&ไฟฟ้า เซอร์วิจ พังงา,+66 81 058 5638,"21 7, Bang Thong, Thai Mueang District, Phang Nga 82120, Thailand",5,1,Open · Closes 5 PM,,
Phang Nga,พี-เอ็มออร์โต้แอร์แอนด์ฟิล์ม,+66 93 648 6963,"9, 62 Phet Kasem Rd, Tham Nam Phut, Mueang Phang-nga District, Phang Nga 82000, Thailand",5,4,Open · Closes 5:30 PM,,
Phang Nga,บริการแอร์บ้าน จอมแอร์ เซอร์วิส,+66 86 940 6346,"46, 10 หมู่ที่1 ซอยนบปริง1, Tambon Noppring, Mueang Phang-nga District, Phang Nga 82000, Thailand",5,8,Open 24 hours,,
Phang Nga,DLshop ดีแอลช็อป,+66 84 841 2019,"CJ7Q+V8F, มะรุ่ย, Tambon Marui, Thap Put District, Phang Nga 82180, Thailand",5,1,Open now,,
Phang Nga,ร้านอาร์ม แอร์ เซอร์วิส,+66 91 825 4416,,5,3,Open 24 hours,,
Phang Nga,สยามชัยเซอร์วิส สาขาพังงา,+66 65 717 3326,"136, 138 Phet Kasem Rd, Tambon Tham Nam Phut, เมือง, Phang Nga 82000, Thailand",4.9,94,Open · Closes 7 PM,,
Phang Nga,ทับปุดซาวด์ แอร์ ประดับยนต์,+66 91 040 8003,"เลขที่ 89 หมู่ 1, Thap Put District, Phang Nga 82180, Thailand",4.8,6,Open · Closes 5 PM,,
Phang Nga,"ร้าน ขนานพงศ์การไฟฟ้า ""แบงก์ไดนาโม""ระบบไฟฟ้ารถยนต์",+66 85 867 1892,"106/12 ถ.มนตรี ต.ท้ายช้าง อ.เมือง จ, Phang Nga 82000, Thailand",4.8,12,Open 24 hours,,
Phang Nga,Krasom Service,+66 98 046 9416,"104, 6 Phet Kasem Rd, Krasom, Takua Thung District, Phang Nga 82130, Thailand",4.8,12,Open · Closes 5 PM,,
Phang Nga,อู่จักรินทร์การช่าง,+66 80 040 4322,"FGW8+V2M, Noppring, Mueang Phang-nga District, Phang Nga 82000, Thailand",4.6,9,Open · Closes 6 PM,,
Phang Nga,บจก.อมรินทร์ แอร์ ทับปุด จำกัด (สำนักงานใหญ่),+66 94 987 1932,"Bo Saen, Thap Put District, Phang Nga 82180, Thailand",4.5,13,Open · Closes 5 PM,,
Phang Nga,ศิริวรรณการไฟฟ้า,+66 76 414 012,"288/1 Phet Kasem Rd, Thai Chang, Mueang Phang-nga District, Chang Wat Phang-nga 82000, Thailand",4.4,10,Open · Closes 5 PM,,
Phang Nga,พังงาซาวด์,+66 81 607 0508,"292 Phet Kasem Rd, Thai Chang, Mueang Phang-nga District, Phang Nga 82000, Thailand",4.2,5,Open · Closes 6 PM,,
Phang Nga,ร้านอ.เจริญยนต์,+66 87 883 3559,"FJPF+3QC, Unnamed Road, Bo Saen, Thap Put District, Phang Nga 82180, Thailand",3,1,Open · Closes 6 PM,,
Phang Nga,N.Put - Service ช่างแอร์พังงา,+66 64 238 8056,"2, 9 ชอย ราษอุทิศ, Tham Nam Phut, Mueang Phang-nga District, Phang Nga 82000, Thailand",,,Open · Closes 7 PM,,
Phang Nga,A.Tแอร์อิเล็กทรอนิกส์,+66 80 746 1883,"45 ก่อนถึงสี่แยกโรงเรียนอนุบาลพังงา เยื้องร้านลาบร้อยเอ็ด, 41 ถนนบายพาส, Tambon Tham Nam Phut, Mueang Phang-nga District, Phang Nga 82000, Thailand",,,Open · Closes 6 PM,,
Phatthalung,ร้านเอสทีอะไหล่แอร์ สาขาพัทลุง,+66 94 565 8315,"J338+RCJ, Unnamed Road, Khuha Sawan, Mueang Phatthalung District, Phatthalung 93000, Thailand",5,3,Open · Closes 5 PM,,
Phatthalung,ร้านปิยเดชแอร์,+66 81 609 3234,"47 หมู่ 7, ถนนเอเชีย, ตำบลโตนดด้วน อำเภอควนขนุน จังหวัดพัทลุง, 93110, Thailand",5,1,Open · Closes 5 PM,,
Phatthalung,ร้านนายช่างบี แอร์ 1992,+66 83 399 3980,"1 Rames Rd, Khuha Sawan, Mueang Phatthalung District, Phatthalung 93000, Thailand",5,1,Open · Closes 5 PM,,
Phatthalung,กล้องวงจรปิดพัทลุง หจก.เอ็มที เอ็นจิเนียร์ริ่งแอนด์เซอร์วิส 2019,+66 96 261 6949,"405, 2, Tamnan, Mueang Phatthalung District, Phatthalung 93000, Thailand",5,3,Open · Closes 5:30 PM,,
Phatthalung,ช่างคง ไดนาโมแอร์,+66 63 085 6580,"194/5 ม.6 Phet Kasem Rd, Tha Miram, Mueang Phatthalung District, Phatthalung 93000, Thailand",5,1,Open 24 hours,,
Phatthalung,ไกจิน ซ่อมแอร์รถยนต์ พัทลุง,+66 92 843 2778,"188 ชุมพล, 4, Tambon Chumphon, Srinagarindra District, Phatthalung 93000, Thailand",4.9,7,Open · Closes 8 PM,,
Phatthalung,ร้านนุกูลแอร์ สาขาใหม่,+66 89 878 0436,"202, Tha Miram, อ.เมือง, Phatthalung 93000, Thailand",4.8,13,Open · Closes 5 PM,,
Phatthalung,ร้าน บ.การช่าง ร้านแอร์ควนขนุน,+66 84 631 7127,"52, Tambon Phanom Wang, Khuan Khanun District, Phatthalung 93110, Thailand",4.7,6,,,
Phatthalung,หจก.เอ็น​ เจ​ แอร์​ ซัพพลาย,+66 86 554 8872,"252/3, เมือง, Phatthalung 93000, Thailand",4.5,2,Open · Closes 6 PM,,
Phatthalung,ส.เครื่องเย็นพัทลุง ซ่อมแอร์รถทุกชนิด,+66 81 990 1500,"98 คูหาสวรรค์, Tambon Khuha Sawan, เมือง, Phatthalung 93000, Thailand",4.5,13,Open · Closes 5 PM,,
Phatthalung,ร้านอรุณแอร์ โดยนายอรุณ มุขตา,+66 74 613 920,"50, อำเภอเมือง Mueang Phatthalung District, Phatthalung 93000, Thailand",4.5,2,,,
Phatthalung,สยามเครื่องเย็น ซ่อมแอร์รถยนต์,+66 81 478 3641,"35 คูหาสวรรค์, Tambon Khuha Sawan, เมือง, Phatthalung 93000, Thailand",4.4,13,Open · Closes 5 PM,,
Phatthalung,ร้าน ช.เจริญเครื่องเย็น,+66 74 610 599,"81 ม.4 ต, Na Thom, อ.เมือง, Phatthalung 93000, Thailand",4.4,10,Open · Closes 5 PM,,
Phatthalung,ขายแอร์พร้อมติดตั้ง พัทลุง - ร้านอายออมแอร์,+66 88 363 3671,"24, 3 5, Tha Miram, Mueang Phatthalung District, Phatthalung 93000, Thailand",4.1,14,Open · Closes 6 PM,,
Phatthalung,ปิยพงษ์แอร์&เซอร์วิส,+66 98 032 2648,"J349+9W8, Khuha Sawan, Mueang Phatthalung District, Phatthalung 93000, Thailand",4,4,Open · Closes 5:30 PM,,
Phatthalung,ร้านทักษิณแอร์,+66 74 612 500,"22/2, ถนนช่วยทุกขราษฎร์, ตำบลคูหาสวรรค์ อำเภอเมืองพัทลุง จังหวัดพัทลุง, 93000, 93000, Thailand",1,1,Open · Closes 6 PM,,
Phatthalung,อรุณแอร์,+66 75 623 175,"20 เอเซียพัทลุง-นครฯ, Khuha Sawan, Mueang Phatthalung District, Phatthalung 93000, Thailand",,,Open · Closes 6 PM,,
Phatthalung,พัทลุง T.P. แอร์,+66 85 671 1848,"148 ม.4, Phraek Ha, Khuan Khanun District, Phatthalung 93110, Thailand",,,Open · Closes 8 PM,,
Phayao,พะเยาวงศ์สุวรรณ ร้านแอร์เมืองพะเยา,+66 81 595 8761,"72 Ratchawong Alley, Wiang, Mueang Phayao District, Phayao 56000, Thailand",5,4,Open · Closes 5 PM,,
Phayao,ร้านแอร์พะเยา S.Tทวีทรัพย์ เซอร์วิส,+66 62 528 7153,"164, Tambon Mae Sai, เมือง, Phayao 56000, Thailand",5,42,Open 24 hours,,
Phayao,ร้าน ลักษณ์แอร์ พะเยา,+66 81 288 9395,"25, 4 Rop Wiang Pratuklong, Wiang, Mueang, Phayao 56000, Thailand",5,3,Open · Closes 5 PM,,
Phayao,จักรการแอร์ เซอร์วิส,+66 85 040 3405,"Unnamed Road, San Pa Muang, Mueang Phayao District, Phayao 56000, Thailand",5,6,Open · Closes 5 PM,,
Phayao,ร้านเกตุแอร์เซอร์วิส,+66 83 473 1040,"หมู่ที่ 5, 61, Tha Wang Thong, Mueang Phayao District, Phayao 56000, Thailand",5,5,Open · Closes 5 PM,,
Phayao,สุริโยแอร์ไดนาโม,+66 62 746 4156,"86, 3 Phahonyothin Rd, Mae Tam, Mueang Phayao District, Phayao 56000, Thailand",5,8,Open · Closes 5 PM,,
Phayao,ร้านมายด์ แอร์เซอร์วิส,+66 84 914 2896,"3, Phu Kamyao District, Phayao 56000, Thailand",5,2,Open · Closes 6 PM,,
Phayao,ช่างแอร์ บ้าน รถยนต์ พะเยา เชียงราย,+66 81 363 4511,"30ม.2 แม่นาเรือ, เมือง, Phayao 56000, Thailand",5,1,Open · Closes 6 PM,,
Phayao,วังทอง แอร์&ซาวด์,+66 90 294 8131,"59 หมู่ 5, Tha Wang Thong, Mueang Phayao District, Phayao 56000, Thailand",5,1,Open · Closes 5:30 PM,,
Phayao,พรพิพัฒน์แอร์เซอร์วิส,+66 64 293 4949,"266/5 Phahonyothin Rd, Tambon Mae Tam, เมือง, Phayao 56000, Thailand",5,7,Open · Closes 6 PM,,
Phayao,ร้านช่างทัยแอร์และเครื่องเย็นทุกชนิด,+66 63 781 7910,"181, Tambon Ban Tham, Dok Khamtai District, Phayao 56120, Thailand",5,3,Open · Closes 6 PM,,
Phayao,ร้านทวีทรัพย์ แอร์ แอนด์ เซอร์วิส,+66 94 839 6644,"4WH6+G6F, Mae Sai, Mueang Phayao District, Phayao 56000, Thailand",4.9,8,Open · Closes 5 PM,,
Phayao,ช่างแอร์พะเยา ช่างแซม แอร์เซอร์วิส,+66 85 864 2701,"273, Dong Chen, Phu Kamyao District, Phayao 56000, Thailand",4.6,10,Open · Closes 6:30 PM,,
Phayao,สมพรไดนาโม แอร์,+66 89 261 9144,"115, 1 Phahonyothin Rd, Mae Tam, Mueang Phayao District, Phayao 56000, Thailand",4.6,18,Open · Closes 6 PM,,
Phayao,พะเยาแอร์และเครื่องเย็น,+66 65 594 6438,"16 หมู่ 11, Tambon Ban Tam, Mueang Phayao District, Phayao 56000, Thailand",,,Open 24 hours,,
Phayao,ร้าน N&M แอร์บ้าน,+66 99 629 1388,"165 Phahonyothin Rd, Mae Tam, Mueang Phayao District, Phayao 56000, Thailand",,,Open · Closes 11 PM,,
Phayao,ช่างป๋องแป๋ง แอร์เซอร์วิส,+66 88 400 4033,"82/2 ถ. จอมทอง ซ. 2, Wiang, Mueang Phayao District, Phayao 56000, Thailand",,,Open · Closes 5 PM,,
Phetchabun,นพเก้าแอร์&โชล่าเซลล์ เซอร์วิส. กรุงเทพฯ@เพชรบูรณ์,+66 61 782 8199,"37, 9 Pechabura Alley, ต. ในเมือง Mueang Phetchabun District, Phetchabun 67000, Thailand",5,57,Open 24 hours,,
Phetchabun,อั้มออโต้แอร์ เพชรบูรณ์ ล้างแอร์รถยนต์ ซ่อมแอร์รถยนต์เพชรบูรณ์,+66 64 114 1440,"187หมู่10, เมือง, Phetchabun 67000, Thailand",5,36,Open · Closes 5:30 PM,,
Phetchabun,ช่างแอร์บ้านเพชรบูรณ์,+66 86 376 2808,"125 ดงมูลเหล็ก, Tambon Dong Mun Lek, เมือง, Phetchabun 67000, Thailand",5,40,Open 24 hours,,
Phetchabun,ร้านซ่อมรถต์เย็นเจี๊ยบแอร์ ไฟฟ้า แบต ได ในรถยนต์,+66 80 998 1190,"37, Tambon Na Ngua, เมือง, Phetchabun 67000, Thailand",5,16,Open · Closes 6 PM,,
Phetchabun,หจก.บี.ซี.เซอร์วิส เพชรบูรณ์,+66 81 887 1688,"466, 77 ถนน เพชรเจริญ, Nai Mueang, Mueang Phetchabun District, Phetchabun 67000, Thailand",4.8,4,Open · Closes 6 PM,,
Phetchabun,สยามชัยเซอร์วิส สาขา มินิ เพชรบูรณ์,+66 81 139 0053,"3, 48 Samakkhichai Rd, Tambon Nai Mueang, Mueang Phetchabun District, Phetchabun 67000, Thailand",4.8,41,Open · Closes 6 PM,,
Phetchabun,TR-AIR Phetchabun,+66 62 629 6545,"1, 1 Thanon Lak Muang, Tambon Nai Mueang, Amphoe Mueang Phetchabun, Phetchabun 67000, Thailand",4.7,28,Open · Closes 5:30 PM,,
Phetchabun,456 เจริญยนต์ แอร์รถยนต์ กระจก ช่วงล่าง หม้อน้ำ,+66 80 514 5546,"7 10, Sadiang, เมือง, Phetchabun 67000, Thailand",4.7,65,Open · Closes 5:30 PM,,
Phetchabun,โปรคลูอะไหล่แอร์ เพชรบูรณ์,+66 56 748 075,"19, 11-13 Thanon Taepha Pattana, ในเมือง, Mueang Phetchabun District, Phetchabun 67000, Thailand",4.7,10,Open · Closes 5 PM,,
Phetchabun,โฟกัสแอร์ ดงมูลเหล็ก,+66 84 143 9701,"1 3, Dong Mun Lek, อ.เมือง, Phetchabun 67000, Thailand",4.6,5,Open · Closes 5 PM,,
Phetchabun,ร้านลาบติดแอร์เพชรบูรณ์,+66 64 893 6546,"13, 4 หนองนารี, Sadiang, Mueang Phetchabun District, Phetchabun 67000, Thailand",4.5,70,Open · Closes 9 PM,,
Phetchabun,SY Electric System,+66 89 641 6425,"7, 17 Thanon Saeaburi - Lomsak, ในเมือง เมือง, Phetchabun 67000, Thailand",4.3,12,Open · Closes 5:30 PM,,
Phetchabun,ร้าน ซ่อมแอร์ ไดนาโม แบตเตอรี่,+66 84 235 2417,"100, 3, Ban Khok, Mueang Phetchabun District, Chang Wat Phetchabun 67000, Thailand",4,1,Open · Closes 5 PM,,
Phetchabun,วาณิชแอร์แอนซาวด์,+66 81 887 8463,"191/1 หมู่ 9 ถนน ทางไปปากน้ำ ใกล้ปั้ม ปตท, Sadiang, เมือง, Phetchabun 67000, Thailand",4,5,Open · Closes 6:30 PM,,
Phetchabun,ร้านอินดี้แอร์,+66 81 754 5857,"199, 22, Tambon Na Ngua, เมือง, Phetchabun 67000, Thailand",,,Open · Closes 5:30 PM,,
Phetchabun,ร้านจ.แอร์แอนด์ซาวด์ สาขาเพชรบูรณ์,+66 63 313 4308,"66 3, Tambon Ban Tok, เมือง, Phetchabun 67000, Thailand",,,Open · Closes 6 PM,,
Phetchabun,M.Clean ร้าน แอร์รถยนต์ เพรชบูรณ์,+66 82 583 3095,"C5F4+J3G, Nai Mueang, Mueang Phetchabun District, Phetchabun 67000, Thailand",,,Open · Closes 5 PM,,
Phetchaburi,เพชรแอร์ คอนดิชั่นนิ่ง,+66 92 891 9938,"123, Ton Mamuang, เมือง, Phetchaburi 76000, Thailand",5,3,Open · Closes 5:30 PM,,
Phetchaburi,ช่างโพธิ์ แอร์เซอส์วิส,+66 64 196 3626,"214 บ้านลาด, Tambon Ban Lat, Ban Lat District, Phetchaburi 76150, Thailand",5,11,Open · Closes 8 PM,,
Phetchaburi,ช่างต่อแอร์รถยนต์ เพชรบุรี,+66 95 870 9356,"510 Phet Kasem Rd, ต.บ้านหม้อ อ.เมือง, Phetchaburi 76000, Thailand",5,13,Open · Closes 5 PM,,
Phetchaburi,ร้าน ทีเอนเค แอร์คลู TNK Aircool.,+66 84 202 9816,"Rai Som, Mueang Phetchaburi District, Phetchaburi 76000, Thailand",5,1,Open · Closes 7:30 PM,,
Phetchaburi,จ่าชัยคูลแอร์,+66 61 193 6196,"161, Tambon Nong Kapu, Ban Lat District, Phetchaburi 76150, Thailand",5,4,Open · Closes 5 PM,,
Phetchaburi,เทียนนาคเซอร์วิสแอร์(ร้านแอร์เพชรบุรี)Byช่างอ๋า,+66 86 711 6676,"97 ซอย 2 หมู่ 2, Don Yang, Mueang Phetchaburi District, Phetchaburi 76000, Thailand",5,1,Open · Closes 5 PM,,
Phetchaburi,Tom air for car,+66 80 650 6748,"1, 1, Tambon Rai Som, เมือง, Phetchaburi 76000, Thailand",5,20,Open · Closes 5 PM,,
Phetchaburi,ร้านโดมทองแอร์&ฮาร์ทแวร์เซอร์วิส,+66 95 870 0967,"101, 5, Tha Raeng, Ban Laem District, Phetchaburi 76110, Thailand",5,2,Open · Closes 7 PM,,
Phetchaburi,เพชรสุพรรณแอร์,+66 84 094 1562,"4W7M+77M, Phetkasem Sai Kao Rd, Ban Mo, Mueang Phetchaburi District, Phetchaburi 76000, Thailand",5,3,Open · Closes 6 PM,,
Phetchaburi,แอร์บ้าน ฟร้อนท์&เฟอร์,+66 64 593 7109,"134, 1 Thetsaban 3 Alley, Ban Laem, Ban Laem District, Phetchaburi 76110, Thailand",5,1,Open 24 hours,,
Phetchaburi,สมภพอะไหล่แอร์ เพชรบุรี,+66 89 669 0177,"171/1 Phetkasem Frontage Rd, Khlong Kra Saeng, Mueang Phetchaburi District, Phetchaburi 76000, Thailand",4.9,15,Open · Closes 5:30 PM,,
Phetchaburi,บ้านหม้อแอร์บ้าน&เซอร์วิสเพชรบุรี,+66 86 527 3643,"86, 1, Ban Mo, Mueang Phetchaburi District, Phetchaburi 76000, Thailand",4.8,13,Open · Closes 8 PM,,
Phetchaburi,ร้านธวิชแอร์เซอร์วิส,+66 86 561 5549,"12 หมู่2, ถนนหาดเจ้าสำราญ, ตำบลโพไร่หวาน อำเภอเมือง จังหวัดเพชรบุรี, 76000, อ.เมือง, Phetchaburi 76000, Thailand",4.8,6,Open · Closes 6 PM,,
Phetchaburi,แฟรงค์ ไดนาโม แอร์,+66 83 969 0732,"102/10ต, Pho Rai Wan, อ.เมือง, Phetchaburi, Thailand",4.8,20,Open · Closes 5 PM,,
Phetchaburi,ร้านแจ๊คแอร์รถยนต์เพชรบุรี,+66 98 181 8504,"บ้านหม้อ, 222/7 หมู่ 6 ตำบลบ้านหม้ออำเภอเมือง, เมือง, Phetchaburi 76000, Thailand",4.2,5,Open · Closes 5:30 PM,,
Phetchaburi,บริษัท วังทอง เซลส์ แอนด์ เซอร์วิส จำกัด,+66 32 402 444,"145 Phet Kasem Rd, Rai Som, Mueang Phetchaburi District, Phetchaburi 76000, Thailand",4,30,Open · Closes 5:30 PM,,
Phetchaburi,Charoen Phon Air Car,+66 32 410 380,"3WWQ+GMP, Phet Kasem Rd, Ban Mo, Mueang Phetchaburi District, Phetchaburi 76000, Thailand",3.8,11,Open · Closes 5 PM,,
Phetchaburi,เพชรบุรีแอร์ แอนด์เซอร์วิส,+66 82 242 9329,"เลขที่ 5 ถนน, Pa Nich Charoen, Tha Rab, Moung, 76000, Thailand",1,1,Open now,,
Phetchaburi,รงค์วิเศษแอร์,+66 84 149 1211,"45, Tha Chang, Ban Lat District, Phetchaburi 76150, Thailand",,,Open · Closes 6:30 PM,,
Phetchaburi,ล้างแอร์ จ่าชัยคูลแอร์,+66 61 193 6196,"Tambon Nong Prong, Khao Yoi District, Phetchaburi 76140, Thailand",,,Open · Closes 5:30 PM,,
Phichit,สมยศ บริการ ร้านแอร์บ้านพิจิตร ขายแอร์ ล้างแอร์ ซ่อมแอร์ ติดตั้งแอร์,+66 97 921 3226,"เมืองพิจิตร, ในเมือง เมือง, Phichit 66000, Thailand",5,17,Open 24 hours,,
Phichit,กรวิชญ์ แอร์ พิจิตร,+66 97 980 4132,"8, 3 ถนน สระหลวง, Nai Mueang, Mueang Phichit District, Phichit 66000, Thailand",5,10,Open 24 hours,,
Phichit,ไทย คูลลิ่ง แอร์บ้าน,+66 89 707 0513,"Tha Luang, อำเภอเมือง, Phichit 66000, Thailand",5,1,Open · Closes 5 PM,,
Phichit,ร้าน หัวหินแอร์,+66 56 611 442,"2/78-9 ศรีมาลา, Tambon Nai Mueang, Mueang Phichit District, Phichit 66000, Thailand",5,1,,,
Phichit,นิวแอร์ เซอร์วิส - ล้างแอร์ ติดตั้งแอร์ สากเหล็กพิจิตร,+66 64 646 4939,"270/46, Sak Lek District, Phichit 66160, Thailand",5,4,Open · Closes 8 PM,,
Phichit,ร้าน นกแอร์ เซอร์วิซ,+66 81 688 5926,"Pak Thang, Mueang Phichit District, Phichit 66000, Thailand",5,4,Open · Closes 5 PM,,
Phichit,ร้านกบแอร์&เซอร์วิส,+66 82 398 7893,"86 124, ในเมือง เมือง, Phichit 66000, Thailand",5,6,Open · Closes 5 PM,,
Phichit,ร้านอุดมเซอร์วิส,+66 87 524 4908,"C8WR+7PQ, Nai Mueang, Mueang Phichit District, Phichit 66000, Thailand",5,4,Open · Closes 6 PM,,
Phichit,ชาติไดนาโมแอร์ สาขา 2,+66 87 527 2451,"73/11 หมู่8, ท่าหลวง เมือง, Phichit 66000, Thailand",4.9,12,Open · Closes 6 PM,,
Phichit,ร้านช่างพงษ์แอร์รถยนต์,+66 82 398 5153,"115, Khlong Khachen, Mueang Phichit District, Phichit 66000, Thailand",4.9,12,Open · Closes 6 PM,,
Phichit,ร้าน ส.เจริญแอร์ พิจิตร,+66 82 887 8909,"ติดนิสสันใหม่, ถนน สระหลวง, Nai Mueang, Mueang Phichit District, Phichit 66000, Thailand",4.7,15,Open · Closes 5 PM,,
Phichit,ธนพลแอร์ ทีมงานช่างส้ม,+66 87 424 9423,"34, 6, Sak Lek District, Phichit 66160, Thailand",4.5,4,Open · Closes 10 PM,,
Phichit,ร้านจอมอะไหล่แอร์บ้านและรถยนต์ทุกชนิด,+66 89 727 9998,"20, 74 ถนน คลองคะเชนทร์, Nai Mueang, Mueang Phichit District, Phichit 66000, Thailand",4.4,9,,,
Phichit,ชาติไดนาโมแอร์,+66 87 739 0254,"80, 28 ถ. ศรีมาลา, Tambon Nai Mueang, Mueang Phichit District, Phichit 66000, Thailand",4.3,23,Open · Closes 5 PM,,
Phichit,ช่างเดช แอร์,+66 81 805 9890,"99HC+8P9, Kha Mang, Mueang Phichit District, Phichit 66000, Thailand",4.2,9,Open · Closes 6 PM,,
Phichit,เค เค แอร์ แอนด์ ซาวด์,+66 94 719 7336,"2, 215 ถ. ศรีมาลา, Nai Mueang, Mueang Phichit District, Phichit 66000, Thailand",3.7,3,Open · Closes 5 PM,,
Phichit,ร้านแอร์พิจิตรอาร์พี(ห้างหุ้นส่วนจำกัด พิจิตร อาร์.พี. เซอร์วิส),+66 56 614 829,"2, 296 ถ. ศรีมาลา, Tambon Nai Mueang, เมือง, Phichit 66000, Thailand",,,Open · Closes 6 PM,,
Phichit,ดีดีแอร์,+66 65 876 5850,"259, 3, Tambon Mueang Kao, เมือง, Phichit 66000, Thailand",,,Open · Closes 5 PM,,
Phichit,ร้านคะเชนทร์แอร์,+66 89 839 8197,"C8R7+C67, 1068, Khlong Khachen, Mueang Phichit District, Phichit 66000, Thailand",,,Open now,,
Phichit,ช่างแดงล้างแอร์พิจิตร,+66 89 885 1171,"112, Tambon Khlong Khachen, เมือง, Phichit 66000, Thailand",,,,,
Phitsanulok,มาร์คแอร์ พิษณุโลก,+66 95 976 4180,"10, 1, Hua Ro, Mueang Phitsanulok District, Phitsanulok 65000, Thailand",5,11,Open 24 hours,,
Phitsanulok,ห้างหุ้นส่วนจำกัด พีแอล เซ็นเตอร์ แอร์ เซอร์วิส,+66 99 945 9771,"9 72, Wang Phikun, Wang Thong District, Phitsanulok 65130, Thailand",5,2,Open · Closes 5 PM,,
Phitsanulok,ร้านแอร์พิษณุโลกอาร์.พี. เซอร์วิส แอร์พิษณุโลก,+66 94 365 6528,"99, 38 Pra Ong Dam Rd, Tambon Nai Mueang, Mueang Phitsanulok District, Phitsanulok 65000, Thailand",5,4,Open · Closes 6 PM,,
Phitsanulok,ร้านแอร์เมคเกอร์,+66 55 247 311,"105, 12 Singhawat Rd, Tambon Nai Mueang, Mueang Phitsanulok District, Phitsanulok 65000, Thailand",5,6,Open · Closes 6 PM,,
Phitsanulok,ร้าน ประวิทย์แอร์-ไฟฟ้า,+66 86 212 1759,"99/97 หมู่7, ตำบลบึงพระ อำเภอเมือง, บึงพระ Mueang Phitsanulok District, Phitsanulok 65000, Thailand",5,2,,,
Phitsanulok,ช่างแอร์พิษณุโลก by อินเตอร์แอร์ ช่างมาร์ค แอร์ไม่เย็น แอร์น้ำหยด แอร์เปิดไม่ติด ซ่อมบอร์ดแอร์,+66 64 174 5529,"999, 59 ถ.มิตรภาพ, Tambon Nai Mueang, อ.เมือง, Phitsanulok 65000, Thailand",5,53,Open 24 hours,,
Phitsanulok,ร้านซันแอร์เซอร์วิส,+66 62 273 9093,"31/1-2 Road Moo 7, Bang Rakam, Bang Rakam District, Phitsanulok 65140, Thailand",5,4,Open · Closes 5 PM,,
Phitsanulok,ร้านโอห์มแอร์,+66 91 407 5612,"92, 2 หมู่ 4, Don Thong, Mueang Phitsanulok District, Phitsanulok 65000, Thailand",5,1,Open · Closes 5:30 PM,,
Phitsanulok,ร้านพิษณุโลกแอร์ แอนด์ เซอร์วิส จำหน่ายแอร์-อะไหล่แอร์ (Phitsanulok Air and Service),+66 55 220 303,"98, 1 Mittraphap Rd Soi 27, Aranyik, Mueang Phitsanulok District, Phitsanulok 65000, Thailand",4.8,30,Open · Closes 5 PM,,
Phitsanulok,หจก.บี.ซี.เซอร์วิส พิษณุโลก,+66 81 887 1688,"912/2 Baromtrilokanart Road, Wat Chan, Mueang Phitsanulok District, Phitsanulok 65000, Thailand",4.8,15,Open · Closes 6 PM,,
Phitsanulok,นัชแอร์รถยนต์ ซ่อม-ล้างแอร์รถยนต์ไม่ถอดตู้ เริ่มต้น 500 บาท พิษณุโลก,+66 65 092 4259,"119, ม.11, Tha Thong, เมือง, Phitsanulok 65000, Thailand",4.8,51,Open · Closes 5:30 PM,,
Phitsanulok,ธนัตถ์ แอร์ เซอร์วิส,+66 93 182 9979,"Singhawat Rd, ในเมือง เมือง, Phitsanulok 65000, Thailand",4.7,6,Open · Closes 8 PM,,
Phitsanulok,มงคลแอร์ รถยนต์ พิษณุโลก,+66 88 176 9822,"Q5FC+583, 1065, Tha Pho, Mueang Phitsanulok District, Phitsanulok 65000, Thailand",4.7,11,Open · Closes 5 PM,,
Phitsanulok,รุ่งเรืองแอร์ พิษณุโลก (แอร์รถยนต์),+66 98 465 2923,"289, Tha Thong, Mueang Phitsanulok District, Phitsanulok 65000, Thailand",4.7,22,Open · Closes 6 PM,,
Phitsanulok,แอร์มือสองราคาถูก พิษณุโลก ย้ายซ่อม ล้าง ติดตั้ง บ้านแฝดเซอร์วิส,+66 97 918 1837,"Bueng Phrachan, Wat Chan, Mueang Phitsanulok District, Phitsanulok 65000, Thailand",4.6,14,Open 24 hours,,
Phitsanulok,ห้างหุ้นส่วนจำกัด ส.การแอร์ พิษณุโลก,+66 94 839 5828,"273/3-4 ม .3 ต อ ด มือ ง, Samo Khae, Mueang Phitsanulok District, Phitsanulok, Thailand",4.5,10,Open · Closes 5:30 PM,,
Phitsanulok,ร้านแอร์&อะไหล่แอร์ บริษัท แอร์ซิตี้ จำกัด โทร.055212677,+66 55 212 677,"564, 16 ถ.มิตรภาพ, Tambon Nai Mueang, Mueang Phitsanulok District, Phitsanulok 65000, Thailand",4.4,45,Open · Closes 7 PM,,
Phitsanulok,ร้านพงษ์เครื่องเย็น,+66 95 840 5536,"เครื่องเย็น, 19/293 พงษ์, Wisut Kasat, Mueang Phitsanulok District, Phitsanulok 65000, Thailand",4.4,77,Open · Closes 5 PM,,
Phitsanulok,ศุภาวรรณ อะไหล่แอร์ พิษณุโลก,+66 81 604 8264,"83, 279 Phra Ruang Rd, Tambon Nai Mueang, เมือง, Phitsanulok 65000, Thailand",4,11,Open · Closes 9 PM,,
Phitsanulok,แก้วการไฟฟ้าแอร์พิษณุโลก,+66 81 786 7399,"449 12, 179 Soi Mu Ban Hatsanan 7, Ban Khlong, เมือง, Phitsanulok 65000, Thailand",3,2,Open now,,
Phra Nakhon Si Ayutthaya,Eng.Aod Air Service Ayutthaya,+66 80 383 6927,"489 ตำบล สามเรือน, Tambon Sam Ruean, Bang Pa-in District, Chang Wat Phra Nakhon Si Ayutthaya 13160, Thailand",5,17,Open · Closes 5:30 PM,,
Phra Nakhon Si Ayutthaya,บ้านแอร์ อิเลคทริค,+66 81 486 4513,"108/7หมู่7 บ้านสร้าง, Bang Pa-in District, Phra Nakhon Si Ayutthaya 13170, Thailand",5,2,Open · Closes 7 PM,,
Phra Nakhon Si Ayutthaya,A.Center,+66 35 241 400,"50, 3 U Thong Rd, Ho Rattanachai, Phra Nakhon Si Ayutthaya District, Phra Nakhon Si Ayutthaya 13000, Thailand",5,17,Open · Closes 6 PM,,
Phra Nakhon Si Ayutthaya,วัฒนะกิจแอร์เจริญยนต์(ซ่อมแอร์รถยนต์ ล้างระบบ เปลียนคอม เปลี่ยนครัช เติมน้ำยาแอร์ ไดชาร์จ),+66 83 695 4774,"อุทัย, 8/5ม.13 ข้างปั๊มบางจาก, Uthai District, Phra Nakhon Si Ayutthaya 13210, Thailand",5,10,Open · Closes 7 PM,,
Phra Nakhon Si Ayutthaya,ร้านเย็นดีแอร์เซอร์วิสอยุธยา,+66 81 109 5688,"หมู่บ้านโกลเด้นทาวน์อยุธยา, 88/194, บ้านกรด Bang Pa-in District, Phra Nakhon Si Ayutthaya 13160, Thailand",5,6,Open · Closes 8 PM,,
Phra Nakhon Si Ayutthaya,บริษัท เอแอนด์แอล บิสซิเนส เซอร์วิส จำกัด,+66 86 331 4328,"5/39, Khan Ham, Bang Pa-in District, Phra Nakhon Si Ayutthaya 13210, Thailand",5,2,Open · Closes 6 PM,,
Phra Nakhon Si Ayutthaya,ช่างแอร์อยุธยา อุทัย โรจนะ ภาชี,+66 86 337 3062,"40 อุทัย, 18 หมู่ 12 บัวคลี่10, Tambon Uthai, Uthai District, Phra Nakhon Si Ayutthaya 13210, Thailand",4.9,16,Open · Closes 5 PM,,
Phra Nakhon Si Ayutthaya,แอร์บ้านอยุธยา PSC. เซอร์วิส,+66 91 762 3879,"9\80, Uthai District, Phra Nakhon Si Ayutthaya 13210, Thailand",4.9,80,Open 24 hours,,
Phra Nakhon Si Ayutthaya,ล้างแอร์รถยนต์อยุธยา ช่างตั้มเซอร์วิส,+66 87 924 7995,"124, Bo Ta Lo, Wang Noi District, Phra Nakhon Si Ayutthaya 13170, Thailand",4.9,92,Open · Closes 8 PM,,
Phra Nakhon Si Ayutthaya,หาญเจริญแอร์ (ร้านซ่อมแอร์เด็นโซ่),+66 35 352 874,"13, 14 หมู่ที่ 7 ซ. หมู่บ้านอนานคร 5, ตำบล วังหาม, Uthai District, Phra Nakhon Si Ayutthaya 13210, Thailand",4.9,62,Open · Closes 6 PM,,
Phra Nakhon Si Ayutthaya,ร้านเอ็นศิริอะไหล่แอร์บ้าน,+66 87 832 1943,"9J54+66R, หันตรา ซ. 1, Tambon Han Tra, Phra Nakhon Si Ayutthaya District, Phra Nakhon Si Ayutthaya 13000, Thailand",4.9,23,Open · Closes 5 PM,,
Phra Nakhon Si Ayutthaya,ร้านจ.เจริญแอร์&เซอร์วิส,+66 81 458 8439,"197, Uthai, Uthai District, Phra Nakhon Si Ayutthaya 13210, Thailand",4.8,11,Open · Closes 6 PM,,
Phra Nakhon Si Ayutthaya,ล้างแอร์อยุธยา ติดตั้งแอร์อยุธยา ซ่อมแอร์อยุธยา,+66 91 716 0003,"101, 314 ม.7 ซอย 10, ต.บ้านสร้าง Bang Pa-in District, Phra Nakhon Si Ayutthaya 13170, Thailand",4.8,5,Open · Closes 6 PM,,
Phra Nakhon Si Ayutthaya,O.K. ล้างแอร์ อบโอโซน อยุธยา,+66 93 678 7897,,4.8,4,Open 24 hours,,
Phra Nakhon Si Ayutthaya,ล้างแอร์อยุธยา ซ่อมแอร์อยุธยา(พระนครศรีอยุธยา)รับซื้อแอร์เก่า,+66 90 429 0911,"การเคหะบางปะอิน 2, 99/388 หมู่ 1 เฟส 2 ซอย 13, Tambon Sam Ruean, บางประอิน, Phra Nakhon Si Ayutthaya 13160, Thailand",4.7,7,Open 24 hours,,
Phra Nakhon Si Ayutthaya,Perfect Air สาขาอยุธยา,+66 83 229 2884,"115/8-9, Phra Nakhon Si Ayutthaya District, Phra Nakhon Si Ayutthaya 13000, Thailand",4.6,68,Open · Closes 6 PM,,
Phra Nakhon Si Ayutthaya,หจก.เทคนิคแอร์ เอ็นจิเนียริ่ง,+66 81 866 1139,"44/4 U Thong Rd, Tambon Ho Rattanachai, Phra Nakhon Si Ayutthaya District, Phra Nakhon Si Ayutthaya 13000, Thailand",4.6,5,Open · Closes 5:30 PM,,
Phra Nakhon Si Ayutthaya,หจก. อาท แอร์ เซอร์วิส&โซล่าเซลล์,+66 96 549 5496,"44 6, Ban Sang, Bang Pa-in District, Chang Wat Phra Nakhon Si Ayutthaya 13170, Thailand",4.5,15,Open · Closes 5 PM,,
Phra Nakhon Si Ayutthaya,ร้านแอร์ อยุธยา,+66 87 081 5691,"100/384 หมู่บ้านวรารักษ์ ซอย 8 หมู่ 12, ลำตาเสา วังน้อย, Phra Nakhon Si Ayutthaya 13170, Thailand",4.2,5,Open · Closes 6 PM,,
Phra Nakhon Si Ayutthaya,ล้างแอร์อยุธยา-อ่างทอง,+66 94 795 3241,"คานหาม, 19/108, Uthai District, Phra Nakhon Si Ayutthaya 13210, Thailand",4.2,5,Open · Closes 5:30 PM,,
Phrae,ณ แอร์แพร่,+66 88 291 6974,"300, Thung Kwao, Mueang Phrae District, Phrae 54000, Thailand",5,25,Open · Closes 6 PM,,
Phrae,ร้าน ทีที แอร์ แอนด์ เซอร์วิส,+66 94 464 9443,"400, 482 หมู่9 Namtong Bypass Rd, Na Chak, Mueang Phrae District, Phrae 54000, Thailand",5,2,Open · Closes 5 PM,,
Phrae,สูงเม่นแอร์,+66 86 197 4144,"188, Tambon Phra Luang, Sung Men District, Phrae 54130, Thailand",5,4,Open · Closes 6 PM,,
Phrae,เล็กแอร์แพร่,+66 81 885 0815,"44JX+V83, Na Chak, Mueang Phrae District, Phrae 54000, Thailand",5,5,Open · Closes 5 PM,,
Phrae,ช่างซ่อมแอร์บ้าน ตี๋แอร์ ระบบไฟฟ้า กล้องวงจรปิด ประตูอัตโนมัติ อื่นๆ,+66 80 679 0665,"10, Rong Kat, Sung Men District, Phrae 54130, Thailand",5,27,Open · Closes 6 PM,,
Phrae,ร้าน อ.เจริญทรัพย์ แอร์,+66 64 396 3282,"12 ม.7 ซ.2, Tambon Thung Hong, เมือง, Phrae 54000, Thailand",5,1,Open · Closes 6 PM,,
Phrae,ร้านอ้วนแอร์,+66 86 193 9876,"4, Thung Kwao, Mueang Phrae District, Phrae 54000, Thailand",4.8,43,Open · Closes 5 PM,,
Phrae,ร้านช่างเปิ้ลแอร์บ้าน,+66 83 018 7725,"334F+29C, Ban Pong, Sung Men District, Phrae 54130, Thailand",4.8,4,Open · Closes 7 PM,,
Phrae,ร้าน เคนแอร์ ซ่อมแอร์รถยนต์,+66 89 854 7982,"553F+2MQ, Mueang Mo, Mueang Phrae District, Phrae 54000, Thailand",4.6,28,Open · Closes 5 PM,,
Phrae,"ร้านใหม่อิเลคทริค(ไดนาโม,แอร์รถยนต์)แพร่",+66 87 359 9578,"219 แม่หล่าย, Tambon Mae Lai, เมือง, Phrae 54000, Thailand",4.6,14,Open · Closes 10 PM,,
Phrae,ดีกิจออโต้แอร์,+66 54 524 414,"260/8-9, ถนนยันตรกิจโกศล, ตำบลในเวียง อำเภอเมืองแพร่ จังหวัดแพร่, 54000, 54000, Thailand",4.5,20,Open · Closes 6 PM,,
Phrae,วงศ์ฉายา ไฟฟ้าแอร์ จ.แพร่ 2,+66 88 050 3536,"113, ต.วังธง อ.เมือง, Phrae 54000, Thailand",4.5,2,Open 24 hours,,
Phrae,Chuchart Air&Sound,+66 54 521 752,"130/6 ช่อแฮ Chor Hae Rd, Nai Wiang, Mueang Phrae District, Phrae 54000, Thailand",4.3,22,Open · Closes 5 PM,,
Phrae,ร้านฟิวเจอร์แอร์&เซอร์วิส,+66 80 122 3147,"12/1 ต.ทุ่งโฮ้ง อ.เมือง, Phrae 54000, Thailand",4.3,3,Open now,,
Phrae,ร้าน พีพีแอร์ แอนด์ เซอร์วิส,+66 54 625 509,"405/482, ตำบลน้ำทอง อำเภอนาจักร จังหวัดแพร่, 54000, 54000, Thailand",4,1,,,
Phrae,ร้าน เจริญแอร์เซอร์วิส,+66 89 557 8670,"52/3, ถนน Nam Khue, Nai Wiang, Mueang Phrae District, Phrae 54000, Thailand",1.7,3,,,
Phrae,ร้านอาชาอิเลคทริค@กาดน้ำทอง,+66 82 901 7088,"300, 23 Namtong Bypass Rd, Na Chak, Mueang Phrae District, Phrae 54000, Thailand",,,Open · Closes 5 PM,,
Phuket,ธนวัชร แอร์,+66 81 536 1771,"58, 23 Mae Luan Rd, Talat Nuea, Mueang Phuket District, Phuket 83000, Thailand",5,10,Open · Closes 5 PM,,
Phuket,ร้านขายแอร์ใกล้ฉัน,+66 61 276 5022,"139 ภูเก็ตวิลล่าสวนหลวง ซ.10, Wichit, Mueang Phuket District, Phuket 83000, Thailand",5,1,Open 24 hours,,
Phuket,90 AIR - บริการล้างแอร์ 350 บาท,+66 89 123 5689,"132 กะทู้, 75, Soi Sai Thong, Kathu, Kathu District, Phuket 83120, Thailand",5,2,Open · Closes 6:30 PM,,
Phuket,ณัฐวัศ แอร์ ซัพพลาย จำกัด,+66 86 476 5586,"Pracha-Uthit Rd 1, Ratsada, Mueang Phuket District, Phuket 83000, Thailand",5,3,Open · Closes 5:30 PM,,
Phuket,ห้าแยกแอร์. / Hayaek Air Sale And Service,+66 89 593 1955,"18, 45 ม.8 E Chaofah Rd, Chalong, Mueang Phuket District, Phuket 83000, Thailand",5,1,Open · Closes 6 PM,,
Phuket,ร้าน วิทยาแอร์ แอนด์เซอร์วิส,+66 83 107 3878,"5, 6 Soi Prijarern 3, Tambon Rawai, เมือง, Phuket 83130, Thailand",5,27,Open 24 hours,,
Phuket,ร้านดีดีแอร์ เซลล์ แอนด์ เซอร์วิส,+66 83 645 1395,"W97V+XG3, Thep Krasattri Rd, Ratsada, Mueang Phuket District, Phuket 83000, Thailand",5,1,Open · Closes 6 PM,,
Phuket,ชีวินอะไหล่แอร์ ขายส่งแอร์และอะไหล่ ภูเก็ต,+66 65 631 4999,"9, 20 Thep Krasattri Rd, Tambon Ratsada, Mueang Phuket District, Phuket 83000, Thailand",5,18,Open · Closes 5:30 PM,,
Phuket,Jakkapan air conditioner service,+66 89 726 4691,"35 การ์เด้นโฮม, 290 E Chaofah Rd, Wichit, Mueang Phuket District, Phuket 83000, Thailand",4.9,138,Open · Closes 6 PM,,
Phuket,ทีแอนด์พีการไฟฟ้า ซ่อมแอร์แบตเตอร์รี่,+66 81 691 3141,"26, 6 E Chaofah Rd, Tambon Chalong, เมือง, Phuket 83000, Thailand",4.9,48,Open · Closes 6 PM,,
Phuket,24 Hrs. แอร์ คอนส์ เซอร์วิส ซ่อมแอร์ ล้างแอร์ ติดตั้งแอร์,+66 98 504 2638,"319, 8 ซอย หมู่ที่1, Chalong, Mueang Phuket District, Phuket 83130, Thailand",4.8,21,Open 24 hours,,
Phuket,ช่างแอร์ ภูเก็ต,+66 82 820 7861,"59, 306 Kathu Business St, Tambon Kathu, Amphoe Kathu, Phuket 83120, Thailand",4.6,32,Open · Closes 6 PM,,
Phuket,โชคชัยแอร์,+66 76 525 050,"Thanon Chao Fah Tawan Ok, Wichit, Mueang Phuket District, Phuket 83000, Thailand",4.3,11,Open · Closes 5:30 PM,,
Phuket,ร้านสามกองเอ็นจิเนียริ่ง,+66 76 261 107,"100, 62 หมู่ที่ 5 Chalermprakiat Ratchakan Thi 9 Road, ตำบลรัษฎา Mueang Phuket District, Phuket 83000, Thailand",4.3,15,Open · Closes 5 PM,,
Phuket,ไอคูลแอร์,+66 76 685 203,"42/8 ถนน รัษฎา, ตำบลตลาดเหนือ Mueang Phuket District, Phuket 83000, Thailand",4.3,6,Open · Closes 6 PM,,
Phuket,Mana Air,+66 97 447 9999,"44-46 สุรินทร์ ซ. 2, Tambon Talat Yai, Mueang Phuket District, Phuket 83000, Thailand",4,31,Open · Closes 6 PM,,
Phuket,ร้านโชกุนอิเล็คทริค,+66 83 102 8584,"94, 387 หมู่ 7 Vichitsongkram Rd, Kathu, Kathu District, Phuket 83120, Thailand",4,3,Open · Closes 5 PM,,
Phuket,Asia Air Engineering,+66 81 353 6936,"12, 502 Chao Fah Tawan Tok Rd, Wichit, Mueang Phuket District, Phuket 83000, Thailand",3.7,6,Open · Closes 5:30 PM,,
Phuket,ทรัพย์สุวรรณแอร์ ภูเก็ต,+66 94 582 4502,"เลขที่ 52/1 Chao Fah Tawan Tok Rd, Wichit, Mueang Phuket District, Phuket 83000, Thailand",3.3,16,Open · Closes 6:30 PM,,
Phuket,หจก. ดวงมณี แอร์,+66 81 970 2102,"78/258 หมู่ที่ 6, Wichit, Mueang Phuket District, Phuket 83000, Thailand",3,4,Open · Closes 6 PM,,
Prachinburi,ร้าน เอ็มอัญแอร์,+66 37 200 067,"219 Thetsaban Damri Rd, Rop Muang, Mueang Prachinburi District, Prachin Buri 25000, Thailand",5,3,Open · Closes 6 PM,,
Prachinburi,Mr.Rich การช่าง จำหน่าย ล้าง ซ่อม ย้าย ติดตั้ง แอร์บ้านปราจีนบุรี,+66 89 048 3066,"78 ม.1, Bang Decha, Mueang Prachinburi District, Prachin Buri 25000, Thailand",5,2,Open · Closes 5 PM,,
Prachinburi,ช่างโอ แอร์ แอนด์ เซอร์วิส,+66 64 996 5288,"133, 28 บ้านเปรมสุข, Tambon Dong Phra Ram, Mueang Prachinburi District, Prachin Buri 25000, Thailand",5,30,Open · Closes 6 PM,,
Prachinburi,ปอน อิเล็กทริค แอร์ เซอร์วิส,+66 99 173 9582,"225 1, Ban Sang District, Prachin Buri 25150, Thailand",5,1,Open · Closes 5 PM,,
Prachinburi,ร้าน เอ็ม.ซี.แอร์,+66 37 214 950,"113, ถนนปราจีนตคาม, ตำบลหน้าเมือง อำเภอเมือง จังหวัดปราจีนบุรี, 25000, 25000, Thailand",5,5,Open · Closes 5 PM,,
Prachinburi,นัดอะไหล่แอร์,+66 97 070 3221,"394J+755, Hwy 3452, Na Muang, Mueang Prachinburi District, Prachin Buri 25000, Thailand",5,5,Open · Closes 6:30 PM,,
Prachinburi,มาร์วินแอร์ 789 สาขา2,+66 94 998 2622,"313 ถนน ปราจีนตคาม, Na Muang, Mueang Prachinburi District, Prachin Buri 25000, Thailand",5,6,Open · Closes 5 PM,,
Prachinburi,ร้าน น้อยแอร์เซอร์วิส,+66 94 667 0464,"1334, 90-91 Prachin Anuson, Na Muang, Mueang Prachinburi District, Prachin Buri 25000, Thailand",5,6,Open · Closes 5:30 PM,,
Prachinburi,ร้านสุขทวีแอร์&เซอร์วิส,+66 87 140 6859,"51, Dong Khilek, Mueang Prachinburi District, Prachin Buri 25000, Thailand",5,1,Open · Closes 5 PM,,
Prachinburi,ปราจีนแอร์ ศูนย์บริการแอร์รถยนต์,+66 81 922 8891,"399 Rat Damri Rd, Na Muang, Mueang Prachinburi District, Prachin Buri 25000, Thailand",4.9,61,Open · Closes 5 PM,,
Prachinburi,สยามชัยเซอร์วิส สาขาปราจีนบุรี,+66 65 717 7518,"95/1-2 Thetsaban Damri Rd, ต.หน้าเมือง Mueang Prachinburi District, Prachin Buri 25000, Thailand",4.9,72,Open · Closes 7 PM,,
Prachinburi,อ.นิวไดนาโม แอร์เซอร์วิส,+66 80 437 5495,"5, 1, Tambon Mai Khet, เมือง, Prachin Buri 25000, Thailand",4.9,19,Open 24 hours,,
Prachinburi,ร้านเคพีแอร์เซอร์วิส สาขา 2 อ.บ้านสร้าง,+66 80 451 2357,"85 Ratchaphakdi 1 Alley, Ban Sang, Ban Sang District, Prachin Buri 25150, Thailand",4.7,7,Open · Closes 5 PM,,
Prachinburi,ร้าน ทวีแอร์ เซอร์วิส บ้านต้น,+66 63 326 3019,"127, 1, Pho Ngam, Prachantakham District, Prachin Buri 25130, Thailand",4.5,2,Open · Closes 6 PM,,
Prachinburi,พลกฤตแอร์,+66 85 665 9293,"394V+WHV, ถนน ปราจีน-ตะคาม, Dong Phra Ram, Mueang Prachinburi District, Prachin Buri 25000, Thailand",4.3,3,Open now,,
Prachinburi,ร้านแอร์เย็น เจี๊ยบ เซอร์วิส,+66 81 377 9063,"66, 7, Tambon Mai Khet, เมือง, Prachin Buri 25230, Thailand",2.3,3,Open · Closes 9 PM,,
Prachinburi,พี.เอส.แอร์ มาร์เก็ตติ้ง,+66 81 751 2776,"38, Prachantakham, Prachantakham District, Prachin Buri 25130, Thailand",,,Open · Closes 5 PM,,
Prachuap Khiri Khan,ร้านพลการแอร์,+66 89 410 2738,"39, 6 ถนน สุขใจ, Prachuap Khiri Khan, Mueang Prachuap Khiri Khan District, Prachuap Khiri Khan 77000, Thailand",5,10,Open · Closes 6 PM,,
Prachuap Khiri Khan,น.แอร์เซอร์วิส,+66 65 955 0552,"19, 8 Donheang, Tambon Ko Lak, Mueang Prachuap Khiri Khan District, Prachuap Khiri Khan 77000, Thailand",5,1,Open · Closes 5:30 PM,,
Prachuap Khiri Khan,รัตนพลแอร์สาขาประจวบ,+66 64 193 9929,"148 ถนน เกาะหลัก, Tambon Prachuap Khiri Khan, Mueang Prachuap Khiri Khan District, Prachuap Khiri Khan 77000, Thailand",5,1,Open · Closes 5 PM,,
Prachuap Khiri Khan,โอเอ็มแอร์ ซีซีทีวี โซลูชั่น จํากัด,+66 83 313 0907,"27 Sala Cheep Rd, Prachuap Khiri Khan, อำเภอเมือง, Prachuap Khiri Khan 77000, Thailand",5,17,Open · Closes 7:30 PM,,
Prachuap Khiri Khan,ร้านทรัพย์ศิวาแอร์,+66 82 102 3112,"23 1, Tambon Khlong Wan, เมือง, Prachuap Khiri Khan 77000, Thailand",5,3,Open · Closes 9 PM,,
Prachuap Khiri Khan,Charoen Eletronic&Air,+66 81 197 7303,"QQXX+XQH, Prachuap Khiri Khan, Mueang Prachuap Khiri Khan District, Prachuap Khiri Khan 77000, Thailand",5,1,Open · Closes 6:30 PM,,
Prachuap Khiri Khan,Kp.ไฟฟ้าแอร์บ้าน,+66 88 456 2286,"93 ต, 3 ถนน เกาะหลัก, Tambon Ko Lak, อ.เมือง, Prachuap Khiri Khan 77000, Thailand",5,1,Open 24 hours,,
Prachuap Khiri Khan,สามารถการไฟฟ้า ไดนาโม แอร์รถยนต์,+66 85 130 5711,"32-34 Pitak Chart Rd, Tambon Prachuap Khiri Khan, Mueang Prachuap Khiri Khan District, Prachuap Khiri Khan 77000, Thailand",5,1,Open · Closes 5 PM,,
Prachuap Khiri Khan,แบตเตอรี่รถยนต์เสริมทรัพย์แบตเตอรี่,+66 91 789 6158,"140, 11 ถนน เกาะหลัก, Tambon Prachuap Khiri Khan, Mueang Prachuap Khiri Khan District, Prachuap Khiri Khan 77000, Thailand",5,33,Open 24 hours,,
Prachuap Khiri Khan,บริษัท วีทู การไฟฟ้า จำกัด,+66 32 510 845,"225 ถนน เกาะหลัก, Tambon Prachuap Khiri Khan, เมือง, Prachuap Khiri Khan 77000, Thailand",5,3,Open · Closes 6 PM,,
Prachuap Khiri Khan,วัชรพลแอร์ ไดนาโม,+66 61 572 5871,"RQCC+68J, Rural Rd Prachuap Khiri Khan 11023, Ko Lak, Mueang Prachuap Khiri Khan District, Prachuap Khiri Khan 77000, Thailand",4.8,26,Open · Closes 7 PM,,
Prachuap Khiri Khan,สยามชัยเซอร์วิส สาขาประจวบคีรีขันธ์,+66 65 985 5633,"119/8, 119/9 Sala Cheep Rd, คิรีขันธ์, Mueang Prachuap Khiri Khan District, Prachuap Khiri Khan 77000, Thailand",4.8,180,Open · Closes 8 PM,,
Prachuap Khiri Khan,ท.ไฟฟ้า2 ร้านซ่อมรถยนต์/แอร์/ไดนาโม/แบตเตอรี่,+66 89 837 2566,"217, 1 Phet Kasem Rd, Ao Noi, Mueang Prachuap Khiri Khan District, Chang Wat Prachuap Khiri Khan 77000, Thailand",4.7,9,Open · Closes 5 PM,,
Prachuap Khiri Khan,ร้านบุญธรรมเครื่องเย็น,+66 87 008 8790,"24/1 Pitak Chart Rd, Tambon Prachuap Khiri Khan, Mueang Prachuap Khiri Khan District, Prachuap Khiri Khan 77000, Thailand",4.6,17,Open · Closes 5 PM,,
Prachuap Khiri Khan,ร้านนิยมเครืองเย็น,+66 81 943 0090,"QQVH+V5M, Unnamed Road, Tambon Prachuap Khiri Khan, Mueang Prachuap Khiri Khan District, Prachuap Khiri Khan 77000, Thailand",4.3,3,Open now,,
Prachuap Khiri Khan,อาท เซอร์วิส แอร์,+66 88 763 4048,"ซอย เหมือนฝัน 6, Khlong Wan, Mueang Prachuap Khiri Khan District, Prachuap Khiri Khan 77000, Thailand",3.7,3,Open · Closes 5 PM,,
Prachuap Khiri Khan,ร้านแอร์ประจวบ,+66 64 193 9929,"148/3, เมือง, Prachuap Khiri Khan 77000, Thailand",,,Open · Closes 5 PM,,
Prachuap Khiri Khan,ร้านอนันต์แอร์(ช่างต๊ะ) นิคมประจวบคีรีขันธ์,+66 81 014 4271,"59, 7, Tambon Ao Noi, เมือง, Prachuap Khiri Khan 77210, Thailand",,,Open · Closes 6 PM,,
Prachuap Khiri Khan,มังกรแอร์,+66 98 028 0399,"97, 1 อ.เมือง, Khlong Wan, เมือง, Prachuap Khiri Khan 77000, Thailand",,,Open now,,
Prachuap Khiri Khan,ร้าน ย เทคนิคแอร์แอนด์อิเลคทรอนิคส์,+66 32 604 191,"352 พิทักษ์ชาติ Pitak Chart Rd, Prachuap Khiri Khan, Mueang Prachuap Khiri Khan District, Prachuap Khiri Khan 77000, Thailand",,,Open now,,
Ranong,ร้านแอร์ระนอง,+66 64 027 9612,"XJ8H+RF6, Tambon Bang Non, Mueang Ranong District, Ranong 85000, Thailand",5,1,Open · Closes 5 PM,,
Ranong,ร้าน กิจเจริญแอร์ ระนอง,+66 89 290 2525,"83 174, Bang Non, เมือง, Ranong 85000, Thailand",5,8,Open · Closes 5 PM,,
Ranong,ร้าน สุรพันธุ์แอร์,+66 77 811 180,"83/178 หมู่ 2, ตำบลบางนอน อำเภอเมืองระนอง จังหวัดระนอง, 85000, Thailand",5,1,Open now,,
Ranong,ร้าน อันดามันแอร์ (DENSO),+66 81 979 6893,"291, 72-73 หมู่ 3 Phet Kasem Rd, Bang Non, Mueang Ranong District, Ranong 85000, Thailand",4.9,8,Open · Closes 5:30 PM,,
Ranong,สยามชัยเซอร์วิส สาขาระนอง,+66 65 717 3345,"121/2-4 Thamuang Rd, Tambon Khao Niwet, เมือง, Ranong 85000, Thailand",4.9,176,Open · Closes 7 PM,,
Ranong,ร้านธเนตรแอร์,+66 83 692 3956,"หมู่ที่ 2 ถนน Thaweesinkha, Bang Non, Mueang Ranong District, Ranong 85000, Thailand",4.8,8,Open · Closes 5 PM,,
Ranong,A.One ประดับยนต์ ระนอง,+66 81 537 9578,"72, 37 หมู่5 ถ. สะพานปลา, Bang Rin, เมือง, Ranong 85000, Thailand",4.7,6,Open · Closes 5 PM,,
Ranong,Ranong Grandprix Air and Sound,+66 86 344 3848,"23, 10 จัดสรรพัฒนา, Tambon Bang Rin, Mueang Ranong District, Ranong 85000, Thailand",4.6,21,Open · Closes 5 PM,,
Ranong,ร้านไดมอนด์ แอร์,+66 77 823 623,"15/66 หมู่ 6 ถนนรัตนโกสินทร์ 200 ปี, ตำบลบางริ้น Mueang Ranong District, Ranong 85000, Thailand",4.5,4,Open · Closes 6 PM,,
Ranong,หนุ่ม แอร์ รถยนต์,+66 84 629 1222,"Tambon Khao Niwet, Amphoe Mueang Ranong, Chang Wat Ranong 85000, Thailand",4.4,5,Open now,,
Ranong,ทรัพย์เจริญแอร์,+66 87 280 0029,"29, 3, Bang Non, Mueang Ranong District, Ranong 85000, Thailand",4.3,4,Open · Closes 6 PM,,
Ranong,ภักดีเครื่องเย็น(เจ๊ต้อย),+66 89 866 3469,"86/160 ม.2, ต.บางนอน อ.เมือง, Mueang, Ranong 85000, Thailand",4.2,9,Open · Closes 5:30 PM,,
Ranong,ร้านระนองเครื่องเย็น,+66 81 892 8211,"15/103, Bang Rin, เมือง, Ranong 85000, Thailand",4.1,7,Open · Closes 5:30 PM,,
Ranong,ยงยุทธใดนาโมระนอง,+66 88 294 1639,"ใต้สะพานลอยโลตัสระนอง, Phet Kasem Rd, Bang Rin, Mueang Ranong District, Ranong 85000, Thailand",3,2,Open · Closes 5 PM,,
Ranong,ร้านทรัพย์อนันต์แอร์,+66 83 893 9539,"เลขที่ 192/36, Bang Rin, Mueang Ranong District, Ranong 85000, Thailand",,,Open · Closes 5:30 PM,,
Ranong,สุรพันธุ์แอร์,+66 80 696 8861,"13, เลขที่ 32, Khao Niwet, Mueang Ranong District, Ranong 85000, Thailand",,,Open · Closes 5:30 PM,,
Ranong,ก๊อตแอร์,+66 86 954 4534,"32, 19, Tambon Khao Niwet, เมือง, Ranong 85000, Thailand",,,Open · Closes 5 PM,,
Ranong,พงศกรแอร์,+66 81 979 3477,"Chaloem Phrakiat, Bang Rin, Mueang Ranong District, Ranong 85000, Thailand",,,Open · Closes 5 PM,,
Ranong,ร้าน บอยแอร์,+66 77 811 725,"13, 293, Khao Niwet, Mueang Ranong District, Ranong 85000, Thailand",,,Open · Closes 5:30 PM,,
Ranong,เฮงแอร์,+66 64 398 9235,"เลขที่ 306/8, ถนน ท่าเมือง, Khao Niwet, Mueang Ranong District, Ranong 85000, Thailand",,,Open now,,
Ratchaburi,ซินซินริมน้ำ (หจก.ซินซิน อิเล็คทริค),+66 82 242 1560,"Kraipetch Rd, Na Muang, Mueang Ratchaburi, Ratchaburi 70000, Thailand",5,27,Open · Closes 6 PM,,
Ratchaburi,ร้าน ปราณีแอร์ อิเลคทริค ราชบุรี,+66 91 104 7927,"555, 22, Tambon Na Muang, เมือง, Ratchaburi 70000, Thailand",5,12,Open 24 hours,,
Ratchaburi,ติดตั้งแอร์ ล้างแอร์ราชบุรี ระวิพันธ์แอร์เซอร์วิส,+66 90 353 5160,"696, 8, ต.พงสวาย อ.เมือง, Ratchaburi 70000, Thailand",5,35,Open · Closes 5 PM,,
Ratchaburi,ทรัพย์เจริญแอร์ ราชบุรี,+66 92 446 1212,"234/14 ม.2 ต, อ.เมือง, Ratchaburi, Thailand",5,1,Open · Closes 6 PM,,
Ratchaburi,รัตนพงศ์ แอร์&เซอร์วิส ราชบุรี,+66 92 680 4980,"696, 7 หมู่1, Pong Sawai, เมือง, Ratchaburi 70000, Thailand",5,2,Open · Closes 7 PM,,
Ratchaburi,ร้านอั๋นแอร์,+66 83 897 9932,"Chedi Hak, Mueang Ratchaburi, Ratchaburi 70000, Thailand",5,4,Open · Closes 5 PM,,
Ratchaburi,สิงโตแอร์ ล้างแอร์ราชบุรี,+66 95 961 5380,"191 ม.5 Chedi Hak, Tambon Chedi Hak, เมือง, Ratchaburi 70000, Thailand",5,32,Open · Closes 6 PM,,
Ratchaburi,ดำเนินเซลส์ แอร์บ้าน อะไหล่แอร์,+66 62 940 6888,"97, 9, Don Kruai, Damnoen Saduak District, Ratchaburi 70130, Thailand",5,3,Open · Closes 6 PM,,
Ratchaburi,รุ่งเรืองแอร์ยนต์2,+66 86 578 1271,"108, 11 บ้านคลองพะเนาว์ ม.5 ซอย, Don Kruai, Damnoen Saduak District, Ratchaburi 70130, Thailand",5,3,Open · Closes 5 PM,,
Ratchaburi,ราชบุรีอะไหล่แอร์,+66 81 446 8510,"166/22 ม.12 ต, Chedi Hak, Mueang Ratchaburi, Ratchaburi 70000, Thailand",4.9,17,Open · Closes 6 PM,,
Ratchaburi,สมเกียรติ​ออโต้แอร์,+66 92 415 6155,"เลขที่ 91/3, Lum Din, Mueang Ratchaburi, Ratchaburi 70000, Thailand",4.9,17,Open · Closes 5:30 PM,,
Ratchaburi,ฉลองแอร์รถยนต์,+66 80 965 3662,"103, 18 Chawdin Alley, Na Muang, Mueang Ratchaburi, Ratchaburi 70000, Thailand",4.8,244,Open · Closes 5 PM,,
Ratchaburi,ร้านพิทักษ์แอร์แอนด์เซอร์วิส,+66 81 290 9512,"236/3 ม.2 ต.เจดีย์หัก ถ.เจดีย์หัก อ.เมือง, ไทย, Ratchaburi 70000, Thailand",4.7,21,Open · Closes 6 PM,,
Ratchaburi,ซินซินแอร์,+66 86 316 0601,"258, 20 ถนน Si Suriyawong, Na Muang, Mueang Ratchaburi, Ratchaburi 70000, Thailand",4.7,3,Open · Closes 5 PM,,
Ratchaburi,ร้านรุ่งเรืองแอร์,+66 62 419 4419,"317/10-11 หมู่9, Damnoen Saduak District, Ratchaburi 70130, Thailand",4.7,12,Open · Closes 6 PM,,
Ratchaburi,ร้านกิตติแอร์ ราชบุรี,+66 32 326 649,"GRJ3+J8Q, Na Muang, Mueang Ratchaburi, Ratchaburi 70000, Thailand",4.6,40,Open · Closes 6 PM,,
Ratchaburi,ร้านบ้านสวนแอร์,+66 81 440 6801,"11 อ่างทอง, 1, Tambon Ang Thong, เมือง, Ratchaburi 70000, Thailand",4.3,4,Open · Closes 5 PM,,
Ratchaburi,ร้าน ราชบุรีแอร์,+66 81 857 1100,"Na Muang, Mueang Ratchaburi, Ratchaburi 70000, Thailand",4,4,Open · Closes 5 PM,,
Ratchaburi,ร้านศุภณัฐแอร์ ราชบุรี,+66 83 929 5099,"328, 32 ถ.เพชรเกษม ซอย 3, หน้าเมือง เมือง, Ratchaburi 70000, Thailand",3.8,57,Open · Closes 6 PM,,
Ratchaburi,ร้านบายพาสแอร์ ราชบุรี,+66 81 858 1620,"443, Don Tako, เมือง, Ratchaburi 70000, Thailand",3.7,6,Open · Closes 5 PM,,
Rayong,บีเค แอร์ เซอร์วิส ล้างแอร์ระยอง,+66 87 619 9701,"142/43, Map Ta Phut, เมือง, Rayong 21150, Thailand",5,12,Open · Closes 7 PM,,
Rayong,เล็กแอร์แอนด์เซอร์วิส,+66 93 904 8346,"24/9, Choeng Noen Sub-district, เมือง, Rayong 21000, Thailand",5,1,Open · Closes 5 PM,,
Rayong,NR air rayong ล้างย้ายติดตั้งจำหน่ายแอร์,+66 94 627 5559,"M5HP+VRR, Trokyaycha Rd, Noen Phra Sub-district, Mueang Rayong District, Rayong 21000, Thailand",5,6,Open · Closes 5 PM,,
Rayong,ศิริกุล อะไหล่แอร์บ้าน,+66 82 465 2941,"28, 31 Trokyaycha Rd, Tambon Noen Phra, Mueang Rayong District, Rayong 21150, Thailand",5,10,Open · Closes 9 PM,,
Rayong,ระยองอีควิปเม้นท์,+66 86 327 9966,"เยื้องวัดเกาะกลอย, 137, 66 ถนนสุขุมวิท นครระยอง45, Mueang Rayong District, Rayong 21000, Thailand",5,1,Open · Closes 5 PM,,
Rayong,โมเดิร์นแอร์ซิตี้ระยอง แอร์บ้าน แอร์โครงการ บริการครบวงจร,+66 81 712 3957,"84/39, Choeng Noen Sub-district, Mueang Rayong District, Rayong, Thailand",4.9,204,Open · Closes 7 PM,,
Rayong,ร้านบวรเทคนิคอลแอร์(อู่ช่างกอล์ฟ),+66 80 956 3595,"Soi Saensuk 4, Tambon Choeng Noen, Mueang Rayong District, Rayong 21000, Thailand",4.9,156,Open 24 hours,,
Rayong,ร้านแอร์ระยอง อุทัยแอร์ จำหน่ายล้างซ่อมแอร์โรงงานแอร์บ้าน,+66 89 246 0377,"131/256, Thap Ma, Mueang Rayong District, Rayong 21000, Thailand",4.8,5,Open · Closes 5 PM,,
Rayong,ร้านเอที แอร์ ล้างแอร์รถยนต์มาบตาพุด,+66 87 780 2909,"P56V+MCP, Tambon Noen Phra, Mueang Rayong District, Rayong 21150, Thailand",4.8,77,Open · Closes 4:40 PM,,
Rayong,ไฮเทคแอร์ ระยอง,+66 38 621 673,"115/8-9 ถนนสุขุมวิท นครระยอง45, Tambon Choeng Noen, Mueang Rayong District, Rayong 21000, Thailand",4.7,72,Open · Closes 5:30 PM,,
Rayong,หจก. วาสนาแอร์เซอร์วิส แอนด์ คอนซัลแตนท์,+66 38 608 333,"129/14-15 Sukhumvit Rd, Map Ta Phut, Mueang Rayong District, Rayong 21150, Thailand",4.7,6,Open · Closes 5 PM,,
Rayong,บริษัท ระยองแอร์คอนพาร์ทเซ็นเตอร์ จำกัด,+66 86 324 4533,"103 หมู่6 ถนนเลี่ยงเมืองสาย3, Thap Ma, Mueang Rayong District, Rayong 21000, Thailand",4.6,18,Open · Closes 5 PM,,
Rayong,"Premier Eastern Air Supply Co.,Ltd",+66 61 951 5645,"13/8 ม.3 Sukhumvit Rd, Tambon Noen Phra, Mueang Rayong District, Rayong 21000, Thailand",4.6,16,Open · Closes 5:30 PM,,
Rayong,ร้าน เมืองแอร์เซอร์วิส,+66 38 800 220,"18/3, ถนน, Pojnakaran Rd, Tha Pradu, Mueang Rayong District, Rayong 21000, Thailand",4.6,12,Open · Closes 5 PM,,
Rayong,Charoenkij Air,+66 38 614 446,"486, 14-15 Sukhumvit Rd, Tambon Noen Phra, Mueang Rayong District, Rayong 21000, Thailand",4.5,100,Open · Closes 5:30 PM,,
Rayong,บริษัท พี. คูลเอ็นจิเนียริ่ง จำกัด,+66 85 319 8555,"141, 1 Thanon RImnam, Tambon Choeng Noen, Mueang Rayong District, Rayong 21000, Thailand",4.5,2,Open · Closes 5:30 PM,,
Rayong,ฮัมมิ่งเบิร์ด แอร์ ระยอง,+66 93 196 5515,"97, 11 หมู่ 7 Bamrungraj 8 Rd, Tambon Noen Phra, Mueang Rayong District, Rayong 21150, Thailand",4.4,52,Open · Closes 5:30 PM,,
Rayong,โคฟเวอร์แอร์ ระยอง,+66 94 242 4998,"32/7 ถนน อดุลย์ธรรมประภาส, Pak Nam, Mueang Rayong District, Rayong 21000, Thailand",4.3,29,Open · Closes 7 PM,,
Rayong,สบายดีแอร์ เซอร์วิส,+66 38 682 121,"108/11 Noenpayom Rd, Map Ta Phut, Amphoe Mueang Rayong, Rayong 21150, Thailand",4.3,12,Open · Closes 5:30 PM,,
Roi Et,แอร์บ้านร้อยเอ็ด ขาย จำหน่าย ติดตั้ง ซ่อม ล้าง แอร์,+66 61 790 7771,"650 หมู่ 14, เมือง, Roi Et 45000, Thailand",5,10,Open · Closes 6 PM,,
Roi Et,เอกแอร์ร้อยเอ็ด,+66 90 007 2225,"420, 9 ถนน รณชัยชาญยุทธ, Tambon Nai Mueang, เมือง, Roi Et 45000, Thailand",5,7,Open · Closes 5 PM,,
Roi Et,เอกรัตน์แอร์อิเล็คทริค,+66 99 629 5199,"11/6-11/7 ถนน, Meechokchai, Nai Mueang, Mueang Roi Et District, Roi Et 45000, Thailand",5,1,Open · Closes 5 PM,,
Roi Et,AP แอร์ ร้อยเอ็ด แอร์บ้าน ปลีก-ส่ง ราคาถูก,+66 90 553 5522,"23 ถนนรอบเมือง, Nai Mueang, Mueang Roi Et District, Chang Wat Roi Et 45000, Thailand",5,2,Open · Closes 6 PM,,
Roi Et,ธงชัยแอร์เซอร์วิส,+66 98 096 1942,"118 หมู่ 7, Pho Sai, Si Somdet District, Roi Et 45280, Thailand",5,2,Open · Closes 7 PM,,
Roi Et,ศุภวิชญ์แอร์ สาขาร้อยเอ็ด,+66 98 791 9836,"3G9Q+FQF, Unnamed Road, Po Phan, Mueang Roi Et District, Roi Et 45000, Thailand",5,1,Open · Closes 5 PM,,
Roi Et,หจก.วุฒิแอร์เซอร์วิส สาขา 2 ร้อยเอ็ด,+66 86 863 9432,"107, Tambon Nuea Mueang, เมือง, Roi Et 45000, Thailand",5,3,Open · Closes 6 PM,,
Roi Et,หจก.มาเวลเซอร์วิสแอร์ไฟฟ้า,+66 89 981 8575,"215, 10 หมู่17 หมู่บ้านเอราวัณวิลล่า, Niwet, Thawat Buri District, Roi Et 45170, Thailand",5,2,Open · Closes 5 PM,,
Roi Et,ร้านท็อปแอร์ร้อยเอ็ด,+66 63 021 1047,"421 หมู่ 6 รอบเมือง, เมือง, Roi Et 45000, Thailand",5,1,Open · Closes 6 PM,,
Roi Et,รุ่งเรืองทรัพย์ไพศาลแอร์ จำหน่ายแอร์ ติดตั้งแอร์ ล้างแอร์ ซ่อมแอร์ ทุกชนิด,+66 90 324 7195,"149ม.5 แยกไฟแดงบ้านดง บ้านนา ต, Nuea Mueang, Mueang Roi Et District, Roi Et 45000, Thailand",5,1,Open · Closes 8:30 PM,,
Roi Et,ร้านโชคชัยแอร์เซอร์วิส,+66 96 823 8615,"3GG8+XHQ, Po Phan, Mueang Roi Et District, Roi Et 45000, Thailand",5,1,Open · Closes 6 PM,,
Roi Et,ช่างแอร์ ล้างแอร์ ซ่อมแอร์ ติดตั้งแอร์ จำหน่ายแอร์ ร้านแอร์บ้านร้อยเอ็ด,+66 62 390 7779,"5 ซ.23, ถนน รณชัยชาญยุทธ, ในเมือง เมือง, Roi Et 45000, Thailand",5,9,Open · Closes 6 PM,,
Roi Et,ช่างวิทย์ แอร์เซอร์วิส,+66 93 893 5552,"ค่ายสมเด็จพระพุทธยอดฟ้าจุฬาโลกมหาราช (ค่ายโสกเชือก บ้านพักจ.7ห้อง 3, Tambon Pho Sai, Si Somdet District, Roi Et 45280, Thailand",5,1,Open · Closes 8 PM,,
Roi Et,ติดตั้งแอร์ร้อยเอ็ด ล้างแอร์ร้อยเอ็ด (ช่างรงค์),+66 88 533 5442,"บ้านเหล่าสมบูรณ์, 87 ม.7, Dong Lan, Mueang Roi Et District, Roi Et 45000, Thailand",5,3,Open now,,
Roi Et,ล้างแอร์ร้อยเอ็ด,+66 99 629 5199,"11/6-11/7 Meechokchai, ในเมือง เมือง, Roi Et 45000, Thailand",4.9,17,Open · Closes 5 PM,,
Roi Et,ร้านล้างแอร์รถยนต์500บาท ตรวจเช็คซ่อมสี่แยกบายพาสร้อยเอ็ด-สุวรรณภูมิ รอบเมืองจ.ร้อยเอ็ด,+66 80 419 7446,"188, Rop Mueang, Mueang Roi Et District, Roi Et 45000, Thailand",4.9,23,Open · Closes 6 PM,,
Roi Et,ร้านนทีแอร์,+66 86 854 2327,"108 ถ. ปัทมานนท์, ในเมือง เมือง, Roi Et 45000, Thailand",4.9,12,Open · Closes 5 PM,,
Roi Et,เปาแอร์ ซ่อมแอร์รถยนต์ทุกชนิด,+66 94 449 3694,"31, 5 ถนนรัฐกิจไคลคลา, Tambon Nai Mueang, เมือง, Roi Et 45000, Thailand",4.9,14,Open · Closes 5 PM,,
Roi Et,ธานีแอร์,+66 81 670 3357,"บ้านเลขที่ 11 หมู่ 22 บ้านน้อยในเมือง, Nuea Mueang, เมือง, Roi Et 45000, Thailand",4.8,5,Open · Closes 4 PM,,
Roi Et,ห้างหุ้นส่วนจำกัด ชัยอีเล็คทริคร้อยเอ็ด,+66 43 511 343,"90-92 Chaeng Sanit Rd, Nai Mueang, Mueang Roi Et District, Roi Et 45000, Thailand",4.5,28,Open · Closes 5:30 PM,,
Sa Kaeo,ร้านรุ่งเรืองแอร์เซอร์วิส,+66 37 628 455,"ตรง ยู เทิ ร์ น หอสมุด, 583 บ้าน หนอง นกเขา ถ สุวรรณ ศร ต ท่า เกษม อ เมือง, Sa Kaeo, Mueang Sa Kaeo District, Sa Kaeo 27000, Thailand",5,7,Open · Closes 8 PM,,
Sa Kaeo,บจก.ไพศาล แอร์ซัพพลาย,+66 98 870 3731,"94, Tambon Tha Kasem, เมือง, Sa Kaeo 27000, Thailand",5,1,Open · Closes 6 PM,,
Sa Kaeo,ร้านล้างแอร์เจ๋ง แอร์แอนด์เซอร์วิส,+66 92 000 4924,"214, 37 Soi Mu Ban Nitta Home, Sa Kaeo, Mueang Sa Kaeo District, Sa Kaeo 27000, Thailand",5,9,Open · Closes 8 PM,,
Sa Kaeo,เอสไอทีแอร์อิเล็กทรอนิกส์เซอร์วิส,+66 95 764 2972,"Q4F4+9CG, Sa Kaeo, Mueang Sa Kaeo District, Sa Kaeo 27000, Thailand",5,1,Open · Closes 6:30 PM,,
Sa Kaeo,ชัยเจริญแอร์,+66 95 474 7417,"Suwannason Rd, Sala Lamduan, Mueang Sa Kaeo District, Sa Kaeo 27000, Thailand",5,1,Open · Closes 5 PM,,
Sa Kaeo,ร้าน ภาคินีแอร์,+66 98 554 9734,"354 23, Sa Kaeo, Mueang Sa Kaeo District, Sa Kaeo 27000, Thailand",5,6,Open · Closes 5 PM,,
Sa Kaeo,บูรพาอะไหล่แอร์,+66 63 926 3971,"5, 19 ถนนเฉลิมพระเกียรติ ร.9, Tambon Sa Kaeo, Mueang Sa Kaeo District, Sa Kaeo 27000, Thailand",5,4,Open · Closes 6 PM,,
Sa Kaeo,ร้านอนันต์แอร์เซอร์วิส,+66 61 067 3229,"565, Tha Kasem, Mueang Sa Kaeo District, Sa Kaeo 27000, Thailand",5,1,,,
Sa Kaeo,วิทยาแอร์แอนด์เซอร์วิส(ช่างโรจน์),+66 95 809 4223,"9 หมู่5 ต.ท่าเกษม, Tambon Tha Kasem, Mueang Sa Kaeo District, Sa Kaeo 27000, Thailand",5,2,Open · Closes 5 PM,,
Sa Kaeo,ไพบูลย์ แอร์ สระแก้ว,+66 81 861 7521,"147 Suwannason Rd, Tambon Sa Kaeo, Mueang Sa Kaeo District, Sa Kaeo 27000, Thailand",4.9,9,Open · Closes 5 PM,,
Sa Kaeo,ฝนเทียมแอร์,+66 95 737 5588,"78, 1 ถนน เทศบาล, Sa Kaeo, Mueang Sa Kaeo District, Sa Kaeo 27000, Thailand",4.7,6,Open 24 hours,,
Sa Kaeo,ปภารัช แอร์เซอร์วิส Air Service สระแก้ว,+66 81 237 3008,"315, 1-2 Suwannason Rd, Sa Kaeo, Mueang Sa Kaeo District, Sa Kaeo 27000, Thailand",4,2,Open · Closes 5 PM,,
Sa Kaeo,อุทัยแอร์&ซาวด์ ซ่อมแอร์รถยนต์สระแก้ว คลังกระจกรถยนต์สระแก้ว,+66 94 846 4994,"333 Suwannason Rd, Sa Kaeo, Mueang Sa Kaeo District, Sa Kaeo 27000, Thailand",4,11,Open · Closes 5:30 PM,,
Sa Kaeo,บริษัท สระแก้วแอร์ จำกัด,+66 87 149 1888,"432/3 Suwannason Rd, Tambon Sa Kaeo, Mueang Sa Kaeo District, Sa Kaeo 27000, Thailand",4,6,Open · Closes 5 PM,,
Sa Kaeo,ร้าน วณิชแอร์,+66 81 762 1284,"366 2, Sa Kaeo, Mueang Sa Kaeo District, Sa Kaeo 27000, Thailand",3.7,3,Open · Closes 5:30 PM,,
Sa Kaeo,ร้านแสงอุทัยเครื่องเย็น,+66 64 163 5165,"114 หมู่16, Sa Khwuan, Mueang Sa Kaeo District, Sa Kaeo 27000, Thailand",3.4,7,Open · Closes 5 PM,,
Sa Kaeo,ชาญชัยแอร์,+66 86 833 3882,"501 Suwannason Rd, Tambon Sa Kaeo, Mueang Sa Kaeo District, Sa Kaeo 27000, Thailand",,,Open · Closes 8 PM,,
Sa Kaeo,เพอร์เฟคแอร์ สระแก้ว,+66 99 415 4024,"บ้านเลขที่ื 238 หมู่ 3, เมือง, Sa Kaeo 27000, Thailand",,,Open 24 hours,,
Sa Kaeo,สุรพลแอร์,+66 82 004 4778,"411 Suwannason Rd, Tambon Sa Kaeo, Mueang Sa Kaeo District, Sa Kaeo 27000, Thailand",,,Open · Closes 7:30 PM,,
Sa Kaeo,นิพนธ์ แอร์เซอร์วิส,+66 92 000 4924,"R365+PHX, Sa Kaeo, Mueang Sa Kaeo District, Sa Kaeo 27000, Thailand",,,,,
Sakon Nakhon,ร้านแอร์ สกลนคร เอส.ซี.แอร์,+66 85 560 2938,"272, 73 Nittayo Rd, ตำบลธาตุเชิงชุม Mueang Sakon Nakhon District, Sakon Nakhon 47000, Thailand",5,6,Open · Closes 5 PM,,
Sakon Nakhon,สกลนครแอร์,+66 42 717 195,"287, 11 Khu Mueang Rd, Dong Mafai, Mueang Sakon Nakhon District, Sakon Nakhon 47000, Thailand",5,4,Open · Closes 5 PM,,
Sakon Nakhon,Mr.Air (มิสเตอร์ แอร์),+66 82 780 9350,"Sakon Nakhon Rajabhat University, ร้านอาร์ ที ซัพพลาย อยู่ตรงข้าม, ม 36, Ngio Don, Mueang Sakon Nakhon District, Sakon Nakhon 47000, Thailand",5,2,Open · Closes 5 PM,,
Sakon Nakhon,"ติดตั้งแอร์สกลนคร,สกลนครแอร์ แอนด์ เซอร์วิส",+66 64 518 3709,"1604, 56 Suk Kasem Rd, Tambon Dong Mafai, เมือง, Sakon Nakhon 47000, Thailand",5,4,Open · Closes 7 PM,,
Sakon Nakhon,อาวุธแอร์เซอร์วิส สกลนคร,+66 87 104 3797,"606, หมู่4, Dong Mafai, อำเภอเมือง, Sakon Nakhon 47000, Thailand",5,2,Open · Closes 5 PM,,
Sakon Nakhon,ร้านสไมล์ แอร์ สกลนคร,+66 65 689 6598,"ร้านสไมล์ แอร์ 720/1 ถ.สกลนคร-นาแก อ.เมือง จ.สกลนคร 47000, Mueang Sakon Nakhon District, Sakon Nakhon 47000, Thailand",5,1,Open · Closes 8 PM,,
Sakon Nakhon,หจก.ฐิตินนท์ แอร์คอน,+66 95 184 7892,"272/56-57 บขสใหม่สกลนคร, เมือง, Sakon Nakhon 47000, Thailand",5,2,Open · Closes 4 PM,,
Sakon Nakhon,แอร์สกลเซอร์วิส,+66 88 572 6297,"809/19, That Choeng Chum, เมือง, Sakon Nakhon 47000, Thailand",5,1,Open · Closes 6 PM,,
Sakon Nakhon,สกลนครแอร์,+66 84 788 4738,"105/18 Thanon I-T-U, Tambon Dong Mafai, Mueang Sakon Nakhon District, Sakon Nakhon 47000, Thailand",5,1,Open now,,
Sakon Nakhon,ร้านบังเอิญแอร์บ้าน,+66 89 273 1561,"165, 17 Rat Bamrung Rd, Tambon That Na Weng, Mueang Sakon Nakhon District, Sakon Nakhon 47000, Thailand",5,1,Open 24 hours,,
Sakon Nakhon,SEK แอร์เซอร์วิส,+66 88 729 8848,"1 หมู่11, Phang Khwang, Mueang Sakon Nakhon District, Sakon Nakhon 47000, Thailand",5,1,Open · Closes 8 PM,,
Sakon Nakhon,PT.คูล แอร์บ้าน,+66 87 228 6903,"Phang Khwang, Mueang Sakon Nakhon District, Sakon Nakhon 47000, Thailand",5,1,Open · Closes 5 PM,,
Sakon Nakhon,บัณฑิตมอเตอร์,+66 42 711 390,"1432 Rat Phatthana Rd, That Choeng Chum, Mueang Sakon Nakhon District, Sakon Nakhon 47000, Thailand",4.8,19,Open · Closes 5:30 PM,,
Sakon Nakhon,เจริญแอร์ไดนาโม,+66 81 480 0889,"264, 10 Rat Bamrung Rd, Tambon That Na Weng, เมือง, Sakon Nakhon 47000, Thailand",4.5,13,Open · Closes 6 PM,,
Sakon Nakhon,ไอเดียแอร์ไฟฟ้า สกลนคร,+66 87 233 3501,"878 Saereethai Rd, อำเภอเมือง Mueang Sakon Nakhon District, Sakon Nakhon 47000, Thailand",4.4,7,Open · Closes 5 PM,,
Sakon Nakhon,อาทิตย์แอร์สกลนคร,+66 95 660 2728,"189/2 หมู่ 13 ถนน สกล-กาฬสินธฺุ์, Mueang Sakon Nakhon District, Sakon Nakhon 47000, Thailand",4,20,Open · Closes 6 PM,,
Sakon Nakhon,สิริแอร์,+66 84 788 4738,"105/18, เมือง, Sakon Nakhon 47000, Thailand",,,Open 24 hours,,
Samut Prakan,แสงอรุณแอร์,+66 84 010 8899,"286, 2-3 Thai Ban, Tambon Pak Nam, Mueang Samut Prakan District, Samut Prakan 10270, Thailand",5,56,Open · Closes 6 PM,,
Samut Prakan,ร้านแอร์ เอส.พี.คูลลิ่งแอร์,+66 86 500 2697,"88 Ramkhamhaeng 2 Soi 23 Yaek 4, Dok Mai, Prawet, Bangkok 10260, Thailand",5,15,Open · Closes 6 PM,,
Samut Prakan,พรศิริแอร์บ้าน ขายถูก,+66 61 986 2046,"998, 19 หมู่ที่ 6 Thanon Phraeksa, Phraeksa, Mueang Samut Prakan District, Samut Prakan 10280, Thailand",5,108,Open · Closes 10 PM,,
Samut Prakan,เอื้อการย์ แอร์,+66 87 075 6021,"JG47+3HX เอื้อการย์แอร์, Pracha Uthit Rd, Thung Khru, Bangkok 10140, Thailand",5,13,Open · Closes 6 PM,,
Samut Prakan,หจก. บุตราศรีแอร์บ้าน แอนด์ เซอร์วิส,+66 92 585 8734,"998, 19 Thanon Phraeksa, Phraeksa, Mueang Samut Prakan District, Samut Prakan 10280, Thailand",5,21,Open · Closes 9 PM,,
Samut Prakan,ล้างแอร์รถยนต์ 399 สาขาแพรกษา,+66 98 918 5015,"699, Tambon Phraeksa Mai, Mueang Samut Prakan District, Samut Prakan 10280, Thailand",5,396,Open · Closes 6 PM,,
Samut Prakan,รักช่าง ล้างแอร์ แพรกษา สมุทรปราการ Rak-Chang Air Services Preaksa Samutprakarn,+66 2 096 6220,"187/7 หมู่บ้านพฤกษา 136 ซ.แพหมอพัฒนา ต.แพรกษา, Thepharak, Muang, Samut Prakan 10280, Thailand",4.9,433,Open · Closes 8 PM,,
Samut Prakan,อนุวัฒน์ แอร์ เซอร์วิส,+66 98 253 8323,"318 เอื้ออาทร, Nai Khlong Bang Pla Kot, Phra Samut Chedi District, Samut Prakan 10290, Thailand",4.9,35,Open 24 hours,,
Samut Prakan,บริษัท มิสเตอร์แอร์ทิพวัล จำกัด,+66 2 380 5032,"หมู่ที่ 5, 420/30-31, Thepharak Rd, Mueang Samut Prakan District, Samut Prakan 10270, Thailand",4.8,44,Open · Closes 5 PM,,
Samut Prakan,บริษัท โปรแอร์พัฒนา จำกัด,+66 2 748 6452,"419, 5-6 หมู่ที่ 5 Srinagarindra Rd, Samrong Nuea, Mueang Samut Prakan District, Samut Prakan 10270, Thailand",4.7,44,Open · Closes 5:30 PM,,
Samut Prakan,บริษัท บี.พี.แอร์เซ็นเตอร์ จำกัด,+66 2 399 1628,"99 ซอย สุขุมวิท 103 (อุดมสุข 42), สุขุมวิท, Bang Na Nuea, Bang Na, Bangkok 10260, Thailand",4.7,12,Open · Closes 5:30 PM,,
Samut Prakan,บีเคซี ครุใน แอร์บ้าน อะไหล่แอร์ เครื่องมือช่าง ติดตั้งแอร์ ล้างแอร์,+66 2 095 2168,"78, 19 Khru Nai Rd, Thung Khru, Bangkok 10140, Thailand",4.7,27,Open · Closes 6 PM,,
Samut Prakan,อินแอร์คูล-บริการล้างแอร์ ซ่อมแอร์ ติดตั้งแอร์บ้าน สำนักงาน คอนโด,+66 61 773 5479,"ปาก Dansamrong 53 Alley, Samrong Nuea, เมือง, Samut Prakan 10270, Thailand",4.6,7,Open · Closes 7 PM,,
Samut Prakan,หจก.โชคชัย แอร์ แอนด์ เซอร์วิช,+66 96 217 1566,"246, 37 Phuchao Saming Phray, Tambon Samrong Klang, Phra Pradaeng District, Samut Prakan 10130, Thailand",4.5,33,Open · Closes 6 PM,,
Samut Prakan,สวนหลวงแอร์แอนด์เซอร์วิส แอร์บ้านราคาถูก,+66 92 747 0011,"77 ซอย เฉลิมพระเกียรติ ร. 9, Nong Bon, Prawet, Bangkok 10250, Thailand",4.4,85,Open · Closes 5 PM,,
Samut Prakan,อุดมสุขแอร์ซัพพลาย (อุดมสุขอะไหล่แอร์),+66 2 746 6411,"673 ซอย 41, Sukhumvit 103 Rd, Bang Chak, Phra Khanong, Bangkok 10260, Thailand",4.4,118,Open · Closes 5 PM,,
Samut Prakan,บจก. สหชัยแอร์ปากน้ำ,+66 83 437 1213,"10/1-2, ซอยบุญศิริ ถนนสุขุมวิท, ตำบลบางเมือง อำเภอเมือง, Samut Prakan 10270, Thailand",4.4,40,Open · Closes 5 PM,,
Samut Prakan,ห้างหุ้นส่วนจำกัดเบสท์ แอร์คูลลิ่ง,+66 63 639 3516,"922/6-7 หมู่5, ซอยแบริ่ง ถนนสุขุมวิท107, แขวงสำโรงเหนือ Mueang Samut Prakan District, Samut Prakan 10270, Thailand",4.4,14,Open · Closes 5 PM,,
Samut Prakan,ล้างแอร์ ทุ่งครุ,+66 62 080 5212,"452/4 Soi Mu Ban P.k. Garden, Na Klua, Phra Samut Chedi District, Samut Prakan 10290, Thailand",4.3,28,Open · Closes 5 PM,,
Samut Prakan,แอร์บ้านศรีนครินทร์ (บางนา บางพลี สมุทรปราการ),+66 62 165 1653,"Bang Kaeo, Bang Phli District, Samut Prakan 10540, Thailand",4.2,10,Open · Closes 7 PM,,
Samut Sakhon,หนึ่งแอร์ บางกระดี่ เซอร์วิส ล้างติดตั้งแอร์พระราม2,+66 95 509 5419,"74 Soi Sakae Ngam 14, Samae Dam, Bang Khun Thian, Bangkok 10150, Thailand",5,24,Open · Closes 5 PM,,
Samut Sakhon,มาณพแอร์(ช่างตี๋) &ไฟฟ้าเซอร์วิส,+66 95 485 5015,"J8JF+WW6 ตำบล แคราย อำเภอกระทุ่มแบน, บางน้ำจืด เมือง, Samut Sakhon 74000, Thailand",5,13,Open 24 hours,,
Samut Sakhon,ช่างแอร์พระราม 2 แสมดำ บางขุนเทียน สะแกงาม ท่าข้าม เทียนทะเล พันท้ายนรสิงห์ บางบอน บางมด ทุ่งครุ และระแวกใกล้เคียง,+66 86 982 4741,"100, 473 Bang Khun Thian-Chai Thalae Rd, Phanthai Norasing, Mueang Samut Sakhon District, Samut Sakhon 74000, Thailand",5,106,Open 24 hours,,
Samut Sakhon,ชลธารแอร์,+66 81 923 9686,"420/96, Samae Dam, Bang Khun Thian, Bangkok 10150, Thailand",5,3,Open · Closes 6 PM,,
Samut Sakhon,วีเอสซี แอร์,+66 91 887 8516,"119, 329 Soi Mu Ban Kanda Ban Rim Khlong 3, Phanthai Norasing, Mueang Samut Sakhon District, Samut Sakhon 74000, Thailand",5,2,Open · Closes 5 PM,,
Samut Sakhon,ร้านปรีชาแอร์ พระราม2,+66 91 036 8518,"JCP8+C9M, Soi Sakae Ngam 14, Samae Dam, Bang Khun Thian, Bangkok 10150, Thailand",5,1,Open · Closes 8 PM,,
Samut Sakhon,ที.อาร์.อะไหล่แอร์,+66 88 297 9794,"189/730, Phanthai Norasing, Mueang Samut Sakhon District, 74000, Thailand",5,3,Open · Closes 6 PM,,
Samut Sakhon,ร้านแอร์ดี เซลล์ แอนด์ เซอร์วิส,+66 81 489 8572,"H88M+MC3, สค.5031, Khok Kham, Mueang Samut Sakhon District, Samut Sakhon 74000, Thailand",5,2,Open · Closes 6 PM,,
Samut Sakhon,หจก.โฮมแอร์เซล,+66 81 304 0087,"158, 10 ม.5, Phanthai Norasing, Mueang Samut Sakhon District, Samut Sakhon 74000, Thailand",4.9,13,Open · Closes 5 PM,,
Samut Sakhon,ณัฐชนน แอร์&เซอร์วิส,+66 92 656 0020,"20 ชัยมงคล, 21, Tambon Chaimongkhon, เมือง, Samut Sakhon 74000, Thailand",4.9,18,Open · Closes 5 PM,,
Samut Sakhon,ร้านทักษ์แอร์เซอร์วิส,+66 83 285 8422,"57 ท่าทราย, 12, Tambon Tha Sai, Mueang Samut Sakhon District, Samut Sakhon 74000, Thailand",4.7,46,Open · Closes 8 PM,,
Samut Sakhon,บริษัท เอกมงคลชัย อีควิปเม้นท์ จำกัด,+66 2 894 8841,"1427, 1429 Ekkachai Rd, Bang Bon Tai, Khet Bang Bon, Bangkok 10150, Thailand",4.7,30,Open · Closes 5:30 PM,,
Samut Sakhon,เจเอ็มซี แอร์ คูลเนส,+66 94 687 1414,"27, 14 Setthakij 1 Rd, Na Di, Mueang Samut Sakhon District, Samut Sakhon 74000, Thailand",4.6,26,Open now,,
Samut Sakhon,เฉลิมชัย แอร์,+66 87 698 9451,"มหาชัย, Maha Chai, Mueang Samut Sakhon District, Samut Sakhon 74000, Thailand",4.6,9,Open · Closes 5 PM,,
Samut Sakhon,บริษัท อั๋นแอร์ แอนด์ อิเล็คทรอนิคส์2563 จำกัด,+66 82 356 5506,"62, 68 ม.2, Na Di, Mueang Samut Sakhon District, Samut Sakhon 74000, Thailand",4.6,20,Open · Closes 5 PM,,
Samut Sakhon,ช่างแอร์พระราม2 ช่างกล้องวงจรปิด CCTV ช่างไฟฟ้า ช่างติดตั้งเครื่องทำน้ำอุ่น,+66 96 379 2822,"357, 88 ซอย พระรามสอง, Samae Dam, Bang Khun Thian, Bangkok 10150, Thailand",4.6,22,Open 24 hours,,
Samut Sakhon,ล้างแอร์พระราม2 แสมดำ บางขุนเทียน,+66 96 379 2822,"357ม4, 88 Rama II Rd, Samae Dam, Bang Khun Thian, Bangkok 10150, Thailand",4.5,27,Open 24 hours,,
Samut Sakhon,ภาคิน แอร์ แอนด์ เซอร์วิส,+66 64 130 5554,"Tha Sai, Mueang Samut Sakhon District, Samut Sakhon 74000, Thailand",4.5,15,Open · Closes 5 PM,,
Samut Sakhon,เจ.เจ.แอร์,+66 34 816 259,"942, 77 Setthakij 1 Rd, Tambon Tha Sai, อำเภอเมือง, Samut Sakhon 74000, Thailand",4.3,3,Open · Closes 5 PM,,
Samut Sakhon,ร้านแอร์สมุทรสาคร แอร์สมุทรสาคร .com,+66 85 183 3028,"หมู่ที่ 6, 118/386 ซอย10, Tha Sai, Mueang Samut Sakhon District, Samut Sakhon 74000, Thailand",4.2,14,Open · Closes 5 PM,,
Samut Songkhram,ที คูลอิเล็กทริค,+66 83 657 7999,"1247 274, Mae Klong, Mueang Samut Songkhram District, Samut Songkhram 75000, Thailand",5,2,Open · Closes 5 PM,,
Samut Songkhram,ช่างแอร์ สมุทรสงคราม,+66 95 590 1565,"21 ต, Tambon Phraek Nam Daeng, Amphawa District, Samut Songkhram 75110, Thailand",5,14,Open · Closes 5 PM,,
Samut Songkhram,บุญทิวาแอร์ยนต์,+66 97 074 1252,"231, Lat Yai, เมือง, Samut Songkhram 75000, Thailand",5,8,Open · Closes 6 PM,,
Samut Songkhram,นาวินแอร์,+66 86 550 2718,"90 57, Lat Yai, Mueang Samut Songkhram District, Samut Songkhram 75000, Thailand",5,2,Open 24 hours,,
Samut Songkhram,ล้างแอร์บ้าน สมุทรสงคราม,+66 63 673 5530,"33/20, Mueang Samut Songkhram District, Samut Songkhram 75000, Thailand",5,1,Open 24 hours,,
Samut Songkhram,BG แอร์ยนต์,+66 92 980 5145,"6, 18 ม.6, Bang Phrom, Amphawa District, Samut Songkhram 75110, Thailand",5,20,Open · Closes 5:30 PM,,
Samut Songkhram,ร้านดำรงค์แอร์แม่กลอง,+66 65 206 9306,"94, 3, Lat Yai, เมือง, Samut Songkhram 75000, Thailand",5,1,Open · Closes 5 PM,,
Samut Songkhram,ร้าน. บางนกแขวกแอร์,+66 86 019 5161,"FWVG+XFR, Bang Nok Kwaek, Bang Khonthi District, Samut Songkhram 75120, Thailand",5,3,Open now,,
Samut Songkhram,ร้านแอร์รถยนต์ นพพลเซอร์วิส,+66 98 634 5390,"77 บางแก้ว, Tambon Bang Kaeo, เมือง, Samut Songkhram 75000, Thailand",5,13,Open · Closes 8:30 PM,,
Samut Songkhram,ตั้นธง แอร์รถยนต์ แบตเตอรี่,+66 96 728 6928,"เส้นปากท่อสายเก่า ต, ตั้นธง แอร์รถยนต์ แบตเตอรี่ บ้าน, เลขที่165/9ม.12 ถ.หลัก, Bang Khan Taek, อ.เมือง Samut Songkhram 75000, Thailand",5,2,Open · Closes 6 PM,,
Samut Songkhram,นวพลแอร์,+66 82 347 5455,"104/11 หมู่ที่12 ต, อ เมือง, Samut Songkhram, Thailand",5,1,Open now,,
Samut Songkhram,ณรงค์แอร์,+66 89 742 8593,"9W4G+895, Rural Rd Samut Songkhram 2012, Yisan, Amphawa District, Samut Songkhram 75110, Thailand",5,2,Open · Closes 6 PM,,
Samut Songkhram,ทองนิรุตติ์แอร์รถยนตร์,+66 99 094 4349,"อัมพวา นอกเขตผังเมืองรวม, 88/13, Amphawa District, Samut Songkhram 75110, Thailand",5,6,Open · Closes 6 PM,,
Samut Songkhram,เทียนทัยแอร์ยนต์ | Tianthai Air Yon,+66 34 713 690,"143, 147 Rama II Rd, Mae Klong, Mueang Samut Songkhram District, Samut Songkhram 75000, Thailand",4.9,15,Open now,,
Samut Songkhram,ฉลองชัยแอร์ยนต์,+66 86 164 8633,"Mae Klong, Mueang Samut Songkhram District, Samut Songkhram 75000, Thailand",4.8,47,Open · Closes 5:30 PM,,
Samut Songkhram,ร้าน กำธรแอร์,+66 34 715 260,"CXJQ+6GH, สส.3010, Ban Prok, Mueang Samut Songkhram District, Samut Songkhram 75000, Thailand",4.4,14,Open · Closes 5 PM,,
Samut Songkhram,ใหม่ออโต้แอร์,+66 89 150 5716,"63/7ม.2ถนนบายพาสต, Lat Yai, อ, Samut Songkhram, Thailand",4.4,10,Open · Closes 11 PM,,
Samut Songkhram,Thong Chai Air,+66 34 736 243,"บ้านเลขที่ 3, 1 หมู่ 5 Rama II Rd, Laem Yai, Mueang Samut Songkhram District, Samut Songkhram 75000, Thailand",4.4,7,Open · Closes 6 PM,,
Samut Songkhram,ร้าน ศุภชัยแอร์,+66 88 847 1116,"53, 11 Leamyai Rd, ตำบล เเม่กลอง Mueang Samut Songkhram District, Samut Songkhram 75000, Thailand",,,Open · Closes 9 PM,,
Saraburi,TNP แอร์สระบุรี (ช่างกุ้ง),+66 98 290 6835,"22 หมู่3, Muang Ngam, Sao Hai District, Saraburi 18160, Thailand",5,65,Open · Closes 8 PM,,
Saraburi,หจก.ดีเจริญแอร์ สระบุรี,+66 88 235 5339,"21, Takut, อำเภอเมือง, Saraburi 18000, Thailand",5,2,Open · Closes 6 PM,,
Saraburi,ศุภวิชญ์ แอร์บ้าน,+66 80 385 9530,"FW8Q+PQM, Highway 3042, Nong Pla Lai, Mueang Saraburi District, Saraburi 18000, Thailand",5,1,Open · Closes 5 PM,,
Saraburi,ศูนย์บริการจำหน่ายไฮเออร์สระบุรี โดย สิทธิโชติแอร์,+66 99 310 5555,"106/, ซอย สุดบรรทัด 5, Tan Dieo, Kaeng Khoi District, Saraburi 18110, Thailand",5,2,Open · Closes 5 PM,,
Saraburi,บังยูแอร์ แอนด์ ช๊อป,+66 89 241 9952,"117/3 ถนน อุไรรัตน์, Kaeng Khoi, Kaeng Khoi District, Saraburi 18110, Thailand",5,1,Open · Closes 6 PM,,
Saraburi,โมเทคแอร์คูลสระบุรี,+66 90 103 0054,"405, 21 Mittraphap Rd, Tambon Pak Prieo, เมือง, Saraburi 18000, Thailand",5,6,Open · Closes 6 PM,,
Saraburi,ร้านเสาไห้ แอร์ แอนด์ เซอร์วิส,+66 90 978 0226,"เลขที่ 48/2 หมู่ 1 หมู่บ้าน - ซอย - ถนน, Sao Hai, Sao Hai District, Saraburi 18160, Thailand",5,1,Open · Closes 6 PM,,
Saraburi,โพธิพรหม ออโต้แอร์,+66 83 187 6930,"162 หมู่ 7, Kaeng Khoi District, Saraburi 18110, Thailand",5,13,Open · Closes 9:30 PM,,
Saraburi,หจก.ซีเอ็นเค แอร์เซอร์วิส (สำนักงานใหญ่),+66 81 818 4493,"22, Tan Dieo, Kaeng Khoi District, Saraburi 18110, Thailand",5,2,Open · Closes 5:30 PM,,
Saraburi,OSUKA สระบุรี by AIRPRO,+66 63 412 6962,"173 Sut Banthat, Saraburi, Mueang Saraburi District, Saraburi 18000, Thailand",4.9,14,Open · Closes 6 PM,,
Saraburi,โอเคอะไหล่แอร์บ้าน ขายส่งแอร์บ้าน,+66 86 544 0991,"40/8, Phung Ruang, Chaloem Phra Kiat District, Saraburi 18000, Thailand",4.8,65,Open · Closes 5:30 PM,,
Saraburi,Manop Air,+66 81 794 7068,"GVCQ+7W3, Khok Sawang, Mueang Saraburi, Sara Buri 18000, Thailand",4.8,10,,,
Saraburi,ร้านมนตรีอะไหล่แอร์,+66 89 239 7205,"HP8V+88M, 3023, Cham Pa, Tha Ruea District, Phra Nakhon Si Ayutthaya 13130, Thailand",4.8,14,Open · Closes 5:30 PM,,
Saraburi,กิตติเครื่องเย็น,+66 98 462 9009,"35, 3, Phung Ruang, Chaloem Phra Kiat District, Saraburi 18000, Thailand",4.7,3,Open · Closes 5:30 PM,,
Saraburi,บริษัท แอร์โปร จำกัด,+66 63 412 6962,"80/7 Sut Banthat, Saraburi, เมือง, Saraburi 18000, Thailand",4.7,3,Open · Closes 6 PM,,
Saraburi,สิทธิโชติแอร์สระบุรี(สำนักงานใหญ่),+66 99 310 5555,"40/8หมู่5, ผึ้งรวง Chaloem Phra Kiat District, Saraburi 18000, Thailand",4.5,21,Open · Closes 5:30 PM,,
Saraburi,ณัฐกิต แอร์ - รับล้าง ซ่อมและติดตั้งแอร์ แก่งคอย สระบุรี,+66 85 158 7962,"124, 52 หมู่ 7 หมู่บ้านเลิศรัตน์, Tan Dieo, Kaeng Khoi District, Saraburi 18110, Thailand",4.3,3,Open · Closes 5 PM,,
Saraburi,รุ่งเรืองแอร์เซ็นเตอร์,+66 36 223 020,"173/6-7 สุดบรรทัด Sut Banthat, Saraburi, Mueang Saraburi District, Saraburi 18000, Thailand",4,2,Open · Closes 6 PM,,
Saraburi,ร้านเย็นจังแอร์,+66 96 757 5682,"HXQV+5H9, Sudbanthat Rd, Kaeng Khoi, Kaeng Khoi District, Saraburi 18110, Thailand",4,3,Open · Closes 5 PM,,
Saraburi,ห้างหุ้นส่วนจำกัด เกียรติวัฒนาแอร์เซ็นเตอร์,+66 36 221 977,"591, 11 Phahonyothin Rd, Tambon Pak Prieo, Mueang Saraburi District, Saraburi 18000, Thailand",3.8,6,Open · Closes 6 PM,,
Satun,ร้านสมาร์ทคอล แอร์ซัพพลาย,+66 89 733 5657,"30/15, Phiman, Satun 91000, Thailand",5,1,Open · Closes 6 PM,,
Satun,เจ.เอ็น.แอร์,+66 95 001 8071,"Unnamed Road, Khuan Khan, Mueang Satun District, Satun 91000, Thailand",5,1,Open 24 hours,,
Satun,แอร์สตูล,+66 87 468 2151,"พิมาน​, 143 / 3 Ruangritjaroon Rd, Tambon Phiman, เมือง​, Satun 91000, Thailand",5,6,Open · Closes 5 PM,,
Satun,ศรชัยแอร์,+66 80 059 3215,"15 พิมาน, Tambon Phiman, เมือง, Satun 91000, Thailand",5,1,Open · Closes 6 PM,,
Satun,เอสทีอะไหล่แอร์ แอนด์ พาร์ท 2008,+66 81 277 4159,"1, Ban Khuan, Mueang Satun District, Satun 91140, Thailand",5,7,Open · Closes 5 PM,,
Satun,"โกอู๋ การไฟฟ้า ช่างแอร์ ช่างไฟฟ้า ซ่อมเครื่องใช้ไฟฟ้า ติดตั้ง,ล้าง,ซ่อมแอร์ครบวงจร",+66 62 018 3885,"38 Sulakanukoon 1 Alley, Tambon Phiman, Mueang Satun District, Satun 91000, Thailand",5,1,Open · Closes 6:30 PM,,
Satun,สยามชัยเซอร์วิส สาขาสตูล,+66 65 719 4840,"30, 22-25 Satun Thani Rd, ต.พิมาน Mueang Satun District, Satun 91000, Thailand",5,57,Open · Closes 8 PM,,
Satun,(engineering เครื่องเย็น).รับซ่อมอุปกรณ์.ตู้เย็น.ตู้แช่.ตู้ฟิต.ปั๊มน้ำ.เครื่องซักผ้า.ไมโครเวฟ.ซ่อมแอร์,+66 86 334 2988,"สำนักสงฆ์, 243 หมู่ 4 ซอย. สนามยิงปืนเก่า ก่อนถึง, Khuan Khan, เมือง, Satun 91000, Thailand",5,4,Open 24 hours,,
Satun,ณรงค์แอร์สตูล แอร์รถยนต์ ทุกชนิด,+66 92 991 3267,"บ้านโคกประดู่(ทางเข้าปอดเนาะแสงประทีป)ร้าน, อยู่ฝั่งตะวันออก, Tambon Chalung, เมือง, Satun 91140, Thailand",5,1,Open · Closes 5 AM Sat,,
Satun,Premsuk Garage,+66 90 074 9581,"พิมาน, 79/17 Sulakanukoon, Mueang Satun District, Satun 91000, Thailand",5,4,Open · Closes 5 PM,,
Satun,ร้านเอสทีอะไหล่แอร์,+66 93 582 8179,"29 ม .4 ต เก ตรี อ เมือง, Satun 91140, Thailand",4.9,13,Open 24 hours,,
Satun,รายาการแอร์,+66 88 755 3008,"302, 30, Tambon Ban Khuan, เมือง, Satun 91140, Thailand",4.8,5,Open · Closes 5 PM,,
Satun,TPM Air,+66 80 257 5654,"716 หมู่ 7 ถนนยนตรการกำธร, Khlong Khut, Mueang Satun District, Satun 91000, Thailand",4.6,11,Open · Closes 5:30 PM,,
Satun,สตูลแอร์ Satun Air,+66 89 736 0025,"J3XF+5VH, 1136, Khlong Khut, Mueang Satun District, Satun 91000, Thailand",4.5,8,Open · Closes 5 PM,,
Satun,ร้านนันธวัฒน์แอร์ แอนด์ เซอร์วิส สตูล BY ช่างอัน,+66 99 359 3055,"เลขที่ 321 หมู่ 6 หมู่บ้าน หน้าเมือง, ถนน ยนตรการกำธร, Khlong Khut, Mueang Satun District, Satun 91000, Thailand",4.5,8,Open 24 hours,,
Satun,ร้านปาวีรา มินิมาร์ท,+66 82 820 9113,"122 หมู่ 3, Ban Khuan, Mueang Satun District, Satun 91140, Thailand",3.7,19,Open · Closes 9 PM,,
Satun,รับติดตั้งแอร์ ซ่อมแอร์ ซ่อมเครื่องใช้ไฟฟ้า บริษัท ทรัพย์แอร์เซอร์วิส,+66 83 824 8490,"325 หมู่8 Rat Uthit Alley, Phiman, เมือง, Satun 91000, Thailand",,,Open · Closes 6 PM,,
Satun,รายาการแอร์ โดยนางสาวฝาตีม๊ะ ระโซะโซะ,+66 74 736 413,"128 ถนนยนตรการกำธร, อำเภอเมือง Amphoe Mueang Satun, Satun 91140, Thailand",,,,,
Satun,P.S อะไหล่แอร์รถยนต์,+66 82 429 2262,"บ้านเลขที่ 1017 หมู่ที่ 7, Khlong Khut, Mueang Satun District, Satun 91000, Thailand",,,Open · Closes 8 PM,,
Sing Buri,นอสแอร์เซอร์วิส,+66 93 534 0222,"ท่าวุ้ง, 344 Khrongkan Ban Sai Noi Mu 1 Rd, Tambon Tha Wung, Tha Wung District, Lopburi 15150, Thailand",5,1,Open · Closes 6 PM,,
Sing Buri,ร้านบางระจันแอร์ แอนด์ อิเล็กทรอนิกส์,+66 99 642 6822,"17/4 ม.3, สิงห์ Bang Rachan District, Sing Buri 16130, Thailand",5,2,Open · Closes 5 PM,,
Sing Buri,ว.วิมล แอร์ สิงห์บุรี,+66 86 137 1045,"151/47, Bang Man, Mueang Sing Buri District, Sing Buri 16000, Thailand",5,7,Open · Closes 6 PM,,
Sing Buri,ร้าน เอนกแอร์สิงห์บุรี,+66 81 994 9556,"104, 16000, 8, Bang Man, อำเภอเมือง Sing Buri 16000, Thailand",5,1,Open · Closes 5 PM,,
Sing Buri,ห้างหุ้นส่วนจำกัดวันชัยแอร์เซ็นเตอร์,+66 36 511 812,"736 ถนนอยู่โพธิ์, Tambon Bang Phutsa, Mueang Sing Buri District, Sing Buri 16000, Thailand",5,2,,,
Sing Buri,กิตติศักดิ์แอร์ เซอร์วิส,+66 99 642 6822,"31 ต, 10, Ban Cha, Bang Rachan District, Sing Buri 16130, Thailand",5,5,Open · Closes 5:30 PM,,
Sing Buri,เฉลิมชัย แอร์ แอนด์ ซาวด์ 2,+66 36 512 507,"1, Muang Mu, Mueang Sing Buri District, Sing Buri 16000, Thailand",5,1,Open · Closes 5 PM,,
Sing Buri,เอส.วี.แอร์เซอร์วิส,+66 61 519 5519,"258/15, เมือง, Sing Buri 16000, Thailand",4.8,18,Open · Closes 5 PM,,
Sing Buri,DENSO เจริญชัยออโตแอร์,+66 61 446 6963,"103 ตรงข้ามโรงเรียนสิงห์บุรี, 5 Moo 1 Alley, Bang Man, Mueang Sing Buri District, Sing Buri 16000, Thailand",4.8,146,Open · Closes 5:10 PM,,
Sing Buri,เพิ่มพูลออโต้แอร์,+66 87 415 7199,"X926+F6Q, Tapya, In Buri, Sing Buri 16110, Thailand",4.6,7,Open · Closes 5 PM,,
Sing Buri,สิงห์สุวรรณ์แอร์,+66 91 769 0766,"49/2 6 ถนน ไทย, 3303, Ban Cha, Bang Rachan District, Sing Buri 16130, Thailand",4.5,4,Open · Closes 5 PM,,
Sing Buri,จิตติแอร์เซอร์วิส สิงห์บุรี,+66 36 510 529,"254/18 Thanon Thamma Chote, Bang Phutsa, Mueang Sing Buri District, Sing Buri 16000, Thailand",4.4,7,Open · Closes 6 PM,,
Sing Buri,เฉลิมชัยแอร์ แอนด์ ซาวด์,+66 96 964 6199,"1016/16-17, 30-31, ถนนสิงห์บุรี-บางพาน, บางพุทรา Mueang Sing Buri District, Sing Buri 16000, Thailand",4.4,39,Open · Closes 5 PM,,
Sing Buri,ร้านตะวันออโต้แอร์,+66 99 383 6649,"70/6 หมู 11, Ton Pho, Mueang Sing Buri District, Sing Buri 16000, Thailand",4.4,7,Open · Closes 5 PM,,
Sing Buri,พีพีแอร์ เซอร์วิส,+66 86 811 9020,"8, 3, Pho Thale, Khai Bang Rachan District, Sing Buri 16150, Thailand",4.3,3,Open · Closes 5 PM,,
Sing Buri,พีทีอิเล็คทริคซัพพลาย จำหน่าย แอร์บ้าน อะไหล่แอร์ อุปกรณ์ติดตั้งแอร์ ทุกชนิด,+66 81 384 8482,"186/26-27 อาคารหมอสมหมาย แยกสิงห์เหนือ, Bang Man, Mueang Sing Buri District, Sing Buri 16000, Thailand",3.8,5,Open · Closes 5 PM,,
Sing Buri,ห้างหุ้นส่วนจำกัด กิตติเครื่องเย็น,+66 36 512 173,"152/152-153 หมู่ที่ 7, ถ.ริมคลองชลประทาน, ต.บางมัญ อ.เมือง จ.สิงห์บุรี, 16000, Thailand",3.6,14,Open · Closes 7 PM,,
Sing Buri,ช่างแชมป์แอร์เซอวิส,+66 82 350 3606,"89, 5 Moo 1 Alley, Bang Man, Mueang Sing Buri District, Sing Buri 16000, Thailand",3,1,Open · Closes 8 PM,,
Sing Buri,วรพงษ์ไฟฟ้าแอร์,+66 81 852 9298,"251 4, Bang Khu, Tha Wung District, Lopburi 15150, Thailand",,,Open · Closes 6 AM Sat,,
Sing Buri,พลวัฒน์แอร์เซอร์วิสสิงห์บุรี,+66 81 364 0198,"254, 33 Thanon Thamma Chote, Bang Phutsa, Mueang Sing Buri District, Sing Buri 16000, Thailand",,,Open · Closes 6 PM,,
Sisaket,หจก.ธงชัยโฮมแอร์ THA,+66 61 919 1878,"โพธิ์, 84/32-33, เมือง, Si Sa Ket 33000, Thailand",5,2,Open · Closes 6 PM,,
Sisaket,ร้านเอสอาร์อิเล็กทริคแอร์แอนด์เซอร์วิส,+66 45 826 599,"9/16, Pho, Mueang Si Sa Ket District, Si Sa Ket 33000, Thailand",5,1,Open · Closes 5:30 PM,,
Sisaket,N.T แอร์&เซอร์วิส,+66 85 534 2821,"70, บ้านโนนกลาง, Khae, Uthumphon Phisai District, Si Sa Ket 33120, Thailand",5,3,Open · Closes 5 PM,,
Sisaket,อาคเนย์แอร์,+66 83 370 5123,"226, Mueang Tai, Mueang Si Sa Ket District, Si Sa Ket 33000, Thailand",5,4,Open · Closes 7 PM,,
Sisaket,ช่างแอร์ศรีสะเกษ,+66 87 499 4870,"44, 1, Tambon Phon Kha, เมือง, Si Sa Ket 33000, Thailand",5,6,Open 24 hours,,
Sisaket,ร้านโฮมออโต้เเอร์,+66 92 594 9160,"220, Mueang Tai, Mueang Si Sa Ket District, Si Sa Ket 33000, Thailand",5,1,Open · Closes 5 PM,,
Sisaket,ร้านสายชลแอร์แอนด์ซาวด์,+66 81 431 3114,"266, Samrong, Uthumphon Phisai District, Si Sa Ket 33120, Thailand",5,2,Open · Closes 5 PM,,
Sisaket,ราชาแอร์ ซาวด์ ศูนย์บริการซ่อมแอร์รถยนต์ DENSO,+66 61 997 8295,"104/1 ถนนศรีสะเกษ, Ubon, Pho, Mueang Si Sa Ket District, Si Sa Ket 33000, Thailand",4.7,35,Open · Closes 5 PM,,
Sisaket,ร้านไชยแอร์ฟิล์ม,+66 87 429 9978,"Unnamed Road, Mueang Tai, Mueang Si Sa Ket District, Si Sa Ket 33000, Thailand",4.6,19,Open · Closes 6 PM,,
Sisaket,ธีรวัฒน์แอร์แอนซาวด์,+66 89 722 2063,"84 ม.11, เมือง, Si Sa Ket 33000, Thailand",4.4,11,Open · Closes 6 PM,,
Sisaket,บริษัท คำภีร์เซอร์วิส จำกัด,+66 86 253 9249,"93, 289/92, Nong Khrok, Mueang Si Sa Ket District, Si Sa Ket 33000, Thailand",4.3,3,Open · Closes 5 PM,,
Sisaket,แสงชัยเอ็นจิเนียริ่ง,+66 81 593 8223,"309, 12 ถนน ศรีสะเกษ, Nong Khrok, Mueang Si Sa Ket District, Si Sa Ket 33000, Thailand",4.2,21,Open · Closes 5 PM,,
Sisaket,หจก.ศรีสะเกษเครื่องเย็น,+66 45 613 248,"161/8 เมืองเหนือ, Mueang Si Sa Ket District, Si Sa Ket 33000, Thailand",4,2,Open · Closes 7:30 PM,,
Sisaket,ร้านแอร์ศรีสะเกษล้างติดตั้งซ่อมแอร์ตู้เย็นเครื่องชักผ้า,+66 98 896 5431,"14, 29, Tambon Ya Plong, เมือง, Si Sa Ket 33000, Thailand",3.8,8,Open · Closes 8 PM,,
Sisaket,ราเชนทร์แอร์ศรีสะเกษ,+66 85 097 7197,"96, 1542, Mueang Tai, Mueang Si Sa Ket District, Si Sa Ket 33000, Thailand",3.6,5,Open · Closes 5 PM,,
Sisaket,AP AIR แอร์บ้าน สาขาศรีสะเกษ,+66 86 300 6980,"226/2-4 หมู่ที่ 4, Mueang Si Sa Ket District, Si Sa Ket 33000, Thailand",,,Open 24 hours,,
Sisaket,สบายใจแอร์,+66 94 373 6667,"298 Chottipan Rd, Mueang Tai, Mueang Si Sa Ket District, Si Sa Ket 33000, Thailand",,,Open · Closes 6 PM,,
Sisaket,ร้านทวีทรัพย์แอร์,+66 87 879 7408,"1422, 3 Mit Pracha Soi 2, Mueang Tai, Mueang Si Sa Ket District, Si Sa Ket 33000, Thailand",,,Open · Closes 5 PM,,
Sisaket,ศรีสะเกเอกชัยเเอร์,+66 88 116 1623,"4897+R88, 226, Ya Plong, Mueang Si Sa Ket District, Si Sa Ket 33000, Thailand",,,Open · Closes 5 PM,,
Sisaket,ร้านซ่อมแอร์ศรีสะเกษ,+66 87 872 2011,"367/9 หมู่ 11 หนองไผ่, เมือง, Si Sa Ket 33000, Thailand",,,Open · Closes 7 PM,,
Songkhla,ร้านรุ่งเรืองทรัพย์แอร์แอนด์เซอร์วิส,+66 93 578 3642,"Mosque, 160 46 Soi Santi Suk, Phawong, Mueang Songkhla District, Songkhla 90100, Thailand",5,15,Open · Closes 7 PM,,
Songkhla,ไชยชนะแอร์ อิเล็คทริคส์,+66 74 331 844,"18, 2 สถิตย์พัฒนา, Tambon Sathing Mo, Singhanakhon District, Songkhla 90280, Thailand",5,1,Open · Closes 5 PM,,
Songkhla,ร้านทวีทรัพย์แอร์,+66 62 919 5986,"43, บ่อยาง, 2 ถ Rat-Uthis 1, Tambon Bo Yang, เมือง, Songkhla 90000, Thailand",5,1,Open · Closes 5 PM,,
Songkhla,นนท์ เซอร์วิส สงขลา,+66 84 212 2178,"63, 225 หมู่ 10, Khao Rup Chang, เมือง, Songkhla 90000, Thailand",5,8,Open · Closes 5:30 PM,,
Songkhla,เจเจเจ แอร์ยนต์ ระบบแอร์รถยนต์,+66 85 355 3591,"541, 1 Nakhonnok St, Bo Yang, Mueang Songkhla District, Songkhla 90000, Thailand",5,12,Open · Closes 5:30 PM,,
Songkhla,เอเซอร์วิส ล้างแอร์ ซ่อมเครื่องใช้ไฟฟ้า,+66 99 918 4368,"49, 1, Tambon Nam Noi, Hat Yai District, Songkhla 90110, Thailand",5,2,Open · Closes 5 PM,,
Songkhla,ร้าน สุรินทร์แอร์,+66 81 272 7518,"143/105, ตำบลเขารูปช้าง อำเภอเมือง จังหวัดสงขลา, 90000, 90000, Thailand",5,1,,,
Songkhla,ร้านเป็นเอกแอร์,+66 81 436 5487,"148/30​ ม.3​, Kanjanavanich Rd, Phawong, อำเภอ เมือง, Songkhla 90100, Thailand",5,5,Open · Closes 6 PM,,
Songkhla,ร้านชาติเจริญเเอร์สงขลา,+66 89 462 1357,"224/1 ม.3 ต.เกาะเเต้ว อ.เมือง เกาะเเต้ว, เมือง, Songkhla 90000, Thailand",4.8,13,Open · Closes 6 PM,,
Songkhla,Kao Saen Air,+66 83 538 8112,"513 Saiburi Rd, Tambon Bo Yang, Mueang Songkhla District, Songkhla 90330, Thailand",4.8,4,Open · Closes 5 PM,,
Songkhla,นันทศักดิ์ แอร์,+66 74 322 468,"388 Rat-Uthis 1, Tambon Bo Yang, Mueang Songkhla District, Songkhla 90000, Thailand",4.8,5,,,
Songkhla,พุฒิชัยแอร์ แอนด์ เซอร์วิส,+66 74 558 320,"92, 92 หมู่ 10 Kanjanavanich Rd, Khao Rup Chang, Mueang Songkhla District, Songkhla 90000, Thailand",4.3,7,Open · Closes 5 PM,,
Songkhla,ร้านชัยเจริญแอร์บ้าน,+66 80 053 0322,"144/13, Phawong, Mueang Songkhla District, Songkhla 90100, Thailand",4,4,Open · Closes 8 PM,,
Songkhla,พีเอสแอร์ ซัพพลาย แอนด์ เซอร์วิส,+66 81 099 1163,"เลขที่ 621 Saiburi Rd, Tambon Bo Yang, Mueang Songkhla District, Songkhla 90000, Thailand",4,2,Open · Closes 5 PM,,
Songkhla,หจก อุทัยแอร์ การช่าง,+66 89 876 6976,"242/10 ม.1 เขารูปช้าง, เมือง, Songkhla 90000, Thailand",4,2,Open · Closes 5 PM,,
Songkhla,ร้านอภิสิทธิ์แอร์ แอนด์ เซอร์วิส,+66 80 540 4161,"82 101, Khao Rup Chang, Mueang Songkhla District, Songkhla 90000, Thailand",3.9,9,Open · Closes 5 PM,,
Songkhla,ทองทิพย์แอร์ไฟฟ้าเซอร์วิส สงขลา,+66 74 437 869,"145, 79 หมู่ที่ 8 ถนนสามสิบเมตร, Khao Rup Chang, Mueang Songkhla District, Songkhla 90000, Thailand",3.8,24,Open · Closes 6 PM,,
Songkhla,สงขลาแอร์แอนด์อิเล็คทริกเซอร์วิส,+66 94 587 3795,"491 Nakhonnok St, Tambon Bo Yang, Mueang Songkhla District, Songkhla 90000, Thailand",,,Open · Closes 6 PM,,
Songkhla,ร้านเบิร์ด อิเล็คทริค แอร์,+66 62 091 5356,"39/29, Mueang Songkhla District, Songkhla 90000, Thailand",,,Open · Closes 6 PM,,
Sukhothai,ร้านช่างขาว​ สี่แยกแอร์,+66 81 280 9204,"30​ หมู่​4​ ตำบลบ้านหลุม​ อำเภอเมืองสุโขทัย จังหวัด​, Sukhothai ​64000, Thailand",5,14,Open · Closes 5 PM,,
Sukhothai,ช่างเป้ไฟฟ้า&แอร์ (ช่างเป้),+66 96 894 5035,"258/2 ม.๘, Ban Suan, อำเภอเมือง, Sukhothai 64220, Thailand",5,1,Open 24 hours,,
Sukhothai,แก้วการไฟฟ้าแอร์,+66 55 636 099,"232/2-3 Jarodvithi Thong, Ban Kluai, Mueang Sukhothai District, Sukhothai 64000, Thailand",5,1,Open · Closes 5 PM,,
Sukhothai,ป.การไฟฟ้า-แอร์,+66 87 311 3917,"335, 1, Tambon Ban Suan, เมือง, Sukhothai 64220, Thailand",5,1,Open 24 hours,,
Sukhothai,ลภัสแอร์สุโขทัยเซอร์วิส,+66 85 536 5649,"Pak Khwae, Mueang Sukhothai District, Sukhothai 64000, Thailand",5,1,Open · Closes 5 PM,,
Sukhothai,ร้านพรเจริญไฟฟ้าแอร์,+66 82 942 1696,"ม 1Unnamed Road, Ban Lum, Mueang Sukhothai District, Sukhothai 64000, Thailand",5,1,Open now,,
Sukhothai,เบิ้มคาร์แคร์ วิทยาแอร์เซอร์วิส,+66 95 640 7891,"2R7M+GJJ, 101, Pak Khwae, Mueang Sukhothai District, Sukhothai 64000, Thailand",5,1,Open · Closes 8 PM,,
Sukhothai,อู่ช่างตู่การไฟฟ้าแอร์,+66 88 144 7383,"22/2 ม.1 Singhawat Rd, ต.บ้านสวน อ.เมือง, Sukhothai 64220, Thailand",5,2,Open · Closes 5 PM,,
Sukhothai,ร้าน อ๊อดเบสท์แอร์,+66 55 621 361,"3 230, Pak Khwae, Mueang Sukhothai District, Sukhothai 64000, Thailand",5,1,,,
Sukhothai,ร้านเอสดับบลิว เซอร์วิส,+66 85 977 1081,"39, 9, Yang Sai, Mueang Sukhothai District, Sukhothai 64000, Thailand",5,1,Open · Closes 5 PM,,
Sukhothai,สยามชัยเซอร์วิส สาขาสุโขทัย,+66 65 717 7517,"ธานี, 19/8-10 Singhawat Rd, Tambon Thani, Mueang Sukhothai District, Sukhothai 64000, Thailand",4.9,214,Open · Closes 7 PM,,
Sukhothai,ร้าน บพิศแอร์,+66 55 610 612,"2R6G+H94, Thanon Banmueang, Thani, Mueang Sukhothai District, Sukhothai 64000, Thailand",4.8,6,Open · Closes 5 PM,,
Sukhothai,ร้านปูแอร์แอนด์ซาวด์,+66 85 407 9822,"อำเภอกง, 78/103, Ban Krang, Kong Krailat District, Sukhothai, Thailand",4.8,10,Open · Closes 5 PM,,
Sukhothai,Kraiwit Air Conditioner,+66 90 693 5262,"385 ม, 9 Damrong Alley, Pak Khwae, Mueang Sukhothai District, Sukhothai 64000, Thailand",4.5,2,Open · Closes 6 PM,,
Sukhothai,หนึ่งหม้อน้ำ- แอร์รถยนต์,+66 81 953 5095,"17, 28, Pak Khwae, Mueang Sukhothai District, Sukhothai 64000, Thailand",3.3,10,Open · Closes 6 PM,,
Sukhothai,ร้านกมลวรรณ อะไหล่แอร์ สุโขทัย,+66 85 052 8330,"60/15, เมือง, Sukhothai 64000, Thailand",,,Open · Closes 5 PM,,
Sukhothai,วิทยาการไฟฟ้าแอร์,+66 85 533 3425,"382, 3, Tambon Thani, เมือง, Sukhothai 64000, Thailand",,,Open · Closes 7 PM,,
Sukhothai,ติดตั้งแอร์,+66 92 247 7524,"หมู่ที่ 6, 88, Ban Kluai, Mueang Sukhothai District, Sukhothai 64000, Thailand",,,Open · Closes 7 PM,,
Sukhothai,ร้านล้างแอร์สุโขทัย2 By ช่างเบิร์ด,+66 96 496 2274,"166/2, Mueang Sukhothai District, Sukhothai 64000, Thailand",,,Open · Closes 6 PM,,
Suphan Buri,กิจนครแอร์,+66 61 969 9921,"F4RH+HVM, ซอย สนามชัย 2, Phihan Daeng, Mueang Suphan Buri District, Suphan Buri 72000, Thailand",5,12,Open · Closes 5:30 PM,,
Suphan Buri,ช่างแอร์สุพรรณบุรี,+66 81 010 4548,"505 ถนนมาลัยแมน ตำบลท่าพี่เลี้ยง อำเภอเมือง Thailand, Suphan Buri 72000, Thailand",5,2,Open · Closes 8:30 PM,,
Suphan Buri,แอร์บ้านสุพรรณบุรี,+66 85 625 5066,"233 สระแก้ว, Tambon Sa Kaeo, เมือง, Suphan Buri 72230, Thailand",5,2,Open · Closes 8 PM,,
Suphan Buri,เอสพีเค แอร์บ้าน,+66 63 958 5943,"120/1 สระแก้ว, Tambon Sa Kaeo, เมือง, Suphan Buri 72230, Thailand",5,1,Open 24 hours,,
Suphan Buri,ร้านนายหนึ่งแอร์เซอร์วิส สุพรรณบุรี,+66 92 330 8177,"บ้าน, เลขที่ 182 Khun Phaen Rd, Tha Rahat, Mueang Suphan Buri District, Suphan Buri 72000, Thailand",5,5,Open · Closes 8 PM,,
Suphan Buri,รณกร แอร์ ไดนาโม24ชั่วโมง,+66 91 994 9478,"สพ.3057, Sanam Khli, Mueang Suphan Buri District, Suphan Buri 72230, Thailand",5,42,Open 24 hours,,
Suphan Buri,ช่างอู๋แอร์สุพรรณ,+66 99 193 2633,"205, Sanam Chai, Mueang Suphan Buri District, Suphan Buri 72000, Thailand",5,4,Open · Closes 6 PM,,
Suphan Buri,แอร์บ้านByช่างอู๋,+66 99 193 2633,"หน้าวัดสำปะซิว, 205 Soi Ban Hua Yang 2 Mu 3, Sanam Chai, เมือง, Suphan Buri 72000, Thailand",5,3,Open · Closes 6 PM,,
Suphan Buri,บริษัท ทรัพย์ทวีกิจ แอร์ แอนด์ ซัพพลาย จำกัด,+66 95 879 9444,"8, Tha Rahat, เมือง, Suphan Buri 72000, Thailand",5,2,Open · Closes 5 PM,,
Suphan Buri,ธันยาภัทร์แอร์ เซอร์วิส,+66 85 625 5066,"233, Sa Kaeo, Mueang Suphan Buri District, Suphan Buri 72230, Thailand",5,1,Open · Closes 8 PM,,
Suphan Buri,krobkrua-airban,+66 86 160 1599,"320 Suphanburiringroad.Rd, Rua Yai, Mueang Suphan Buri District, Suphan Buri 72000, Thailand",5,3,Open · Closes 11 PM,,
Suphan Buri,สุพรรณแอร์ ยางยนต์,+66 35 523 333,"19, 2 Naenkeaw Road, Tha Rahat, Mueang Suphan Buri District, Suphan Buri 72000, Thailand",4.9,171,Open · Closes 6 PM,,
Suphan Buri,ศักต์แอร์เซอร์วิส,+66 86 166 0612,"45 หมู่ 9, Don Kamyan, เมือง, Suphan Buri 72000, Thailand",4.9,9,Open · Closes 5 PM,,
Suphan Buri,เอเอสแอร์สุพรรณบุรี,+66 35 545 646,"104 321, Tha Phi Liang, Mueang Suphan Buri District, Suphan Buri 72000, Thailand",4.5,27,Open · Closes 5 PM,,
Suphan Buri,มั่นคงแอร์,+66 81 406 5869,"Malaiman Rd, Sanam Chai, Mueang Suphan Buri District, Suphan Buri 72000, Thailand",4.5,12,Open · Closes 6 PM,,
Suphan Buri,เทคนิคเครื่องเย็น สุพรรณบุรี,+66 83 786 0631,"222/4 5, Sanam Chai, Mueang Suphan Buri District, Suphan Buri 72000, Thailand",4.1,11,Open · Closes 5 PM,,
Suphan Buri,ร้านฉัตรมงคลแอร์,+66 81 294 4333,"F4JC+M8Q ห้างหุ้นส่วนจำกัด เตียเจริญสุข, Nang Soi Kaeo Rd, Tha Phi Liang, Mueang Suphan Buri District, Suphan Buri 72000, Thailand",4,8,Open · Closes 5 PM,,
Suphan Buri,ร้านมนัสแอร์ แอร์บ้าาน-แอร์สำนักงาน(ช่างนัสสุพรรณบุรี),+66 81 294 5122,"72000 โทร .081-2945122,089-5068545, Tha Rahat, Mueang Suphan Buri District, Suphan Buri, Thailand",3.6,5,Open · Closes 5 PM,,
Surat Thani,ร้านขุนทะเลแอร์,+66 77 203 106,"26, 455 ซอย17, Tambon Makham Tia, Mueang Surat Thani District, Surat Thani 84000, Thailand",5,47,Open · Closes 6 PM,,
Surat Thani,แอร์บ้านสุราษฎร์ธานี,+66 86 473 2497,"97/21 หมู่6, 42 Chonkasem Rd, Mueang Surat Thani District, Surat Thani 84000, Thailand",5,12,Open · Closes 5 PM,,
Surat Thani,ส.เจริญทรัพย์แอร์บ้าน สุราษฎร์ธานี,+66 86 682 0332,"196, 18, Tambon Makham Tia, อ.เมือง, Surat Thani 84000, Thailand",5,10,Open · Closes 5 PM,,
Surat Thani,ล้างแอร์รถยนต์ สุราษฎร์ธานี,+66 89 646 2447,"ในลึก, 260/1, 24 ซอยวัดโพธิ์, เมือง Surat Thani 84000, Thailand",5,35,Open · Closes 6 PM,,
Surat Thani,ร้าน ST แอร์ & เซอร์วิส ( สาขา 2 ),+66 95 420 9015,"102/21, เมือง, Surat Thani 84000, Thailand",5,13,,,
Surat Thani,ช่างแอร์สุราษฎร์byช่างบูม,+66 88 033 1127,"9. ม.2 บางไทร, เมือง, Surat Thani 84000, Thailand",5,15,Open · Closes 5 PM,,
Surat Thani,ช่างแอร์สุราษฎร์ธานีช่างกัน,+66 80 145 7983,"134, 195 ถนน ค่าย อ.ส.5 ม.บ้าน​ศรี​ทอง, Bang Kung, เมื่อง, Surat Thani 84000, Thailand",5,9,Open 24 hours,,
Surat Thani,ช่างเเอร์สุราษฎร์ธานี ร้านอัพเกรดเเอร์ เซอร์วิส แอนด์ ไฟฟ้า เเอร์บ้าน,+66 95 005 1225,"6, Wat Pradu, Mueang Surat Thani District, Surat Thani 84000, Thailand",5,9,Open · Closes 5 PM,,
Surat Thani,ช่างแอร์สุราษฎร์byร้านสังข์ทองแอร์เซอร์วิส,+66 98 047 0377,"ศรีเกษม 27, Makham Tia, Mueang Surat Thani District, Surat Thani 84000, Thailand",5,11,Open · Closes 6:30 PM,,
Surat Thani,รุ่งเพ็ชรแอร์เซอร์วิส&cctv,+66 80 535 6456,"103, 525 ม.3 ถ.นาเนียน, Tambon Makham Tia, เมือง, Surat Thani 84000, Thailand",5,3,Open · Closes 6 PM,,
Surat Thani,เค.พี.แอร์,+66 86 475 8994,"24, ตลาด, 21-20 ถ Karunrat, Tambon Talat, Amphoe Mueang Surat Thani, Surat Thani 84000, Thailand",5,2,Open · Closes 6:30 PM,,
Surat Thani,ร้านแอร์สุราษฎร์byช่างหลุยส์,+66 98 714 7391,"36/1 ตำบล วัดประดู่, วัดประดู่ Mueang Surat Thani District, Surat Thani 84000, Thailand",4.8,16,Open · Closes 8 PM,,
Surat Thani,ช่างแอร์สุราษฎร์ธานี ช่างเป้,+66 61 230 2107,"248/74, มะขามเตี้ย เมือง, Surat Thani, Thailand",4.8,52,Open · Closes 6 PM,,
Surat Thani,ช่างล้างแอร์สุราษฎร์,+66 80 855 8209,"87 /116ม.5, เมือง, Surat Thani 84000, Thailand",4.7,13,Open 24 hours,,
Surat Thani,ช่างแอร์สุราษฎร์ฯ ร้านแอร์สุราษฎร์ BY ช่างนุ,+66 93 720 8393,"7, หอทานตะวัน, 42 ม.1 ซอย โรงสี, ขุนทะเล เมือง, Surat Thani 84100, Thailand",4.7,15,Open · Closes 5 PM,,
Surat Thani,ช่างแอร์สุราษ ล้างแอร์เซอร์วิส แอร์บ้านสุราษโดย ช่างแอร์ในตำนาน,+66 95 427 8629,"112, 32ม.1 Sri Kasem Road, Tambon Makham Tia, เมือง, Surat Thani 84000, Thailand",4.7,26,Open 24 hours,,
Surat Thani,ร้านสุวิทย์แอร์ แอร์บ้านสุราษฎร์ธานี,+66 83 102 3118,"26, 460 หมู่ 3 ถนน ซ. พ่อขุนทะเล, Makham Tia, Mueang Surat Thani District, Surat Thani 84000, Thailand",4.6,11,Open · Closes 6 PM,,
Surat Thani,ร้านแอร์สุราษฎร์ธานี ล้างแอร์ ซ่อมแอร์ ช่างเตี้ย,+66 61 042 4123,"6/26, Bang Bai Mai, เมือง, Surat Thani 84000, Thailand",4.6,13,Open 24 hours,,
Surat Thani,บริษัท นิวกี่เอ็นจิเนียริ่ง สุราษฎร์ จำกัด,+66 77 212 999,"4, 19 หมู่ที่ 1 สี่แยกบางกุ้ง, Bang Kung, Mueang Surat Thani District, Surat Thani 84000, Thailand",4.6,8,Open · Closes 5 PM,,
Surat Thani,ศรีเมืองแอร์ ร้านแอร์ สุราษฎร์ธานี,+66 83 109 0600,"250, 34 Chonkasem Rd Yaowarat, Tambon Makham Tia, Mueang Surat Thani District, Surat Thani 84000, Thailand",4.5,17,Open · Closes 5 PM,,
Surin,กิมแอร์สุรินทร์,+66 63 194 9166,"211 3, Nok Mueang, Mueang Surin District, Surin 32000, Thailand",5,5,Open · Closes 5 PM,,
Surin,ร้านอเมริกาแอร์คอนดิชั่นเนอร์ (ประเทศไทย)สาขา บขส.สุรินทร์,+66 93 323 7860,"257, 10-11 Jitrbumrung Rd, Nai Mueang, Mueang Surin District, Surin 32000, Thailand",5,2,Open · Closes 8 PM,,
Surin,America airconditionner(thailand)สาขาสุรินทร์/บุรีรัมย์/แอร์บ้านบุรีรัมย์/แอร์บ้านสุรินทร์/แอร์ราคาถูก,+66 93 323 7860,"257, 10- 11 Jitrbumrung Rd, Nai Mueang, Mueang Surin District, Surin 32000, Thailand",5,1,Open · Closes 10 PM,,
Surin,ณัฐพัชร์แอร์ แอร์บ้านราคาถูก,+66 89 888 4371,"บ้านพันธุลี ม, 643-644, 10 ถนนเลี่ยงเมือง, Mueang Surin District, Surin 32000, Thailand",5,4,Open · Closes 5 PM,,
Surin,นครสะเร็นแอร์เซอร์วิส,+66 85 316 8807,"592 บ้านเฉลิมพระเกียรติ หมู่21, อำเภอ เมือง, Surin 32000, Thailand",5,3,Open 24 hours,,
Surin,แอร์เมืองสุรินทร์ ล้างแอร์ ร้านแอร์ ขายแอร์ ติดตั้งแอร์ ซ่อมแอร์,+66 83 330 2559,"Kae Yai, Mueang Surin District, Surin 32000, Thailand",5,5,Open 24 hours,,
Surin,ร้านป๋องแอร์ (Pong Air),+66 90 292 7667,"ถ.สุรินทร์-ลำชี (Surin-Lamche Rd.), ต.นอกเมือง (Nokmueang) อ.เมืองสุรินทร์ (Muaengsurin), Surin 32000, Thailand",5,2,Open · Closes 6 PM,,
Surin,พีเอสแอร์แอนด์เซอร์วิส,+66 83 737 1453,"WGH6+2P, Kae Yai, Mueang Surin District, Surin 32000, Thailand",5,1,Open 24 hours,,
Surin,ร้านรุ่งแอร์เซอร์วิส บริการแอร์บ้านครบวงจร,+66 85 448 7792,"RGJ2+F3C, Nok Mueang, Mueang Surin District, Surin 32000, Thailand",5,1,Open · Closes 5 PM,,
Surin,อู่ช่างมอสออโต้แอร์ สุรินทร์,+66 62 415 7488,"VG2Q+53W อู่ช่างมอสออโต้แอร์ สุรินทร์, Salak Dai, Mueang Surin District, Surin 32000, Thailand",4.9,14,Open · Closes 5:30 PM,,
Surin,โปรยโปย แอร์ service,+66 82 143 1913,"48/8-10, Surin Phakdi, Nai Mueang, Mueang Surin District, Surin 32000, Thailand",4.9,7,Open 24 hours,,
Surin,ร้านเจที. แอร์ สุรินทร์,+66 80 566 6612,"706/1 หมู่ที่ 19 ต.นอกเมืองอ.เมือง, Nok Mueang, Mueang Surin District, Surin 32000, Thailand",4.8,52,Open · Closes 5 PM,,
Surin,แอร์สุรินทร์ เซอร์วิส ขายแอร์ ล้างแอ ร์ซ่อมแอร์,+66 65 987 7709,"73 Pattamanon Rd, Nai Mueang, Mueang Surin District, Surin 32000, Thailand",4.7,34,Open 24 hours,,
Surin,ร้านเอยแอร์,+66 98 415 9269,"เลขที่ 66/8-9 หมู่ 21 ท่าสว่าง, Mueang Surin District, Surin 32000, Thailand",4.7,7,,,
Surin,แอร์เซ็นเตอร์สุรินทร์,+66 89 282 9959,"369 หมู่16, Salak Dai, Mueang Surin District, Surin 32000, Thailand",4.5,15,Open · Closes 6 PM,,
Surin,เค ซี แอร์เซอร์วิส,+66 96 741 1661,"268/5-6, ในเมือง Mueang Surin District, Surin 32000, Thailand",4.3,4,Open · Closes 7 PM,,
Surin,บุญชอบแอร์,+66 96 734 9269,"เลขที่ 181, Nok Mueang, อำเภอเมือง, Surin 32000, Thailand",4.2,10,Open · Closes 5 PM,,
Surin,ร้าน พี แอนด์ พี แอร์,+66 86 877 4400,"Tambon Nai Mueang, Amphoe Mueang Surin, Chang Wat Surin 32000, Thailand",4,1,,,
Surin,ร้านแอร์สุรินทร์,+66 65 987 7709,"WGG5+PC9 บ้านแกใหญ่, Kae Yai, Mueang Surin District, Surin 32000, Thailand",,,Open 24 hours,,
Tak,ช่างแอร์ตาก ท็อปแอร์แอนด์เซอร์วิส ตาก,+66 98 004 8163,"1, 6 Chomphon, Nong Luang, อำเภอเมือง, Tak 63000, Thailand",5,11,Open 24 hours,,
Tak,ร้านอมรเดชแอร์ ( ห้างหุ้นส่วนจำกัด ตากแอร์เย็น ),+66 81 785 8148,"309 ระแหง, 6 Mahatthai Bamrung Alley, Tambon Rahaeng, เมือง, Tak 63000, Thailand",5,3,Open · Closes 6 PM,,
Tak,วีระแอร์2,+66 81 046 5487,"Mae Tho, Mueang Tak District, Tak 63000, Thailand",5,2,Open · Closes 6 PM,,
Tak,ร้านไฟฟ้าท็อปแอร์แอนด์เซอร์วิส,+66 95 087 7444,"1, 6 Chomphon, Tambon Chiang Ngoen, เมือง, Tak 63000, Thailand",5,1,Open · Closes 8:30 PM,,
Tak,ร้านแอร์ช่างเต้ย อ.เมืองตาก จ.ตาก,+66 64 553 1280,"1, 9, Tambon Mai Ngam, เมือง, Tak 63000, Thailand",5,1,Open 24 hours,,
Tak,เอ็นเคที ตาก ไฟฟ้า แอร์,+66 80 507 2752,"67 Chomphon, Rahaeng, Mueang Tak District, Tak 63000, Thailand",5,1,Open · Closes 8 PM,,
Tak,ถาวรแซทเทลไลท์แอร์แอนด์เซอร์วิส,+66 91 837 4650,"เลขที่ 406/5 Mahatthai Bamrung Alley, Tambon Chiang Ngoen, Mueang Tak District, Tak 63000, Thailand",5,1,Open 24 hours,,
Tak,ห้างหุ้นส่วนจำกัดกานต์กวินแอร์,+66 86 449 7466,"99/99, Nam Ruem, Mueang Tak District, Tak 63000, Thailand",5,2,Open · Closes 5:30 PM,,
Tak,ร้านอมรเดชแอร์ ( ห้างหุ้นส่วนจำกัด ตากแอร์เย็น ),+66 81 785 8148,"เลขที่ 309/6 Mahatthai Bamrung Alley, Rahaeng, Mueang Tak District, Tak 63000, Thailand",5,4,Open · Closes 5:30 PM,,
Tak,อะไหล่แอร์ สินทรัพย์เครื่องเย็น,+66 87 573 3276,"Tambon Rahaeng, Amphoe Mueang Tak, Chang Wat Tak 63000, Thailand",5,4,Open · Closes 5 PM,,
Tak,BT ฉัตรชัยรุ่งเรือง,+66 97 040 5448,"150/40, Mueang Tak District, Tak 63000, Thailand",5,2,Open · Closes 5 PM,,
Tak,ไฟฟ้าแอร์ ร้านดีเคเซอร์วิสยินดีให้บริการ,+66 63 786 5655,"Taluk Klang Thung, Mueang Tak District, Tak 63000, Thailand",5,3,Open 24 hours,,
Tak,สยามชัยเซอร์วิส สาขาตาก,+66 65 717 3347,"6/136,6, 137 Phahonyothin Rd, ต.ระแหง Mueang Tak District, Tak 63000, Thailand",4.9,51,Open · Closes 7 PM,,
Tak,ร้านแอลพีแอร์แอนด์เซอร์วิส,+66 86 441 4261,"273, 16 Thai Chana Rd, Chiang Ngoen, เมือง, Tak 63000, Thailand",4.8,4,Open · Closes 5 PM,,
Tak,ร้านประไพแอร์,+66 92 858 8859,"3 5, Chiang Ngoen, เมือง, Tak 63000, Thailand",4.8,11,Open · Closes 8 PM,,
Tak,ร้านเจริญแอร์ ตาก,+66 96 663 1115,"Tambon Rahaeng, Amphoe Mueang Tak, Chang Wat Tak 63000, Thailand",4.7,15,Open · Closes 5 PM,,
Tak,ร้านเบสท์คูล,+66 89 642 9011,"209 หมู่2, น้ำรืม Mueang Tak District, Tak 63000, Thailand",4.7,6,Open · Closes 5:18 PM,,
Tak,ตากสินหม้อน้ำ/แอร์,+66 65 848 1748,"V49M+GRR, Rahaeng, Mueang Tak District, Tak 63000, Thailand",4.5,21,Open · Closes 10 PM,,
Tak,ร้านแอร์ ตากสองล้านยานยนต์,+66 85 725 2322,"น้ำรึม, เลขที่25/3 หมู่ที่ 9 ถนน พหลโยธินต.น้ำรึม อ.เมืองตาก, เมือง, Tak 63000, Thailand",4.5,8,Open · Closes 6 PM,,
Tak,วีระแอร์จ.ตาก,+66 81 046 5487,"วีระ​ แอร์, Rahaeng, Mueang Tak District, Tak 63000, Thailand",4.2,10,Open · Closes 6 PM,,
Trang,ร้านแอร์ตรัง ล้างแอร์ ช่างทิตย์,+66 99 081 8530,"165, 1, Tambon Ban Pho, เมือง, Trang 92000, Thailand",5,28,Open 24 hours,,
Trang,ช่างแอม แอร์บ้าน จ.ตรัง,+66 89 978 7364,"บางรัก, 5/39, Mueang Trang District, Trang 92000, Thailand",5,46,Open 24 hours,,
Trang,ไฮ-ไฟ แอร์ แอนด์ เซอร์วิส,+66 99 313 6208,"433/2 ถ.กันตัง, 7 Kantang Rd, ทับเที่ยง Mueang Trang District, Trang 92000, Thailand",5,4,Open · Closes 5:30 PM,,
Trang,ตรังอะไหล่แอร์,+66 86 593 3727,"419, 5 Kantang Rd, Tambon Thap Thiang, เมือง, Trang 92000, Thailand",5,20,Open · Closes 5:30 PM,,
Trang,Quick Air ตรัง,+66 86 476 3364,"99, 125 Ratsada Road, Tambon Thap Thiang, Mueang Trang District, Trang 92000, Thailand",5,11,Open · Closes 5 PM,,
Trang,ร้านเอกสิทธิ์ตรังแอร์ ร้านขายเครื่องปรับอากาศ,+66 75 222 455,"เลขที่ 254, 256 ถนน ห้วยยอด 19, Tambon Na Ta Luang, Mueang Trang District, Trang 92000, Thailand",5,3,Open · Closes 5 PM,,
Trang,ร้านทับเที่ยงแอร์,+66 89 648 9993,"GJR3+VJ3, Thap Thiang, Mueang Trang District, Trang 92000, Thailand",5,3,Open · Closes 5:30 PM,,
Trang,ร้านไซเคิลแอร์แอนด์เซอร์วิส,+66 61 242 1674,"GJWF+RJQ, Tambon Thap Thiang, Mueang Trang District, Trang 92000, Thailand",5,1,Open · Closes 6 PM,,
Trang,อุดมเซอร์วิสแอร์,+66 81 085 0469,"Phloen Phithak, Na Ta Luang, Mueang Trang District, Trang 92000, Thailand",5,2,Open · Closes 5 PM,,
Trang,ตรังอุปกรณ์แอร์ จำหน่ายอะไหล่แอร์รถยนต์ ทุกชนิด ทุกยี่ห้อ,+66 89 724 5070,"65 Visadekul Alley, Tambon Thap Thiang, เมือง, Trang 92000, Thailand",5,1,Open · Closes 5 PM,,
Trang,ณัฐพลแอร์,+66 83 522 1661,"HM7W+86Q, Phet Kasem Rd, Na Yong Nuea, Na Yong District, Trang 92170, Thailand",5,2,Open · Closes 5 PM,,
Trang,รัตนศิลป์ตรัง ร้านแอร์รถยนต์ตรัง,+66 89 474 2711,"30, Ban Khuan, เมือง, Trang 92000, Thailand",4.8,13,Open · Closes 5 PM,,
Trang,SV. แอร์,+66 94 282 7997,"Wang Tor Rd, Tambon Thap Thiang, Mueang Trang District, Trang 92000, Thailand",4.7,28,Open · Closes 6 PM,,
Trang,ประดิษฐ์ออโต้เเอร์,+66 87 272 0696,"Thap Thiang, Mueang Trang District, Trang 92000, Thailand",4.6,13,Open · Closes 5 PM,,
Trang,บจก.ตรังสุนทรแอร์เทรดดิ้ง กรุ๊ป,+66 75 219 301,"230 Phet Kasem Rd, Tambon Na Ta Luang, เมือง, Trang 92000, Thailand",4.5,6,Open · Closes 6 PM,,
Trang,ร้านตรังไพศาลแอร์เซ็นเตอร์,+66 75 216 991,"143, 1-2 Hwy 4046, Tambon Thap Thiang, Mueang Trang District, Trang 92000, Thailand",4.2,15,Open · Closes 6:30 PM,,
Trang,D.D. แอร์ & เซอร์วิส บริการซ่อมและล้างแอร์,+66 91 529 3469,"16 Hwy 4046, Tambon Thap Thiang, Mueang Trang District, Trang 92000, Thailand",4,2,Open · Closes 6 PM,,
Trang,ร้าน วิชัยแอร์,+66 75 219 035,"98 ถนนพระรามหกซอย, Tambon Thap Thiang, Mueang Trang District, Chang Wat Trang 92000, Thailand",1,1,Open · Closes 6 PM,,
Trang,ห้างหุ้นส่วนจำกัด ทีพีแอร์ ซัพพลาย,+66 75 218 199,"43/12 ซอย 9 ถนนรัษฎา, Mueang Trang District, Trang 92000, Thailand",,,Open · Closes 6:30 PM,,
Trat,Modernaircity Trat,+66 62 691 5959,"ก่อนถึงปตท, Tambon Nong Samet, Mueang Trat District, Trat 23000, Thailand",5,125,Open · Closes 6 PM,,
Trat,ร้านบ้านแอร์ตราด,+66 92 392 6597,"218, 1, Tambon Laem Ngop, Laem Ngop District, Trat 23120, Thailand",5,41,Open · Closes 6 PM,,
Trat,สมโภชน์แอร์ตราด,+66 81 377 8579,"เลขที่ 236, Nong Samet, Mueang Trat District, Trat 23000, Thailand",5,70,Open · Closes 4:30 PM,,
Trat,อำนาจแอร์,+66 61 612 8300,"146, 146 Ko Ta Khian, Bang Phra, Mueang Trat District, Trat 23000, Thailand",5,2,Open · Closes 5:30 PM,,
Trat,ศิรดาแอร์ตราด,+66 61 114 1517,"6GW9+P7J, Si Suwan Phit 1 Alley, Bang Phra, Mueang Trat District, Trat 23000, Thailand",5,1,Open · Closes 5 PM,,
Trat,3p ออโต้แอร์,+66 81 493 3972,"251/10 หมู่ 5, เมือง, Trat 23000, Thailand",5,14,Open · Closes 5 PM,,
Trat,ร้าน นิคมแอร์คอนแอนด์เซอร์วิส,+66 39 511 107,"7G3G+662, Tha Ruea Chang Alley, Bang Phra, Mueang Trat District, Trat 23000, Thailand",5,2,Open · Closes 5 PM,,
Trat,ตู้แช่ แอร์ ชั้นวาง ตราด - โกลด์แอร์โรว์ สาขาตราด Gold Arrow Product Trat,+66 98 292 9459,"7G36+858, Bang Phra, Mueang Trat District, Trat 23000, Thailand",5,1,Open · Closes 7 PM,,
Trat,Korn's Air Conditioner Mechanic,+66 80 153 9925,"145, 3, Tambon Nong Samet, เมือง, Trat 23000, Thailand",5,5,Open · Closes 7 PM,,
Trat,ร้าน เกียรติแอร์,+66 84 143 4181,"260 1, Nong Samet, Mueang Trat District, Trat 23000, Thailand",5,6,Open · Closes 6 PM,,
Trat,หงษ์ทรัพพย์ ไดนาโม แอร์,+66 94 707 9239,"138, 5, Nong Samet, เมือง, Trat 23000, Thailand",5,7,Open · Closes 5:30 PM,,
Trat,แฮปปี้เซอร์วิส ล้าง-ซ่อม-ติดตั้ง เครื่องซักผ้า แอร์ บริการถึงบ้านคุณ,+66 64 164 9465,"1, 16 บางพระ, Tambon Bang Phra, เมือง, Trat 23000, Thailand",5,3,Open · Closes 6 PM,,
Trat,"ช่างแอร์,ช่างไฟฟ้า,ช่างกล้องวงจรปิด จ.ตราด",+66 93 152 2896,"22/12 ม.2, เมือง, Trat, Thailand",5,3,Open 24 hours,,
Trat,Pichit Air,+66 94 195 6241,"7G45+79F, Wang Krachae, Mueang Trat District, Trat 23000, Thailand",4.7,34,Open now,,
Trat,ศูนย์บริการอิเล็กทรอนิกส์ สาขา ตราด,+66 83 074 4349,"325/3 ม.5 ถ.ตราด-แหลมงอบ, หนองเสม็ด Mueang Trat District, Trat 23000, Thailand",4.2,13,Open · Closes 6 PM,,
Trat,Easypowers,+66 86 464 2149,"134, Nong Khan Song, Mueang Trat District, Trat 23000, Thailand",4,2,Open · Closes 6 PM,,
Trat,พิทยาแอร์ ตราด,+66 91 175 0115,"162, 8, Wang Krachae, Mueang Trat District, Trat 23000, Thailand",3.7,3,Open · Closes 5:30 PM,,
Trat,ส.สนั่นแอร์ ติดตั้งแอร์รถยนต์,+66 90 769 7737,"Sukhumvit Rd, Wang Krachae, Mueang Trat District, Trat 23000, Thailand",3.3,3,Open · Closes 5 PM,,
Trat,หยกเจริญแอร์,+66 81 782 2971,"199, 28 ม.5, Wang Krachae, Mueang Trat District, Trat 23000, Thailand",,,,,
Trat,ตะกาง การช่าง,+66 92 502 6923,"92, 7, Takang, เมือง, Trat 23000, Thailand",,,Open · Closes 5 PM,,
Ubon Ratchathani,หยกเพชร อิเล็คทริคแอร์,+66 93 451 3742,"256 Sathonlamak Rd, Warin Chamrap, Warin Chamrap District, Ubon Ratchathani 34190, Thailand",5,4,Open · Closes 6 PM,,
Ubon Ratchathani,ร้านล้างแอร์ใกล้ฉัน ร้านแอร์อุบล คิวซีแอร์อิเล็กทรอนิกส์,+66 80 160 9833,"ปทุม, ห้องราชวัตร เลขที่ 399 หมู่ 12 บ้านชลประทาน ต.ปทุม อ.เมืองอุบล, เมือง, Ubon Ratchathani 34000, Thailand",5,1,Open · Closes 5 PM,,
Ubon Ratchathani,อาทรแอร์ เซอร์วิสอุบล,+66 91 078 9981,"466, 274 ซอยห้วยคุ้ม, Tambon Kham Yai, Mueang Ubon Ratchathani District, Ubon Ratchathani 34000, Thailand",5,12,Open · Closes 5 PM,,
Ubon Ratchathani,ร้านเติมมอเตอร์ แอร์,+66 83 664 7899,"231/1-4 Ubon-Trakarn Rd, Pathum, Mueang Ubon Ratchathani District, Ubon Ratchathani 34000, Thailand",5,39,Open · Closes 6 PM,,
Ubon Ratchathani,ธนกร แอร์เซอร์วิส อุบล,+66 81 175 9017,"วารินชำราบ, 94 หมู่ 6 ถนน จันทร์วีรศักดิ์, Tambon Warin Chamrap, Warin Chamrap District, Ubon Ratchathani 34190, Thailand",5,16,Open 24 hours,,
Ubon Ratchathani,ล้างแอร์ วาริน อุบล ใกล้ฉัน,+66 93 524 4757,"ถ. สถิตย์นิมานกาล, Tha Chang, Sawang Wirawong District, Ubon Ratchathani 34190, Thailand",5,1,Open 24 hours,,
Ubon Ratchathani,ฤทธิ์ติชัย แอร์เซอร์วิส..จำหน่ายแอร์อุบลวารินบริการติดตั้ง ล้าง ซ่อม,+66 98 190 6427,"วารินชำราบ, 48/26, Warin Chamrap District, Ubon Ratchathani 34310, Thailand",5,2,Open · Closes 6 PM,,
Ubon Ratchathani,บุญชัยเจริญแอร์เซอร์วิสวารินชำราบ,+66 62 781 6922,"366 หมู่ 10, Saen Suk, Warin Chamrap District, Ubon Ratchathani 34190, Thailand",5,2,Open 24 hours,,
Ubon Ratchathani,ร้านกรอิเล็คทรอนิกส์ แอร์เซอร์วิส,+66 82 147 6762,"260, That, Warin Chamrap District, Ubon Ratchathani 34190, Thailand",5,3,Open · Closes 6 PM,,
Ubon Ratchathani,ร้านชุติแอร์ เซอร์วิส,+66 93 682 4164,"109 ซอยเทคโน, Tambon Kham Yai, เมือง, Ubon Ratchathani 34000, Thailand",5,2,Open 24 hours,,
Ubon Ratchathani,ศุภกรแอร์แอนด์เซอร์วิส (แอร์อุบล),+66 61 864 4951,"ปทุม, 146 หมู่12 Somdet 3 Alley, Tambon Pathum, เมือง, Ubon Ratchathani 34000, Thailand",4.9,11,Open 24 hours,,
Ubon Ratchathani,สีลม วี-เทค แอร์และอะไหล่ อุบล,+66 84 722 6622,"2/4 ถนนประชาราษฎร์ สะพานกุดปลาขาว วารินชำราบ, Warin Chamrap District, Ubon Ratchathani 34190, Thailand",4.8,13,Open · Closes 5 PM,,
Ubon Ratchathani,เอ็มดี แอร์ วาริน,+66 81 876 5868,"199, 201 Kantharalak Rd, Tambon Warin Chamrap, Warin Chamrap District, Ubon Ratchathani 34190, Thailand",4.8,12,Open · Closes 5 PM,,
Ubon Ratchathani,นิวัติออโต้แอร์ จ.อุบลราชธานี,+66 97 998 5005,"นิวัติออโต้แอร์, 169 หมู่ 11, Non Phueng, Warin Chamrap District, Ubon Ratchathani 34190, Thailand",4.8,114,Open · Closes 5 PM,,
Ubon Ratchathani,อุบลวารินแอร์บ้าน,+66 86 718 8437,"13 หมู่2 ซอย แสนสุข, Tambon Saen Suk, Warin Chamrap District, Ubon Ratchathani 34190, Thailand",4.7,3,Open · Closes 8 PM,,
Ubon Ratchathani,ร้านแอร์บ้านก่อเจริญทรัพย์,+66 94 428 7422,"Thailand, Ubon Ratchathani, Warin Chamrap District, Saen Suk, 邮政编码: 34190",4.7,12,Open · Closes 6:09 PM,,
Ubon Ratchathani,บจก.เอซีอิเล็คทริคแอร์,+66 89 845 7477,"289/1 Srinarong, Mueang Ubon Ratchathani District, Ubon Ratchathani 34000, Thailand",4.6,10,Open · Closes 6 PM,,
Ubon Ratchathani,บ้านก่ออิเล็กทรอนิกส์แอร์เซอร์วิส,+66 82 729 4918,"Kantharalak Rd, Saen Suk, Warin Chamrap District, Ubon Ratchathani 34190, Thailand",4.5,16,Open · Closes 5 PM,,
Ubon Ratchathani,สากลแอร์ไฮเทคเช็นเตอร์ - Sakol Air,+66 45 241 683,"105/1-2 Chawalanai Rd, Mueang Ubon Ratchathani District, Ubon Ratchathani 34000, Thailand",4.4,21,Open · Closes 5:30 PM,,
Ubon Ratchathani,วัฒนาแอร์,+66 45 245 007,"6VJ4+J4F, 20 Phalochai Rd, Mueang Ubon Ratchathani District, Ubon Ratchathani 34000, Thailand",3.8,57,Open · Closes 5 PM,,
Udon Thani,แอร์บ้านธิชาอุดรธานี รับติดตั้งแอร์ ซ่อมแอร์ ล้างแอร์ รับติดกล้องวงจรปิด ซ่อมเซอร์วิส,+66 81 015 9839,"91, 1 หมากแข้ง, Tambon Ban Lueam, เมือง, Udon Thani 41000, Thailand",5,54,Open 24 hours,,
Udon Thani,SK air ล้างแอร์อุดร ติดตั้งแอร์อุดร,+66 90 931 4795,"37/7-8 ชั้น 3 Non Phibun Alley, Tambon Ban Lueam, เมือง, Udon Thani 41000, Thailand",5,28,Open · Closes 8 PM,,
Udon Thani,ช่างแอร์อุดรธานี รับล้างแอร์ ซ่อมแอร์ Mind AirService,+66 83 528 4975,"Soi Cherdsombat, Mak Khaeng Sub-district, Amphoe Mueang Udon Thani, Udon Thani 41000, Thailand",5,51,Open 24 hours,,
Udon Thani,Kp แอร์ & เซอร์วิส,+66 88 573 4774,"หมู่บ้านสุขเกษม, Nong Na Kham, Mueang Udon Thani District, Udon Thani 41000, Thailand",5,12,Open · Closes 6 PM,,
Udon Thani,บริษัท อุดรรุ่งกิจแอร์แคร์ แอนด์ เซอร์วิส,+66 64 894 6445,"Chiang Phin, Mueang Udon Thani District, Udon Thani 41000, Thailand",5,3,Open · Closes 5 PM,,
Udon Thani,บีทียูแอร์แอนด์เซอร์วิส,+66 91 864 9988,"Pracha Santi 3 Alley, Tambon Mak Khaeng, Mueang Udon Thani District, Udon Thani 41000, Thailand",5,1,Open · Closes 6 PM,,
Udon Thani,อีสานแอร์ อิเล็คทริค,+66 95 657 7414,"หนองบัว, 37/9 ต.หนองบัว อ.เมือง, เมือง, Udon Thani 41000, Thailand",5,4,Open · Closes 6 PM,,
Udon Thani,ร้านเซฟแอร์เซอร์วิส,+66 83 332 2318,"2024, Mu Mon, Mueang Udon Thani District, Udon Thani 41000, Thailand",5,1,Open · Closes 5:30 PM,,
Udon Thani,Pg แอร์ & เซอร์วิส,+66 65 347 5108,"4 หมู่ 14 บ้านพรสวรรค์, Tambon Nong Na Kham, เมือง, Udon Thani 41000, Thailand",5,2,Open · Closes 9:30 PM,,
Udon Thani,คมสันต์แอร์บ้าน อุดร,+66 98 234 7616,"24/10 หมู่1, เมือง, Udon Thani 41000, Thailand",5,4,Open 24 hours,,
Udon Thani,แอร์บ้านApiwat Electric,+66 89 051 7008,"185 หมู่ 15, สามพร้าว เมืองอุดร, Udon Thani 41000, Thailand",5,7,Open · Closes 5 PM,,
Udon Thani,คิงส์แอร์ดีเซอร์วิส ขายแอร์อุดร รับล้างแอร์ ซ่อมแอร์อุดรธานี,+66 98 665 8916,"154, 10 Churtsombat Rd, Tambon Mak Khaeng, Mueang Udon Thani District, Chang Wat Udon Thani 41000, Thailand",4.8,268,Open · Closes 5 PM,,
Udon Thani,เอ็ม.โอ.ออโต้แอร์,+66 62 616 6303,"115 ม.8 ซอยบ้าน, Dong Wat Alley, Mueang Udon Thani District, Udon Thani 41000, Thailand",4.8,26,Open · Closes 5:30 PM,,
Udon Thani,รุ่งเจริญแอร์บ้าน สาขาหนองนาคำ,+66 81 056 1234,"69 ม.1, Nong Na Kham, Mueang Udon Thani District, Udon Thani 41000, Thailand",4.8,4,Open 24 hours,,
Udon Thani,แอร์บ้าน อุดร แอร์บ้านราคาถูก แอร์ขายส่ง แอร์ขายปลีกพร้อมติดตั้ง,+66 86 458 3421,"186/3, Mak Khaeng Sub-district, เมือง, Udon Thani 41000, Thailand",4.7,16,Open · Closes 5:30 PM,,
Udon Thani,พีพีแอร์บ้านอุดร,+66 98 846 7098,"285 บ้านดงเค็ง, 1 ซอยศรีประจักษ์ 1, Tambon Ban Chan, Mueang Udon Thani District, Udon Thani 41000, Thailand",4.6,9,Open · Closes 6 PM,,
Udon Thani,"ร้านฉัตรมงคลแอร์บ้าน บริการย้าย,ซ่อม,ติดตั้งเครื่องปรับอากาศทุกชนิด",+66 80 744 8050,"125, 10 ม.4, Tambon Nong Bua, เมือง, Udon Thani 41000, Thailand",4.5,35,Open · Closes 5 PM,,
Udon Thani,แอร์บ้านอุดร บริการซ่อมแอร์ ล้างแอร์บ้านในอุดรธานี Home Air Conditioning Service In Udonthani),+66 61 802 3655,"122, 1 ถนน.อุดร-สกล, Nong Bua, อ.เมือง, Udon Thani 41000, Thailand",4.5,12,Open · Closes 6:30 PM,,
Udon Thani,อุดรแอร์บ้าน,+66 95 668 9896,"2, 5 Churtsombat Rd, Tambon Mak Khaeng, Mueang Udon Thani District, Udon Thani 41000, Thailand",3.7,3,Open · Closes 5 PM,,
Udon Thani,กันยง แอร์ แคร์ เซ็นเตอร์ สาขาอุดรธานี,+66 64 301 4403,"564, 2 Posri Rd, Mak Khaeng Sub-district, Mueang Udon Thani District, Udon Thani 41000, Thailand",2.8,5,Open · Closes 6 PM,,
Uthai Thani,ร้าน ทีเอ็นไล้น์ติ้ง แอร์เชอร์วิส,+66 83 447 6117,"75WM+CH8, Hang Nam Sakhon, Manorom District, Chai Nat 17170, Thailand",5,1,Open · Closes 6 PM,,
Uthai Thani,ร้านกาญจะนะชัยแอร์,+66 80 999 0802,"125 Si Phayuha Rd, Phayuha, Phayuha Khiri District, Nakhon Sawan 60130, Thailand",5,1,Open · Closes 5 PM,,
Uthai Thani,รัตนออโต้แอร์,+66 84 608 7284,"14 8, Uthai Mai, เมือง, Uthai Thani 61000, Thailand",5,2,Open · Closes 6 PM,,
Uthai Thani,จำหน่ายแอร์ กล้องวงจรปิด อะไหล่แอร์,+66 82 226 7538,"180, เมือง, Uthai Thani 61000, Thailand",5,2,Open · Closes 5 PM,,
Uthai Thani,หจก.สหรัฐแอร์เซลส์แอนด์เซอร์วิส,+66 81 888 2535,"40 Boriruk Rd, Uthai Mai, Amphoe Mueang Uthai Thani, Uthai Thani 61000, Thailand",5,2,Open · Closes 5 PM,,
Uthai Thani,ร้าน ช่างเอ้อุทัยแอร์,+66 89 481 6538,"20/2 Phra-Prang-Leuang Rd, Tha Nam Oi, Phayuha Khiri District, Nakhon Sawan 60130, Thailand",5,2,Open · Closes 5 PM,,
Uthai Thani,ร้านเทคนิคแอร์,+66 81 994 7639,"Don Khwang, Mueang Uthai Thani District, Uthai Thani 61000, Thailand",5,1,Open · Closes 5 PM,,
Uthai Thani,ร้านภูชัชแอร์,+66 84 495 9032,"100​ หมู่​ 1, Thap Than District, Uthai Thani 61120, Thailand",5,1,Open now,,
Uthai Thani,ร้านช่างเอ แอร์ ฟิล์ม ทัพทัน,+66 98 776 2693,"CWQF+HQM, Unnamed Road, Thung Na Thai, Thap Than District, Uthai Thani 61120, Thailand",5,6,Open · Closes 9 PM,,
Uthai Thani,ร้านอนันต์ แอร์ เซอร์วิส,+66 65 493 2978,"5, 85 ถนนรักการดี, Uthai Mai, อำเภอ เมืองอุทัยธานี, Uthai Thani 61000, Thailand",4.9,30,Open · Closes 5 PM,,
Uthai Thani,แชมป์แอร์ - จานดาวเทียม,+66 89 959 6458,"92QF+94V, Uthai Mai, Mueang Uthai Thani District, Uthai Thani 61000, Thailand",4.8,4,Open · Closes 7 PM,,
Uthai Thani,ร้านตุ้ม ไดนาโม-แอร์,+66 81 973 3920,"58, 58/3, Nam Suem, Mueang Uthai Thani District, Uthai Thani 61000, Thailand",4.7,30,Open · Closes 5 PM,,
Uthai Thani,ร้านสุวัฒน์แอร์&เซอร์วิส ต.เนินมะกอก อ.พยุหะคีรี จ.นครสวรรค์,+66 92 096 1095,"45 ม 6, Noen Makok, Phayuha Khiri District, Nakhon Sawan 60130, Thailand",4.3,17,Open · Closes 5 PM,,
Uthai Thani,สมชายแอร์,+66 84 491 6606,"80, Phayuha, Phayuha Khiri District, Nakhon Sawan 60130, Thailand",4.3,16,Open · Closes 5 PM,,
Uthai Thani,Uthai Auto Air And Sound,+66 56 512 317,"26, 22 ถนน รักกันดี, Uthai Mai, Mueang Uthai Thani District, Uthai Thani 61000, Thailand",4.3,19,Open · Closes 5 PM,,
Uthai Thani,ช.อุทัยเอ็นจิเนียริ่ง,+66 56 525 051,"119 ถนน Toep Siri, Uthai Mai, Mueang Uthai Thani District, Uthai Thani 61000, Thailand",4,5,,,
Uthai Thani,ร้านพรศาล ไดนาโมแอร์อุทัยธานี,+66 85 728 5354,"8, 28 3, Uthai Mai, Mueang Uthai Thani District, Uthai Thani 61000, Thailand",3.9,7,Open · Closes 5 PM,,
Uthai Thani,DD แอร์ เซอร์วิส,+66 82 565 6658,"92FH+WF4, Wong Sarot, Uthai Mai, Mueang Uthai Thani District, Uthai Thani 61000, Thailand",3,2,Open · Closes 6 PM,,
Uthai Thani,เซ็นเตอร์ แอร์ เซอร์วิส,+66 56 525 051,"119 Toep Siri, Uthai Mai, Mueang Uthai Thani District, Uthai Thani 61000, Thailand",1.7,3,Open · Closes 6 PM,,
Uttaradit,ล้างแอร์-ซ่อมแอร์ เมืองอุตรดิตถ์และใกล้เคียง PM Air,+66 94 476 3222,"43, เมือง, Uttaradit 53000, Thailand",5,12,,,
Uttaradit,ร้านช่างหมูแอร์บ้าน,+66 98 456 4528,"145, Tha Sao, Mueang Uttaradit District, Uttaradit 53000, Thailand",5,2,Open · Closes 6 PM,,
Uttaradit,ร้านณรงค์แอร์,+66 83 814 5981,"Unnamed Road, Phai Lom, Laplae District, Uttaradit 53210, Thailand",5,3,Open · Closes 6 PM,,
Uttaradit,สมจิตรออโต้แอร์ (ซอยประภัสสร),+66 82 039 9460,"2, Tha Sao, Mueang Uttaradit District, Uttaradit 53000, Thailand",5,4,Open · Closes 5 PM,,
Uttaradit,ร้านออยแอร์,+66 81 036 2028,"เลขที่ 2, 1, Ngio Ngam, Mueang Uttaradit District, Uttaradit 53000, Thailand",5,2,Open · Closes 5 PM,,
Uttaradit,ร้านอุดมแอร์แอนด์เซอร์วิส,+66 81 324 6932,"122 Injaimee Rd, Tha It, Mueang Uttaradit District, Uttaradit 53000, Thailand",4.8,6,Open · Closes 5 PM,,
Uttaradit,ร้านช่างหมูแอร์ อุตรดิตถ์(แยกป่าขนุน),+66 85 638 5830,"79, Ban Khung Taphao, เมือง, Uttaradit 53000, Thailand",4.8,26,Open · Closes 6 PM,,
Uttaradit,ไมค์แอร์,+66 89 907 5954,"ร้านไมค์เเอร์, Ban Ko, Mueang Uttaradit District, Uttaradit 53000, Thailand",4.6,11,Open · Closes 5 PM,,
Uttaradit,ร้านเจ้หญิง แอร์,+66 85 050 4146,"229, Ban Khung Taphao, อ.เมือง, Uttaradit 53000, Thailand",4.5,11,Open · Closes 5:30 PM,,
Uttaradit,สุนทรเทรดดิ้ง แอร์บ้าน แอร์สำนักงาน,+66 55 411 138,"15/6-7 Samranruen Rd, Tha It, Mueang Uttaradit District, Uttaradit 53000, Thailand",4.5,4,Open · Closes 5:30 PM,,
Uttaradit,ต้นเจริญแอร์,+66 82 919 8888,"2, 2-3 ถนนพาดวารี, Tha It, อ.เมือง, Uttaradit 53000, Thailand",4.4,29,Open · Closes 5 PM,,
Uttaradit,ยงยุทธแอร์ โดยนางสมจิตต์ แสงพานิช,+66 85 541 1584,"119 Charoentham Rd, อำเภอเมืองฯ(อุตรดิตถ์) Amphoe Mueang Uttaradit, Uttaradit 53000, Thailand",4.4,9,,,
Uttaradit,ร้านพูนทรัพย์แอร์อุตรดิตถ์,+66 89 267 1152,"J36R+G34, Tha It, Mueang Uttaradit District, Uttaradit 53000, Thailand",4.4,8,Open now,,
Uttaradit,ร้านออมเเอร์,+66 87 849 3618,"113, 5, Ban Ko, Mueang Uttaradit District, Chang Wat Uttaradit 53000, Thailand",4,1,Open · Closes 8:30 PM,,
Uttaradit,KVT ซัพพลาย,+66 83 265 9736,"หมู่บ้านบัวหลวง, Tambon Tha Sao, เมือง, Uttaradit 53000, Thailand",4,1,Open · Closes 6 PM,,
Uttaradit,ร้าน ต.แอร์เซอร์วิส,+66 91 290 2208,"H5V8+H6, Pa Sao, Mueang Uttaradit District, Uttaradit 53000, Thailand",4,1,Open · Closes 5:30 PM,,
Uttaradit,เย็นเย็นแอร์เซอร์วิส,+66 92 516 4148,"282, 21 Injaimee Rd, Tambon Tha It, เมือง, Uttaradit 53000, Thailand",1,1,Open · Closes 6 PM,,
Uttaradit,ร้านส.สุรินทร์รุ่งเรืองแอร์,+66 80 902 4425,"35บ้าน Soi Tha Thong, ต.วังกะพี้ิ อ.เมือง, Uttaradit 53170, Thailand",,,Open · Closes 5 PM,,
Uttaradit,ร้านแอร์ดี แอนด์เซอร์วิส,+66 84 205 3077,"J37W+VF2, Charoentham Rd, Tha It, Mueang Uttaradit District, Uttaradit 53000, Thailand",,,Open · Closes 5 PM,,
Yala,ร้านแอร์ยะลา เดอะลีเจ้นท์,+66 83 903 7035,"ตือเบาะ, ซอยแยนาบริหาร, Tambon Sateng, Mueang Yala District, Yala 95000, Thailand",5,8,Open 24 hours,,
Yala,ร้าน ธีระออโต้แอร์-ไฟฟ้า,+66 73 214 101,"52 Chaicharat Rd, Tambon Sateng, Mueang Yala District, Yala 95000, Thailand",5,1,Open · Closes 7:15 PM,,
Yala,ร้านยะลาแอร์ YALA AIR,+66 80 546 7636,"257, 32 Sukhayang Rd, Tambon Sateng, Mueang Yala District, Yala 95000, Thailand",5,7,Open · Closes 5 PM,,
Yala,ตู่ 108 air ยะลา,+66 95 040 3997,"15 ซ, 4 ถ.เทศบาล1, Tambon Sateng, เมือง, Yala 95000, Thailand",5,1,Open now,,
Yala,ช่างแอร์ยะลา,+66 80 615 2941,"54, 172, Sateng Nok, Mueang Yala District, Yala 95000, Thailand",5,1,Open · Closes 5 PM,,
Yala,ร้านแอร์เซอร์วิสยะลา,+66 95 315 2619,"Tambon Sateng, Amphoe Mueang Yala, Chang Wat Yala 95000, Thailand",5,1,Closed · Opens 8 AM Sat,,
Yala,ร้าน Slow Service Air ช่างแอร์ยะลา,+66 65 482 5855,"18 ซ. แสนสุข, Sateng, เมือง, Yala 95009, Thailand",5,3,Closed · Opens 8:30 AM Sat,,
Yala,เกรียงไกร แอร์,+66 81 990 3221,"H72F+962, 409, Sateng, Mueang Yala District, Yala 95000, Thailand",5,1,Open · Closes 6 PM,,
Yala,ยศวินแอร์เซอร์วิส,+66 88 264 3528,"51 ถนน ผังเมือง 4 ซอย 24, Sateng, Mueang Yala District, Yala 95000, Thailand",5,3,Open · Closes 5 PM,,
Yala,ปิ่นแก้วแอร์เซอร์วิส,+66 73 222 043,"990 ถนน ผังเมือง 4, Tambon Sateng, Mueang Yala District, Yala 95000, Thailand",4.8,11,Open · Closes 6 PM,,
Yala,Prajuab Air,+66 73 212 684,"144, 73 ถนนผังเมือง 4 ซอย 12, Tambon Sateng, Mueang Yala District, Yala 95000, Thailand",4.8,4,Closed · Opens 1 PM,,
Yala,ร้านปัญญาแอร์ยะลา,+66 73 214 360,"H72H+9W9, 239 Siroros Rd, Tambon Sateng, Mueang Yala District, Yala 95000, Thailand",4.7,23,Open · Closes 5:30 PM,,
Yala,ร้าน ลุตฟี แอร์เซอร์วิส​ ช่างแอร์​ยะลา,+66 89 975 4151,"243, 101 ม.12, Tambon Sateng, Mueang Yala District, Yala 95000, Thailand",4.7,3,Closed · Opens 8 AM Sat,,
Yala,ร้านเชตเตอร์แอร์ ยะลา,+66 81 133 4014,"79/4 ถนน มุสลิมบำรุง, Tambon Sateng, เมือง, Yala 95000, Thailand",4.6,5,Closed · Opens 9 AM Sat,,
Yala,ร้าน เอ เอ แอร์ ห้าแยก ยะลา,+66 89 466 8142,"48 ถนน ผังเมือง 2, Tambon Sateng, Mueang Yala District, Yala 95000, Thailand",4.6,8,Closed · Opens 8:30 AM Sat,,
Yala,รุจดีแอร์,+66 85 722 2488,"F9CV+6QJ, 4066, Kayuboko, Raman District, Yala 95140, Thailand",4.6,13,Closed · Opens 9 AM Sat,,
Yala,ร้านสันติแอร์ จ.ยะลา,+66 88 505 3144,"33 Siroros Rd, Tambon Sateng, Mueang Yala District, Yala 95000, Thailand",4.3,26,Open · Closes 5 PM,,
Yala,ร้าน บ้านแอร์,+66 81 599 7595,"G7PP+9P9, ถนน ผังเมือง 4, Tambon Sateng, Mueang Yala District, Yala 95000, Thailand",3,1,Open · Closes 5:30 PM,,
Yala,ร้าน คเชนทร์แอร์ แอนด์ เซอร์วิส,+66 80 705 6407,"ค่ายสิรินธร, Tambon Khao Tum, Yarang District, Pattani 94160, Thailand",,,Open · Closes 7 PM,,
Yala,255 แอร์,+66 73 255 255,"427/1 Siroros Rd, Sateng, Mueang Yala District, Yala 95000, Thailand",,,Open · Closes 5 PM,,
Yasothon,ร้านศักดิ์สิทธิ์แอร์ & เซอร์วิส,+66 82 912 0053,"408 Wittayathamrong Rd, Nai Mueang, Mueang Yasothon District, Yasothon 35000, Thailand",5,18,Open · Closes 6 PM,,
Yasothon,ไดนาโม​​ ปริ​วัฒน์​มอเตอร์​ แอร์บ้าน แอร์รถยนต์ จานดาวเทียม ตู้เย็น ตู้แช่ เครื่องซักผ้า,+66 87 869 2107,"202, Pho Yai, Phanom Phrai District, Roi Et 45140, Thailand",5,6,Open · Closes 5:30 PM,,
Yasothon,Chatchai Car Care Shop,+66 45 714 343,"254, Chaeng Sanit Road, Tambon Khueang Kham, Amphur Muang, เขื่องคำ, เมือง, Yasothon 35000, Thailand",5,40,Open · Closes 5:30 PM,,
Yasothon,Formula ยโสธร,+66 94 542 6197,"352/4-5 Wittayathamrong Rd, Nai Mueang, Mueang Yasothon District, Yasothon 35000, Thailand",5,2,Open · Closes 5 PM,,
Yasothon,ร้านวัฒนาเซอร์วิสแอร์,+66 84 157 2386,"176 หมู่ 6 บ้านห้องพอก, Tambon Nam Kham Yai, Mueang Yasothon District, Yasothon 35000, Thailand",5,2,Open · Closes 9:30 PM,,
Yasothon,สยามชัยเซอร์วิส สาขายโสธร,+66 61 401 3394,"534, 1 Chaeng Sanit Rd, ในเมือง เมือง, Yasothon 35000, Thailand",4.8,72,Open · Closes 7 PM,,
Yasothon,ธีธัชแอร์,+66 87 648 8876,"452/4-6 Soi Chaeng Sanit, ในเมือง, Mueang Yasothon District, Yasothon 35000, Thailand",4.6,8,Open · Closes 5:30 PM,,
Yasothon,ร้านเปี๊ยกบริการ แอร์ ไดนาโม เดินสายไฟรถยนต์,+66 89 280 1581,"Q385+WJF, Unnamed Road, Kut Nam Sai, Phanom Phrai District, Roi Et 45140, Thailand",4.5,11,Open now,,
Yasothon,Singer (Thailand) Company Limited,+66 89 580 8792,"225, 227 Chaeng Sanit Rd, Nai Mueang, Mueang Yasothon District, Yasothon 35000, Thailand",2.7,3,Open · Closes 5 PM,,
Yasothon,ดีอาร์โปร์ดักท์ ยโสธร,+66 88 686 5353,"470-471, Mueang Yasothon District, Yasothon 35000, Thailand",,,Open · Closes 5 PM,,
Yasothon,ร้านบอนนี่แอร์ยโสธร,+66 87 858 4262,"เลขที่ 154 Si Sunthon, Nai Mueang, Mueang Yasothon District, Chang Wat Yasothon 35000, Thailand",,,Open · Closes 5 PM,,
Yasothon,ร้านช่างวุฒิแอร์บ้านเชอร์วิส,+66 98 460 4955,"249, 29 U-Thai Ramrit Rd, Nai Mueang, Mueang Yasothon District, Yasothon 35000, Thailand",,,,,
Yasothon,คลินิกแอร์ยโสธร ซ่อม ติดตั้ง จำหน่ายแอร์บ้าน,+66 94 424 7014,"บ้านกว้าง 44 ม.13, เมือง, Yasothon 35000, Thailand",,,Open · Closes 5 PM,,
Yasothon,ติดตั้งแอร์,+66 61 413 0136,"หมู่ที่ 3, 364, Tat Thong, Mueang Yasothon District, Yasothon 35000, Thailand",,,Open · Closes 7 PM,,
Yasothon,สิงหา. แอร์ ดาวเทียม,+66 98 585 6455,"201หมู่10บ้าน กิโล3, Tat Thong, อำเมือง, Yasothon 35000, Thailand",,,Open · Closes 6 PM,,
Yasothon,ร้านนพนันท์แอร์ ( ช่างป๊อบ ),+66 87 408 3224,"60ม.3, Tat Thong, Mueang Yasothon District, Yasothon 35000, Thailand",,,Open · Closes 5 PM,,
Yasothon,รับติดตั้งแอร์,+66 98 585 6455,"201, Tat Thong, เมือง, Yasothon 35000, Thailand",,,,,